id,product-name,console-name,price-in-pennies,include-string,condition-string,sku,notes,cost-basis-in-pennies,quantity,date-entered,date-purchased,grading-company,grading-cert-id,folder
9200456,John Randle #63,Football Cards 2024 Topps Resurgence,71,Ungraded,Normal wear,,,0,1,2025-10-02,,,,
8770701,Anthony Black #60,Basketball Cards 2024 Panini Donruss,100,Ungraded,Normal wear,,,0,1,2025-10-08,,,,
9951639,Tim Duncan #291,Basketball Cards 2024 Panini Mosaic,138,Ungraded,Normal wear,,,0,1,2025-10-03,,,,
10266435,Monkey.D.Garp OP12-056,One Piece Legacy of the Master,194,Ungraded,Normal wear,,,0,1,2026-03-02,,,,
8532077,Jalen Duren #20,Basketball Cards 2024 Panini Prizm,100,Ungraded,Normal wear,,,0,1,2025-08-30,,,,
9859059,Tabatha Ricci #AAG-12,Ufc Cards 2025 Topps Chrome UFC Allen & Ginter,180,Ungraded,Normal wear,,,0,1,2025-10-07,,,,
1937481,Nolan Ryan #530,Baseball Cards 1989 Topps,156,Ungraded,Normal wear,,,3,1,2026-01-16,2026-01-16,,,
9090651,Deandre Ayton [Red Wave] #4,Basketball Cards 2024 Panini Prizm Monopoly,33,Ungraded,Normal wear,,,0,1,2025-11-27,,,,
9936455,Robert Williams III #58,Basketball Cards 2024 Panini Mosaic,100,Ungraded,Normal wear,,,0,1,2025-10-02,,,,
8533208,Derrick Jones Jr. [Red Ice] #34,Basketball Cards 2024 Panini Prizm,150,Ungraded,Normal wear,,,0,1,2025-08-30,,,,
9758589,Javonte Williams #29,Football Cards 2024 Panini Contenders,25,Ungraded,Normal wear,,,0,1,2025-10-07,,,,
8551562,Steve Nash [Red Ice] #298,Basketball Cards 2024 Panini Prizm,123,Ungraded,Normal wear,,,0,1,2025-10-02,,,,
10266409,Demon Aura Nine Sword Style Asura Blades Drawn Dead Man's Game OP12-037,One Piece Legacy of the Master,300,Ungraded,Normal wear,,,0,1,2026-03-02,,,,
9261486,Darius Garland #60,Basketball Cards 2024 Panini Revolution,79,Ungraded,Normal wear,,,0,1,2025-10-02,,,,
10019242,Shohei Ohtani #PP-25,Baseball Cards 2025 Topps Chrome Power Players,1949,Ungraded,Normal wear,,,0,1,2025-08-09,,,,
11138065,Tyler Nubin #63,Football Cards 2025 Panini Phoenix,161,Ungraded,Normal wear,,,0,1,2026-03-05,,,,2025 Panini Phoenix
7362408,Henry To'oTo'o #39,Football Cards 2023 Panini Select,111,Ungraded,Normal wear,,,0,1,2025-10-02,,,,
10004561,Aaron Judge [Topps Logo] #99,Baseball Cards 2025 Topps Chrome,6300,PSA 10,Normal wear,,,0,1,2025-10-07,,,,
9100429,Bralen Trice #162,Football Cards 2024 Panini Phoenix,19,Ungraded,Normal wear,,,0,1,2025-10-02,,,,
9264209,Reed Sheppard #145,Basketball Cards 2024 Panini Revolution,134,Ungraded,Normal wear,,,0,1,2026-02-21,2026-02-21,,,
8534578,Donte DiVincenzo [Red Ice] #51,Basketball Cards 2024 Panini Prizm,129,Ungraded,Normal wear,,,0,1,2025-10-02,,,,
9492220,Drew Brees #35,Football Cards 2024 Topps Signature Class,41,Ungraded,Normal wear,,,0,1,2025-10-07,,,,
4514366,Beneil Dariush #22,Ufc Cards 2022 Panini Donruss Optic UFC,100,Ungraded,Normal wear,,,0,1,2025-10-02,,,,
8558169,Alexandre Sarr #264,Basketball Cards 2024 Panini Prizm,121,Ungraded,Normal wear,,,0,1,2025-10-02,,,,
8530873,Deandre Ayton #5,Basketball Cards 2024 Panini Prizm,89,Ungraded,Normal wear,,,0,1,2025-10-08,,,,
8552536,Kawhi Leonard #189,Basketball Cards 2024 Panini Prizm,159,Ungraded,Normal wear,,,0,1,2025-10-02,,,,
10818553,Ausar Thompson #44,Basketball Cards 2025 Topps,109,Ungraded,Normal wear,,,0,1,2026-03-10,,,,2025 - 26 TOPPS Flagship Basketball
3134271,Mitch Marner #694,Hockey Cards 2020 Upper Deck,115,Ungraded,Normal wear,,,0,1,2025-10-08,,,,
9947970,Nikola Topic #242,Basketball Cards 2024 Panini Mosaic,94,Ungraded,Normal wear,,,0,1,2025-10-02,,,,
3134189,Colton Sceviour #612,Hockey Cards 2020 Upper Deck,120,Ungraded,Normal wear,,,0,1,2025-10-08,,,,
11634360,Machvise OP14-073,One Piece Azure Sea's Seven,4,Ungraded,Normal wear,,,0,1,2026-02-14,,,,
9759608,Breece Hall #76,Football Cards 2024 Panini Contenders,36,Ungraded,Normal wear,,,0,1,2025-10-07,,,,
1867591,Luis Tiant #167,Baseball Cards 1974 Topps,899000,PSA 10,Normal wear,,,0,10,2025-12-25,,,,
8541413,Nikola Jokic #129,Basketball Cards 2024 Panini Prizm,149,Ungraded,Normal wear,,,0,1,2025-08-31,,,,
8319782,Arike Ogunbowale #WNBA14,Basketball Cards 2024 Panini Prizm Monopoly WNBA Insert,153,Ungraded,Normal wear,,,0,1,2025-10-02,,,,
77016,Michael Jordan #200,Basketball Cards 1989 Hoops,598,Ungraded,Normal wear,,,1600,1,2026-01-08,,,,
9744526,Sanji [Alternate Art] OP11-051,One Piece Fist of Divine Speed,899,Ungraded,Normal wear,,,0,1,2026-01-09,,,,
1919827,Tony Gwynn #10,Baseball Cards 1986 Topps,163,Ungraded,Normal wear,,,0,1,2025-12-17,,,,
10215668,Devon Toews #534,Hockey Cards 2020 Upper Deck Extended Series,189,Ungraded,Normal wear,,,0,1,2025-10-04,,,,
10084628,Tidjane Salaun [Mosaic] #268,Basketball Cards 2024 Panini Mosaic,111,Ungraded,Normal wear,,,0,1,2025-12-25,,,,
10266415,Luffy Is the Man Who Will Become the King of Pirates!!! OP12-039,One Piece Legacy of the Master,43,Ungraded,Normal wear,,,0,1,2026-03-02,,,,
8531929,Andre Drummond [Orange Ice] #18,Basketball Cards 2024 Panini Prizm,150,Ungraded,Normal wear,,,0,1,2025-10-03,,,,
9390469,Raul Asencio #186,Soccer Cards 2024 Topps Chrome UEFA,182,Ungraded,Normal wear,,,0,1,2025-10-02,,,,
1937338,John Smoltz #382,Baseball Cards 1989 Topps,155,Ungraded,Normal wear,,,0,1,2025-11-02,,,,
7352249,De'Von Achane #63,Football Cards 2023 Panini Select,149,Ungraded,Normal wear,,,0,1,2025-10-02,,,,
9960656,LeBron James #2,Basketball Cards 2024 Panini Mosaic Epic Performers,211,Ungraded,Normal wear,,,0,1,2025-10-03,,,,
10005294,Tyler Stephenson #112,Baseball Cards 2025 Topps Chrome,97,Ungraded,Normal wear,,,0,1,2025-08-09,,,,
10973248,Jihaad Campbell [Mosaic Reactive Yellow] #341,Football Cards 2025 Panini Mosaic,200,Ungraded,Normal wear,,,0,1,2026-03-05,,,,
8550368,Charles Barkley #280,Basketball Cards 2024 Panini Prizm,162,Ungraded,Normal wear,,,0,1,2025-10-02,,,,
10084639,Anthony Edwards [Mosaic] #279,Basketball Cards 2024 Panini Mosaic,143,Ungraded,Normal wear,,,3,1,2026-01-16,,,,
9102672,Jeremiah Trotter Jr. #200,Football Cards 2024 Panini Phoenix,131,Ungraded,Normal wear,,,0,1,2025-10-02,,,,
8554480,Harrison Ingram #254,Basketball Cards 2024 Panini Prizm,170,Ungraded,Normal wear,,,0,1,2025-10-02,,,,
11012117,Sabo OP13-120,One Piece Carrying on His Will,660,Ungraded,Normal wear,,,0,1,2025-11-22,,,,
8531596,Rui Hachimura #14,Basketball Cards 2024 Panini Prizm,99,Ungraded,Normal wear,,,0,1,2025-08-30,,,,
3134215,Brandon Sutter #638,Hockey Cards 2020 Upper Deck,1,Ungraded,Normal wear,,,0,1,2025-10-08,,,,
8549386,Ron Holland II [Red Ice] #269,Basketball Cards 2024 Panini Prizm,171,Ungraded,Normal wear,,,0,1,2025-10-02,,,,
8543338,Darius Garland [Fast Break Red] #146,Basketball Cards 2024 Panini Prizm,181,Ungraded,Normal wear,,,0,1,2025-10-02,,,,
10732919,Jaylin Lane #335,Football Cards 2025 Panini Donruss,99,Ungraded,Normal wear,,,0,1,2025-11-21,,,,
8538537,Anthony Edwards #100,Basketball Cards 2024 Panini Prizm,152,Ungraded,Normal wear,,,0,1,2025-08-31,,,,
5868825,Jocelyn Willoughby #49,Basketball Cards 2023 Panini Prizm WNBA,6,Ungraded,Normal wear,,,0,1,2025-10-04,,,,
9760079,Austin Ekeler #98,Football Cards 2024 Panini Contenders,169,Ungraded,Normal wear,,,0,1,2025-10-07,,,,
11012080,St. Marcus Mars [Alternate Art] OP13-091,One Piece Carrying on His Will,2250,Ungraded,Normal wear,,,0,1,2025-11-22,,,,
3134211,Jay Beagle #634,Hockey Cards 2020 Upper Deck,1,Ungraded,Normal wear,,,0,1,2025-10-08,,,,
9264504,Pacome Dadiet [Groove] #143,Basketball Cards 2024 Panini Revolution,125,Ungraded,Normal wear,,,0,1,2025-08-13,,,,
6915503,Chase Elliott #18,Racing Cards 2024 Donruss NASCAR Dominators,99,Ungraded,Normal wear,,,0,1,2026-03-06,2026-03-06,,,2024 DonRuss Racing NASCAR
6076697,Vladislav Namestnikov #546,Hockey Cards 2020 Upper Deck Extended Series,150,Ungraded,Normal wear,,,0,1,2025-10-04,,,,
8881837,Justin Dowling #542,Hockey Cards 2020 Upper Deck Extended Series,110,Ungraded,Normal wear,,,0,1,2025-10-04,,,,
9855118,Toshiomi Kazama #150,Ufc Cards 2025 Topps Chrome UFC,239,Ungraded,Normal wear,,,0,1,2025-10-07,,,,
10229474,Connor Zilisch #19,Racing Cards 2025 Panini Donruss NASCAR Unleashed,162,Ungraded,Normal wear,,,0,1,2025-10-07,,,,
6076693,Jack Studnicka #511,Hockey Cards 2020 Upper Deck Extended Series,182,Ungraded,Normal wear,,,0,1,2025-10-04,,,,
10229909,Jeff Gordon #17,Racing Cards 2025 Panini Donruss NASCAR Spellbound,125,Ungraded,Normal wear,,,0,1,2025-10-07,,,,
10734946,Tyler Loop [Red Pandora Optic Preview] #382,Football Cards 2025 Panini Donruss,163,Ungraded,Normal wear,,,0,1,2025-11-22,,,,
9549445,Jakob Pelletier #517,Hockey Cards 2024 Upper Deck,199,Ungraded,Normal wear,,,0,1,2025-10-02,,,,
8773556,Devin Booker #115,Basketball Cards 2024 Panini Donruss,99,Ungraded,Normal wear,,,0,1,2025-10-08,,,,
1103579,Joe Montana #1,Football Cards 1990 Panini Score,104,Ungraded,Normal wear,,,0,1,2026-01-06,,,,ACoolAUCTION - $7 Lot of Football
6177550,Oakland Athletics Checklist #327,Baseball Cards 1994 Score,149,Ungraded,Normal wear,,,0,1,2026-03-08,,,,
636020,Lawrence Taylor #356,Football Cards 1991 Pacific,99,Ungraded,Normal wear,,,0,1,2026-01-09,,,,ACoolAUCTION - $7 Lot of Football
8771795,Luka Doncic #82,Basketball Cards 2024 Panini Donruss,140,Ungraded,Normal wear,,,0,1,2025-10-08,,,,
8543393,Ausar Thompson #147,Basketball Cards 2024 Panini Prizm,131,Ungraded,Normal wear,,,0,1,2025-10-02,,,,
9942006,Norman Powell #147,Basketball Cards 2024 Panini Mosaic,112,Ungraded,Normal wear,,,0,1,2025-10-02,,,,
3311615,Ilya Sorokin #RC-32,Hockey Cards 2020 Upper Deck Rookie Class Se,102,Ungraded,Normal wear,,,0,1,2025-10-04,,,,
7603260,Franz Wagner #85,Basketball Cards 2023 Panini Hoops Premium Stock,100,Ungraded,Normal wear,,,0,1,2025-10-08,,,,
637140,Dennis Byrd #659,Football Cards 1991 Score,142,Ungraded,Normal wear,,,0,1,2026-03-08,,,,
9759353,Aaron Jones #64,Football Cards 2024 Panini Contenders,117,Ungraded,Normal wear,,,0,1,2025-10-07,,,,
639105,Art Monk,Football Cards 1991 Stadium Club Members Only,66,Ungraded,Normal wear,,,0,1,2026-03-08,,,,
7358366,Zaire Franklin #203,Football Cards 2023 Panini Select,199,Ungraded,Normal wear,,,0,1,2025-10-02,,,,
10871112,John Franco #290,Baseball Cards 1996 Score,145,Ungraded,Normal wear,,,0,1,2026-03-05,,,,
6578701,Dracule Mihawk ST12-003,One Piece Starter Deck 12,469,Ungraded,Normal wear,,,0,1,2026-03-02,,,,
10819049,Donovan Clingan #126,Basketball Cards 2025 Topps,50,Ungraded,Normal wear,,,0,1,2026-03-10,,,,2025 - 26 TOPPS Flagship Basketball
8705044,Jack Thompson #468,Hockey Cards 2024 Upper Deck,146,Ungraded,Normal wear,,,0,1,2025-10-04,,,,
10732986,Jarquez Hunter #352,Football Cards 2025 Panini Donruss,26,Ungraded,Normal wear,,,0,1,2025-11-21,,,,
8542180,Taurean Prince #136,Basketball Cards 2024 Panini Prizm,99,Ungraded,Normal wear,,,0,1,2025-08-31,,,,
9945810,Cam Christie #211,Basketball Cards 2024 Panini Mosaic,275,Ungraded,Normal wear,,,0,1,2025-10-02,,,,
8563480,Jake McCarthy #243,Baseball Cards 2025 Topps,129,Ungraded,Normal wear,,,0,1,2025-10-14,,,,
2034968,Derek Jeter #478,Baseball Cards 2000 Topps Chrome,255,Ungraded,Normal wear,,,0,1,2025-12-01,,,,
1946970,Randy Johnson #700,Baseball Cards 1991 Score,151,Ungraded,Normal wear,,,0,1,2025-12-01,,,,
8534325,Jordan Hawkins #48,Basketball Cards 2024 Panini Prizm,99,Ungraded,Normal wear,,,0,1,2025-08-31,,,,
9758940,Travis Etienne Jr. #47,Football Cards 2024 Panini Contenders,99,Ungraded,Normal wear,,,0,1,2025-10-07,,,,
9639491,Cam Spencer #130,Basketball Cards 2024 Topps Chrome,139,Ungraded,Normal wear,,,0,1,2025-10-07,,,,
6415283,Lauri Markkanen #85,Basketball Cards 2023 Panini Prizm Monopoly,99,Ungraded,Normal wear,,,0,1,2025-10-04,,,,
1941945,Curt Schilling #581,Baseball Cards 1990 Score,149,Ungraded,Normal wear,,,0,1,2025-11-12,,,,
4514380,Marvin Vettori #36,Ufc Cards 2022 Panini Donruss Optic UFC,140,Ungraded,Normal wear,,,0,1,2025-10-02,,,,
1902894,Frank Viola #710,Baseball Cards 1985 Topps,137,Ungraded,Normal wear,,,0,1,2025-11-02,,,,
10973724,DJ Giddens #350,Football Cards 2025 Panini Mosaic,87,Ungraded,Normal wear,,,0,1,2026-03-05,,,,
9262114,Nikola Jokic #76,Basketball Cards 2024 Panini Revolution,153,Ungraded,Normal wear,,,0,1,2025-10-02,,,,
10740194,Omarion Hampton #WHR-OMH,Football Cards 2025 Panini Donruss White Hot Rookies,127,Ungraded,Normal wear,,,0,1,2025-11-22,,,,
8318270,Katie Lou Samuelson #35,Basketball Cards 2024 Panini Prizm Monopoly WNBA,140,Ungraded,Normal wear,,,0,1,2025-10-02,,,,
8320066,Dearica Hamby [Gold] #WNBA23,Basketball Cards 2024 Panini Prizm Monopoly WNBA Insert,500,Ungraded,Normal wear,,,0,1,2025-08-09,,,,
8777996,Mikal Bridges #199,Basketball Cards 2024 Panini Donruss,99,Ungraded,Normal wear,,,0,1,2025-10-08,,,,
8769358,Alex Caruso #35,Basketball Cards 2024 Panini Donruss,106,Ungraded,Normal wear,,,0,1,2025-10-08,,,,
8317353,Nika Muhl [Dice] #4,Basketball Cards 2024 Panini Prizm Monopoly WNBA,401,Ungraded,Normal wear,,,0,1,2025-08-09,,,,
9765046,Dallas Turner / Laiatu Latu #5,Football Cards 2024 Panini Contenders Round Numbers,112,Ungraded,Normal wear,,,0,1,2025-10-07,,,,
8772061,Malaki Branham #87,Basketball Cards 2024 Panini Donruss,99,Ungraded,Normal wear,,,0,1,2025-10-08,,,,
9508176,CJ Stroud [Gold] #SC-2,Football Cards 2024 Topps Signature Class Star Cast,2149,Ungraded,Normal wear,,,0,1,2025-10-07,,,,
10197283,Bol Bol #188,Basketball Cards 2024 Panini Donruss Optic,6,Ungraded,Normal wear,,,0,1,2025-10-08,,,,
9941131,Payton Pritchard #137,Basketball Cards 2024 Panini Mosaic,119,Ungraded,Normal wear,,,0,1,2025-10-02,,,,
8560430,Ja Morant #15,Basketball Cards 2024 Panini Prizm Dominance,128,Ungraded,Normal wear,,,0,1,2025-08-31,,,,
8783739,Dalton Knecht #3,Basketball Cards 2024 Panini Donruss Great X-Pectations,100,Ungraded,Normal wear,,,0,1,2025-10-08,,,,
8319577,DeWanna Bonner #WNBA7,Basketball Cards 2024 Panini Prizm Monopoly WNBA Insert,89,Ungraded,Normal wear,,,0,1,2025-10-02,,,,
8318096,Marina Mabrey #29,Basketball Cards 2024 Panini Prizm Monopoly WNBA,150,Ungraded,Normal wear,,,0,1,2025-10-02,,,,
7606371,Kyle Kuzma #162,Basketball Cards 2023 Panini Hoops Premium Stock,83,Ungraded,Normal wear,,,0,1,2025-10-08,,,,
8544476,Reggie Jackson [Red Ice] #162,Basketball Cards 2024 Panini Prizm,199,Ungraded,Normal wear,,,0,1,2025-10-02,,,,
1419413,Goose Gossage #RV-48,Baseball Cards 2017 Panini Donruss Retro Variations 1983,130,Ungraded,Normal wear,,,0,1,2025-12-06,,,,
8705436,Elias Pettersson [Black] #BP-22,Hockey Cards 2024 Upper Deck Bang For Your Puck,117,Ungraded,Normal wear,,,0,1,2025-10-04,,,,
9945127,D'Angelo Russell #179,Basketball Cards 2024 Panini Mosaic,101,Ungraded,Normal wear,,,0,1,2025-10-02,,,,
1104142,Randall Cunningham #563,Football Cards 1990 Panini Score,110,Ungraded,Normal wear,,,0,1,2026-03-05,,,,
1930059,Barry Bonds #89,Baseball Cards 1988 Topps Big,131,Ungraded,Normal wear,,,0,1,2026-03-07,,,,
1109433,Jerry Rice #59,Football Cards 1992 Action Packed Rookie Update,149,Ungraded,Normal wear,,,0,1,2026-01-09,,,,
10266396,Kouzuki Hiyori OP12-028,One Piece Legacy of the Master,52,Ungraded,Normal wear,,,0,1,2026-03-02,,,,
1881490,Rollie Fingers #2,Baseball Cards 1981 Donruss,187,Ungraded,Normal wear,,,0,1,2025-10-08,,,,
9263255,Harrison Ingram #103,Basketball Cards 2024 Panini Revolution,135,Ungraded,Normal wear,,,0,1,2025-10-04,,,,
10473005,Mariano Rivera #75,Baseball Cards 2008 Upper Deck Yankee Stadium Legacy,144,Ungraded,Normal wear,,,0,1,2025-12-06,,,,
9797869,Donovan Clingan #390,Basketball Cards 2024 Panini Select,127,Ungraded,Normal wear,,,0,1,2025-10-04,,,,
9492032,Jordan Love #17,Football Cards 2024 Topps Signature Class,134,Ungraded,Normal wear,,,0,1,2025-10-07,,,,
1103603,John Elway #25,Football Cards 1990 Panini Score,125,Ungraded,Normal wear,,,0,1,2025-12-25,,,,
10818719,Clint Capela #63,Basketball Cards 2025 Topps,48,Ungraded,Normal wear,,,0,1,2026-03-10,,,,2025 - 26 TOPPS Flagship Basketball
3134205,Zach Bogosian #628,Hockey Cards 2020 Upper Deck,100,Ungraded,Normal wear,,,0,1,2025-10-08,,,,
10203498,Antonio Reeves #266,Basketball Cards 2024 Panini Donruss Optic,99,Ungraded,Normal wear,,,0,1,2025-10-08,,,,
9200041,Christian Okoye #48,Football Cards 2024 Topps Resurgence,144,Ungraded,Normal wear,,,0,1,2025-10-02,,,,
9960248,Ja Morant [Green] #12,Basketball Cards 2024 Panini Mosaic Jam Masters,142,Ungraded,Normal wear,,,0,1,2025-10-03,,,,
8703654,David Jiricek #294,Hockey Cards 2024 Upper Deck,102,Ungraded,Normal wear,,,0,1,2025-10-02,,,,
9553166,Kirill Kaprizov #UD3-26,Hockey Cards 2024 Upper Deck UD3,149,Ungraded,Normal wear,,,0,1,2025-10-02,,,,
8535776,Derrick White #66,Basketball Cards 2024 Panini Prizm,204,Ungraded,Normal wear,,,0,1,2025-10-08,,,,
8561297,Rob Dillingham #8,Basketball Cards 2024 Panini Prizm Instant Impact,138,Ungraded,Normal wear,,,0,1,2025-10-07,,,,
9263172,Ron Holland II #114,Basketball Cards 2024 Panini Revolution,149,Ungraded,Normal wear,,,0,1,2026-01-16,2026-01-16,,,
9637953,Gary Trent Jr. #81,Basketball Cards 2024 Topps Chrome,25,Ungraded,Normal wear,,,0,1,2025-10-07,,,,
8549751,Dennis Rodman [Red White Blue] #277,Basketball Cards 2024 Panini Prizm,156,Ungraded,Normal wear,,,0,1,2025-10-02,,,,
1937500,Orel Hershiser #550,Baseball Cards 1989 Topps,141,Ungraded,Normal wear,,,0,1,2026-03-07,,,,
7350123,Jammie Robinson #15,Football Cards 2023 Panini Select,125,Ungraded,Normal wear,,,0,1,2025-10-02,,,,
1925765,Nolan Ryan #757,Baseball Cards 1987 Topps,179,Ungraded,Normal wear,,,0,1,2025-10-08,,,,
1932856,Eddie Murray #346,Baseball Cards 1989 Bowman,127,Ungraded,Normal wear,,,3,1,2026-01-16,,,,1989 Bowman
11153371,Jordyn Brooks [Yellow Pyramids] #19,Football Cards 2025 Panini Phoenix,199,Ungraded,Normal wear,,,0,1,2026-03-05,,,,2025 Panini Phoenix
9492769,McKinnley Jackson #90,Football Cards 2024 Topps Signature Class,135,Ungraded,Normal wear,,,0,1,2025-10-07,,,,
8318997,Maddy Siegrist [Red Shimmer] #59,Basketball Cards 2024 Panini Prizm Monopoly WNBA,598,Ungraded,Normal wear,,,0,1,2025-08-09,,,,
10733623,Xavier Watts #399,Football Cards 2025 Panini Donruss,99,Ungraded,Normal wear,,,0,1,2025-11-21,,,,
9639190,Russell Westbrook [Green Refractor] #125,Basketball Cards 2024 Topps Chrome,549,Ungraded,Normal wear,,,0,1,2026-01-16,2026-01-16,,,
8535370,Tre Jones #61,Basketball Cards 2024 Panini Prizm,99,Ungraded,Normal wear,,,0,1,2025-08-31,,,,
9936485,Keegan Murray #57,Basketball Cards 2024 Panini Mosaic,162,Ungraded,Normal wear,,,0,1,2025-10-02,,,,
8706406,Evgeni Malkin #OH-15,Hockey Cards 2024 Upper Deck On a Heater,192,Ungraded,Normal wear,,,0,1,2025-10-04,,,,
7096223,Bud Smith HL #162,Baseball Cards 2002 Topps Opening Day,149,Ungraded,Normal wear,,,0,1,2025-12-06,,,,
9201808,Keon Coleman #111,Football Cards 2024 Topps Resurgence,100,Ungraded,Normal wear,,,0,1,2025-10-02,,,,
9199890,Edgerrin James #43,Football Cards 2024 Topps Resurgence,99,Ungraded,Normal wear,,,0,1,2025-10-02,,,,
8563597,Zach Neto #282,Baseball Cards 2025 Topps,148,Ungraded,Normal wear,,,0,1,2025-10-14,,,,
1099177,Joe Montana [Coming Soon] #210,Football Cards 1985 Topps Stickers,175,Ungraded,Normal wear,,,0,1,2026-01-06,,,,ACoolAUCTION - $7 Lot of Football
1144230,Barry Sanders #85,Football Cards 1994 Pacific,169,Ungraded,Normal wear,,,3,1,2026-01-09,,,,ACoolAUCTION - $7 Lot of Football
8775585,Isaac Okoro #157,Basketball Cards 2024 Panini Donruss,99,Ungraded,Normal wear,,,0,1,2025-10-08,,,,
10728204,Chuba Hubbard [Press Proof Red] #79,Football Cards 2025 Panini Donruss,25,Ungraded,Normal wear,,,0,1,2025-11-22,,,,
1923760,Kirby Puckett #149,Baseball Cards 1987 Donruss,140,Ungraded,Normal wear,,,0,1,2026-03-08,,,,
8319585,DeWanna Bonner [Silver] #WNBA7,Basketball Cards 2024 Panini Prizm Monopoly WNBA Insert,375,Ungraded,Normal wear,,,0,3,2025-08-09,,,,
8548069,Oso Ighodaro #245,Basketball Cards 2024 Panini Prizm,194,Ungraded,Normal wear,,,0,1,2025-10-02,,,,
8704485,Alexey Toropchenko #402,Hockey Cards 2024 Upper Deck,132,Ungraded,Normal wear,,,0,1,2025-10-08,,,,
9935420,Herbert Jones #40,Basketball Cards 2024 Panini Mosaic,99,Ungraded,Normal wear,,,0,1,2025-10-02,,,,
7610304,Ziaire Williams [Ice Prizm] #260,Basketball Cards 2023 Panini Hoops Premium Stock,100,Ungraded,Normal wear,,,0,1,2025-10-08,,,,
10008184,CJ Abrams [Raywave] #176,Baseball Cards 2025 Topps Chrome,150,Ungraded,Normal wear,,,0,1,2025-08-09,,,,
8536020,Terance Mann #69,Basketball Cards 2024 Panini Prizm,25,Ungraded,Normal wear,,,0,1,2025-08-31,,,,
9947172,Jared McCain #228,Basketball Cards 2024 Panini Mosaic,118,Ungraded,Normal wear,,,0,1,2025-10-02,,,,
8319990,Sheryl Swoopes #WNBA21,Basketball Cards 2024 Panini Prizm Monopoly WNBA Insert,121,Ungraded,Normal wear,,,0,1,2025-10-07,,,,
10216770,Carl Edwards #12,Racing Cards 2025 Panini Donruss NASCAR,25,Ungraded,Normal wear,,,0,1,2025-10-07,,,,
10266515,Monkey.D.Dragon OP12-094,One Piece Legacy of the Master,108,Ungraded,Normal wear,,,0,1,2026-03-02,,,,
8554277,Naz Reid [Red Ice] #176,Basketball Cards 2024 Panini Prizm,153,Ungraded,Normal wear,,,0,1,2025-10-02,,,,
10002238,Miguel Andujar [Sepia] #45,Baseball Cards 2025 Topps Chrome,85,Ungraded,Normal wear,,,0,1,2025-08-09,,,,
1964604,Dick Schofield #79,Baseball Cards 1993 Topps,132,Ungraded,Normal wear,,,0,1,2026-03-07,,,,
8560477,Stephen Curry #21,Basketball Cards 2024 Panini Prizm Dominance,135,Ungraded,Normal wear,,,0,1,2025-10-02,,,,
9640289,Justin Edwards #161,Basketball Cards 2024 Topps Chrome,153,Ungraded,Normal wear,,,0,1,2025-10-07,,,,
8319990,Sheryl Swoopes #WNBA21,Basketball Cards 2024 Panini Prizm Monopoly WNBA Insert,363,Ungraded,Normal wear,,,0,3,2025-08-09,,,,
8846302,Markelle Fultz [Green] #199,Basketball Cards 2024 Panini Prizm,109,Ungraded,Normal wear,,,0,1,2025-10-03,,,,
8560534,Nicolas Batum [Red White Blue] #177,Basketball Cards 2024 Panini Prizm,149,Ungraded,Normal wear,,,0,1,2025-10-02,,,,
9574249,Ethan Nwaneri #12,Soccer Cards 2024 Panini Select FIFA,131,Ungraded,Normal wear,,,0,1,2025-08-07,,,,
9200383,Ricky Williams #60,Football Cards 2024 Topps Resurgence,113,Ungraded,Normal wear,,,0,1,2025-10-02,,,,
4517636,Israel Adesanya #24,Ufc Cards 2022 Panini Donruss Optic UFC Star Gazing,155,Ungraded,Normal wear,,,0,1,2025-10-04,,,,
10732542,Jihaad Campbell #343,Football Cards 2025 Panini Donruss,99,Ungraded,Normal wear,,,0,1,2025-11-21,,,,
8319878,Aliyah Boston [Silver] #WNBA17,Basketball Cards 2024 Panini Prizm Monopoly WNBA Insert,146,Ungraded,Normal wear,,,0,1,2025-08-09,,,,
8704597,Luke Glendening #408,Hockey Cards 2024 Upper Deck,149,Ungraded,Normal wear,,,0,1,2025-10-02,,,,
9209929,Ja'Lynn Polk #V-13,Football Cards 2024 Topps Resurgence Voltaic,99,Ungraded,Normal wear,,,0,1,2025-10-03,,,,
8552075,David Robinson [Ice] #288,Basketball Cards 2024 Panini Prizm,173,Ungraded,Normal wear,,,0,1,2025-10-03,,,,
9938062,Moritz Wagner #83,Basketball Cards 2024 Panini Mosaic,149,Ungraded,Normal wear,,,0,1,2025-10-02,,,,
1925719,Ken Griffey #711,Baseball Cards 1987 Topps,129,Ungraded,Normal wear,,,0,1,2026-03-07,,,,
8777549,Duncan Robinson #196,Basketball Cards 2024 Panini Donruss,114,Ungraded,Normal wear,,,0,1,2025-10-08,,,,
5870177,Evina Westbrook [Ice] #51,Basketball Cards 2023 Panini Prizm WNBA,202,Ungraded,Normal wear,,,0,1,2025-10-04,,,,
3134212,Braden Holtby #635,Hockey Cards 2020 Upper Deck,114,Ungraded,Normal wear,,,0,1,2025-10-08,,,,
8541303,Jaden Hardy #128,Basketball Cards 2024 Panini Prizm,25,Ungraded,Normal wear,,,0,1,2025-08-31,,,,
9094777,Gus Edwards [Orange Fade] #65,Football Cards 2024 Panini Phoenix,25,Ungraded,Normal wear,,,0,1,2025-10-02,,,,
9636456,Bam Adebayo #33,Basketball Cards 2024 Topps Chrome,203,Ungraded,Normal wear,,,0,1,2025-10-07,,,,
8535939,Patrick Williams #68,Basketball Cards 2024 Panini Prizm,99,Ungraded,Normal wear,,,0,1,2025-08-31,,,,
9960308,Giannis Antetokounmpo #14,Basketball Cards 2024 Panini Mosaic Jam Masters,150,Ungraded,Normal wear,,,0,1,2025-08-15,,,,
9853605,Arman Tsarukyan #94,Ufc Cards 2025 Topps Chrome UFC,149,Ungraded,Normal wear,,,0,1,2025-10-07,,,,
8703954,Frederick Gaudreau #332,Hockey Cards 2024 Upper Deck,109,Ungraded,Normal wear,,,0,1,2025-10-02,,,,
8025281,Bukayo Saka #77,Soccer Cards 2024 Topps UEFA,199,Ungraded,Normal wear,,,0,1,2025-10-07,,,,
8703999,Kaiden Guhle #339,Hockey Cards 2024 Upper Deck,11,Ungraded,Normal wear,,,0,1,2025-10-04,,,,
8703701,Esa Lindell #300,Hockey Cards 2024 Upper Deck,129,Ungraded,Normal wear,,,0,1,2025-10-02,,,,
1103588,Bo Jackson #10,Football Cards 1990 Panini Score,127,Ungraded,Normal wear,,,0,1,2026-01-08,,,,ACoolAUCTION - $7 Lot of Football
9636824,Derrick White #45,Basketball Cards 2024 Topps Chrome,133,Ungraded,Normal wear,,,0,1,2025-10-07,,,,
5869761,Ariel Atkins [Green] #85,Basketball Cards 2023 Panini Prizm WNBA,175,Ungraded,Normal wear,,,0,1,2025-10-04,,,,
11824603,Kermit the Frog #122,2025 Topps Chrome Disney,198,Ungraded,Normal wear,,,0,1,2026-03-10,,,,
9639386,Jason Kidd #129,Basketball Cards 2024 Topps Chrome,25,Ungraded,Normal wear,,,0,1,2025-10-07,,,,
9851529,Karl Williams #30,Ufc Cards 2025 Topps Chrome UFC,25,Ungraded,Normal wear,,,0,1,2025-10-07,,,,
6415783,Nikola Vucevic [Red Pattern] #18,Basketball Cards 2023 Panini Prizm Monopoly,900,Ungraded,Normal wear,,,0,1,2025-10-04,,,,
9759048,George Karlaftis #51,Football Cards 2024 Panini Contenders,169,Ungraded,Normal wear,,,0,1,2025-10-07,,,,
8537560,Vasilije Micic #88,Basketball Cards 2024 Panini Prizm,29,Ungraded,Normal wear,,,0,1,2025-08-31,,,,
1885256,Tommy John #550,Baseball Cards 1981 Topps,140,Ungraded,Normal wear,,,0,1,2025-11-02,,,,
10738504,Derrick Henry #INS-DHY,Football Cards 2025 Panini Donruss Best of Instant,112,Ungraded,Normal wear,,,0,1,2025-11-22,,,,
8705431,Elias Pettersson #BP-22,Hockey Cards 2024 Upper Deck Bang For Your Puck,135,Ungraded,Normal wear,,,0,1,2025-10-08,,,,
8539563,Kyrie Irving #111,Basketball Cards 2024 Panini Prizm,121,Ungraded,Normal wear,,,0,1,2025-08-31,,,,
10003818,Jarren Duran #79,Baseball Cards 2025 Topps Chrome,175,Ungraded,Normal wear,,,0,1,2025-08-09,,,,
2090771,Roger Clemens #105,Baseball Cards 2008 Topps,169,Ungraded,Normal wear,,,0,1,2025-12-06,,,,
9550855,Sebastian Aho #680,Hockey Cards 2024 Upper Deck,15,Ungraded,Normal wear,,,0,1,2025-10-02,,,,
8563415,Ha-Seong Kim #175,Baseball Cards 2025 Topps,146,Ungraded,Normal wear,,,0,1,2025-10-14,,,,
1886259,Dave Kingman #530,Baseball Cards 1982 Fleer,112,Ungraded,Normal wear,,,0,1,2025-11-02,,,,
8705527,Zach Hyman [Orange] #DZ-52,Hockey Cards 2024 Upper Deck Dazzlers,164,Ungraded,Normal wear,,,0,1,2025-10-04,,,,
11634218,Killer OP14-005,One Piece Azure Sea's Seven,9,Ungraded,Normal wear,,,0,1,2026-02-14,,,,
7600967,Gary Harris #28,Basketball Cards 2023 Panini Hoops Premium Stock,25,Ungraded,Normal wear,,,0,1,2025-10-08,,,,
8318594,Mercedes Russell #46,Basketball Cards 2024 Panini Prizm Monopoly WNBA,150,Ungraded,Normal wear,,,0,1,2025-10-02,,,,
9940680,Brandon Ingram #121,Basketball Cards 2024 Panini Mosaic,100,Ungraded,Normal wear,,,0,1,2025-10-02,,,,
8707879,Juuse Saros #YGR-14,Hockey Cards 2024 Upper Deck Young Guns Renewed Series 2,160,Ungraded,Normal wear,,,0,1,2025-10-04,,,,
9939997,Nikola Jokic #117,Basketball Cards 2024 Panini Mosaic,167,Ungraded,Normal wear,,,0,1,2025-10-02,,,,
8703554,Petr Mrazek #281,Hockey Cards 2024 Upper Deck,108,Ungraded,Normal wear,,,0,1,2025-10-08,,,,
9199363,Josh Cribbs #22,Football Cards 2024 Topps Resurgence,150,Ungraded,Normal wear,,,0,1,2025-10-02,,,,
9493519,Cooper DeJean #166,Football Cards 2024 Topps Signature Class,157,Ungraded,Normal wear,,,0,1,2025-10-07,,,,
9959770,Donovan Mitchell [Green Fluorescent] #14,Basketball Cards 2024 Panini Mosaic Thunder Road,0,Ungraded,Normal wear,,,0,1,2025-12-25,,,,
9782166,Amen Thompson [Blue Prizm] #59,Basketball Cards 2024 Panini Select,150,Ungraded,Normal wear,,,0,1,2025-08-09,,,,
1882589,Rich Gossage #118,Baseball Cards 1981 Fleer Star Stickers,144,Ungraded,Normal wear,,,0,1,2026-03-08,,,,
10218438,Alex Bowman #68,Racing Cards 2025 Panini Donruss NASCAR,99,Ungraded,Normal wear,,,0,1,2025-10-07,,,,
10004164,Christian Yelich #89,Baseball Cards 2025 Topps Chrome,135,Ungraded,Normal wear,,,0,1,2025-08-09,,,,
2322811,Len Dykstra #740,Baseball Cards 1993 Topps,160,Ungraded,Normal wear,,,0,1,2026-03-07,,,,
9960236,Bub Carrington #7,Basketball Cards 2024 Panini Mosaic Jam Masters,132,Ungraded,Normal wear,,,0,1,2025-10-03,,,,
8563548,Checklist #312,Baseball Cards 2025 Topps,104,Ungraded,Normal wear,,,0,1,2025-10-14,,,,
10211455,Allen Iverson / Tyrese Maxey #3,Basketball Cards 2024 Panini Donruss Optic Optical Illusions,155,Ungraded,Normal wear,,,0,1,2025-10-08,,,,
3134727,Victor Hedman [Clear Cut] #692,Hockey Cards 2020 Upper Deck,0,Ungraded,Normal wear,,,0,1,2025-10-04,,,,
10819025,Scoot Henderson #122,Basketball Cards 2025 Topps,98,Ungraded,Normal wear,,,0,1,2026-03-10,,,,2024-25 Topps Chrome UEFA Club Competitions 
8532077,Jalen Duren #20,Basketball Cards 2024 Panini Prizm,100,Ungraded,Normal wear,,,0,1,2025-08-30,,,,
9508228,Bryce Young #SC-5,Football Cards 2024 Topps Signature Class Star Cast,126,Ungraded,Normal wear,,,0,1,2025-10-07,,,,
8553533,Stephon Castle #234,Basketball Cards 2024 Panini Prizm,230,Ungraded,Normal wear,,,0,1,2025-08-31,,,,
9933118,Marcus Smart #5,Basketball Cards 2024 Panini Mosaic,125,Ungraded,Normal wear,,,0,1,2025-10-02,,,,
7944473,Kamari Lassiter [Red Sparkle] #342,Football Cards 2024 Panini Mosaic,316,Ungraded,Normal wear,,,0,1,2025-10-04,,,,
9260777,Klay Thompson #37,Basketball Cards 2024 Panini Revolution,99,Ungraded,Normal wear,,,0,1,2025-10-02,,,,
9758200,Josh Allen #11,Football Cards 2024 Panini Contenders,136,Ungraded,Normal wear,,,0,1,2025-10-07,,,,
8530949,Andrew Nembhard #6,Basketball Cards 2024 Panini Prizm,125,Ungraded,Normal wear,,,0,1,2025-08-30,,,,
9044773,Kel'el Ware #30,Basketball Cards 2024 Panini Prizm Monopoly,139,Ungraded,Normal wear,,,0,1,2025-08-31,,,,
7350744,CeeDee Lamb #29,Football Cards 2023 Panini Select,152,Ungraded,Normal wear,,,0,1,2025-10-02,,,,
3168985,Jerry Rice #43,Football Cards 1992 Action Packed All Madden,127,Ungraded,Normal wear,,,0,1,2026-01-09,,,,ACoolAUCTION - $7 Lot of Football
11821356,Sulley #5,2025 Topps Chrome Disney,157,Ungraded,Normal wear,,,0,1,2026-03-10,,,,
9943978,Andrew Wiggins #175,Basketball Cards 2024 Panini Mosaic,395,Ungraded,Normal wear,,,0,1,2025-10-02,,,,
10733165,Quinn Ewers #342,Football Cards 2025 Panini Donruss,100,Ungraded,Normal wear,,,0,1,2025-11-21,,,,
3134241,Tyler Seguin #664,Hockey Cards 2020 Upper Deck,149,Ungraded,Normal wear,,,0,1,2025-10-08,,,,
9939476,Donovan Mitchell #102,Basketball Cards 2024 Panini Mosaic,257,Ungraded,Normal wear,,,0,1,2025-10-02,,,,
8558899,Tim Duncan [Red Ice] #297,Basketball Cards 2024 Panini Prizm,189,Ungraded,Normal wear,,,0,1,2025-10-02,,,,
3134215,Brandon Sutter #638,Hockey Cards 2020 Upper Deck,1,Ungraded,Normal wear,,,0,1,2025-10-08,,,,
10194249,Brandon Ingram [Holo] #150,Basketball Cards 2024 Panini Donruss Optic,100,Ungraded,Normal wear,,,0,1,2025-10-08,,,,
8561416,Devin Carter #23,Basketball Cards 2024 Panini Prizm Instant Impact,99,Ungraded,Normal wear,,,0,1,2025-08-31,,,,
9264172,Oso Ighodaro #139,Basketball Cards 2024 Panini Revolution,149,Ungraded,Normal wear,,,0,1,2025-08-13,,,,
636494,Emmitt Smith #15,Football Cards 1991 Score,152,Ungraded,Normal wear,,,0,1,2026-03-08,,,,
9551256,Juha Jaaska #718,Hockey Cards 2024 Upper Deck,106,Ungraded,Normal wear,,,0,1,2025-10-04,,,,
1957148,Tony Gwynn #270,Baseball Cards 1992 Topps,137,Ungraded,Normal wear,,,0,1,2026-03-07,,,,
7361802,Christian Gonzalez [Silver Prizm Die-Cut] #286,Football Cards 2023 Panini Select,199,Ungraded,Normal wear,,,0,1,2025-10-02,,,,
9759439,Rhamondre Stevenson #68,Football Cards 2024 Panini Contenders,63,Ungraded,Normal wear,,,0,1,2025-10-07,,,,
9005100,Dalton Schultz #80,Football Cards 2024 Panini Donruss Optic,60,Ungraded,Normal wear,,,0,1,2025-10-04,,,,
9758276,Adam Thielen #15,Football Cards 2024 Panini Contenders,99,Ungraded,Normal wear,,,0,1,2025-10-07,,,,
9386881,Joao Palhinha #98,Soccer Cards 2024 Topps Chrome UEFA,200,Ungraded,Normal wear,,,0,1,2025-10-02,,,,
11152770,James Pearce Jr. #243,Football Cards 2025 Panini Phoenix,149,Ungraded,Normal wear,,,0,1,2026-03-05,,,,2025 Panini Phoenix
8774214,Jalen Brunson #128,Basketball Cards 2024 Panini Donruss,150,Ungraded,Normal wear,,,0,1,2025-10-08,,,,
2358510,Andruw Jones #440,Baseball Cards 2000 Topps,150,Ungraded,Normal wear,,,0,1,2025-12-06,,,,
9758920,Zaire Franklin #44,Football Cards 2024 Panini Contenders,25,Ungraded,Normal wear,,,0,1,2025-10-07,,,,
10735095,Shedeur Sanders [Orange Autograph] #306,Football Cards 2025 Panini Donruss,9250,Ungraded,Normal wear,,,1900,1,2025-11-21,,,,
1937443,Chris Sabo #490,Baseball Cards 1989 Topps,194,Ungraded,Normal wear,,,0,1,2026-03-07,,,,
8531110,Devin Booker #8,Basketball Cards 2024 Panini Prizm,162,Ungraded,Normal wear,,,0,1,2025-08-30,,,,
1699768,Pete Alonso #98,Baseball Cards 2020 Bowman,117,Ungraded,Normal wear,,,0,1,2025-12-06,,,,
9575029,Nicolo Barella #36,Soccer Cards 2024 Panini Select FIFA,1,Ungraded,Normal wear,,,0,1,2025-08-07,,,,
1096121,Bill Bergey #250,Football Cards 1981 Topps,161,Ungraded,Normal wear,,,0,1,2026-03-05,,,,
10201233,Larry Bird #243,Basketball Cards 2024 Panini Donruss Optic,150,Ungraded,Normal wear,,,0,1,2025-10-08,,,,
8551602,Larry Bird #299,Basketball Cards 2024 Panini Prizm,149,Ungraded,Normal wear,,,0,1,2025-10-02,,,,
8556170,Malaki Branham [Red Ice] #209,Basketball Cards 2024 Panini Prizm,299,Ungraded,Normal wear,,,0,1,2025-10-02,,,,
8549287,Zaccharie Risacher [Red Ice] #265,Basketball Cards 2024 Panini Prizm,299,Ungraded,Normal wear,,,0,1,2025-10-02,,,,
9759279,Tyreek Hill #62,Football Cards 2024 Panini Contenders,127,Ungraded,Normal wear,,,0,1,2025-10-07,,,,
8777114,Julian Strawther #182,Basketball Cards 2024 Panini Donruss,75,Ungraded,Normal wear,,,0,1,2025-10-08,,,,
1947038,Will Clark #886,Baseball Cards 1991 Score,100,Ungraded,Normal wear,,,0,1,2025-11-02,,,,
9199277,Boomer Esiason [Crimson Surge] #19,Football Cards 2024 Topps Resurgence,0,Ungraded,Normal wear,,,0,1,2025-10-02,,,,
11012126,DON!! Card [Alternate Art] ,One Piece Carrying on His Will,98,Ungraded,Normal wear,,,0,1,2025-11-22,,,,
9851053,Alexa Grasso #14,Ufc Cards 2025 Topps Chrome UFC,144,Ungraded,Normal wear,,,0,1,2025-10-07,,,,
9576167,Rodrigo de Paul #61,Soccer Cards 2024 Panini Select FIFA,4,Ungraded,Normal wear,,,0,1,2025-08-07,,,,
9851031,Ismael Bonfim [Prism Refractor] #13,Ufc Cards 2025 Topps Chrome UFC,100,Ungraded,Normal wear,,,0,1,2025-10-07,,,,
1925491,Otis Nixon #486,Baseball Cards 1987 Topps,87,Ungraded,Normal wear,,,0,1,2026-03-07,,,,
3134252,T. J. Oshie #675,Hockey Cards 2020 Upper Deck,131,Ungraded,Normal wear,,,0,1,2025-10-08,,,,
8532794,Michael Porter Jr. #29,Basketball Cards 2024 Panini Prizm,35,Ungraded,Normal wear,,,0,1,2025-08-30,,,,
8319664,Alyssa Thomas #WNBA10,Basketball Cards 2024 Panini Prizm Monopoly WNBA Insert,186,Ungraded,Normal wear,,,0,1,2025-10-02,,,,
2845882,Kansas City Royals Checklist #323,Baseball Cards 1994 Score,111,Ungraded,Normal wear,,,0,1,2026-03-08,,,,
7610223,Cade Cunningham #258,Basketball Cards 2023 Panini Hoops Premium Stock,144,Ungraded,Normal wear,,,0,1,2025-10-08,,,,
9492076,Marcus Allen #24,Football Cards 2024 Topps Signature Class,85,Ungraded,Normal wear,,,0,1,2025-10-07,,,,
8879995,Eric Staal #516,Hockey Cards 2020 Upper Deck Extended Series,134,Ungraded,Normal wear,,,0,1,2025-10-04,,,,
10002187,Colton Cowser #44,Baseball Cards 2025 Topps Chrome,120,Ungraded,Normal wear,,,0,1,2025-08-09,,,,
6910557,Christian Eckes #160,Racing Cards 2024 Donruss NASCAR,25,Ungraded,Normal wear,,,0,1,2026-03-07,,,,
9200779,Fred Biletnikoff #77,Football Cards 2024 Topps Resurgence,99,Ungraded,Normal wear,,,0,1,2025-10-02,,,,
9261616,Anthony Davis #64,Basketball Cards 2024 Panini Revolution,6,Ungraded,Normal wear,,,0,1,2025-10-02,,,,
9759481,Chris Olave #70,Football Cards 2024 Panini Contenders,53,Ungraded,Normal wear,,,0,1,2025-10-07,,,,
9856200,Daniel Zellhuber [Sepia Refractor] #189,Ufc Cards 2025 Topps Chrome UFC,299,Ungraded,Normal wear,,,0,1,2025-10-07,,,,
8581011,Aaron Judge / Juan Soto / Anthony Santander [Silver Cracked] #79,Baseball Cards 2025 Topps,323,Ungraded,Normal wear,,,0,1,2026-01-16,2026-01-15,,,
9949228,Zach Edey #251,Basketball Cards 2024 Panini Mosaic,117,Ungraded,Normal wear,,,0,1,2025-10-03,,,,
6950161,Lewis Dobbin #44,Soccer Cards 2023 Panini Select Premier League,25,Ungraded,Normal wear,,,0,1,2025-10-07,,,,
9576167,Rodrigo de Paul #61,Soccer Cards 2024 Panini Select FIFA,4,Ungraded,Normal wear,,,0,1,2025-08-07,,,,
9932969,Coby White #3,Basketball Cards 2024 Panini Mosaic,199,Ungraded,Normal wear,,,0,1,2025-10-02,,,,
9943875,Cam Whitmore #171,Basketball Cards 2024 Panini Mosaic,25,Ungraded,Normal wear,,,0,1,2025-10-02,,,,
9941668,Kyle Kuzma #142,Basketball Cards 2024 Panini Mosaic,100,Ungraded,Normal wear,,,0,1,2025-10-02,,,,
8704649,Auston Matthews #411,Hockey Cards 2024 Upper Deck,185,Ungraded,Normal wear,,,0,1,2025-10-02,,,,
1923466,Fred McGriff #621,Baseball Cards 1987 Donruss,150,Ungraded,Normal wear,,,0,1,2026-01-16,2026-01-16,,,
1172550,Steve McNair #171,Football Cards 1995 Skybox Impact,149,Ungraded,Normal wear,,,0,1,2026-03-08,,,,
9260817,Franz Wagner [Blue Storm] #39,Basketball Cards 2024 Panini Revolution,117,Ungraded,Normal wear,,,0,1,2025-08-13,,,,
9945991,Adem Bona #210,Basketball Cards 2024 Panini Mosaic,197,Ungraded,Normal wear,,,0,1,2025-10-02,,,,
11139434,Trey McBride #80,Football Cards 2025 Panini Phoenix,20,Ungraded,Normal wear,,,0,1,2026-03-05,,,,2025 Panini Phoenix
8563419,Ryan Pepiot #179,Baseball Cards 2025 Topps,73,Ungraded,Normal wear,,,0,1,2025-10-14,,,,
9492064,Ricky Williams #29,Football Cards 2024 Topps Signature Class,23,Ungraded,Normal wear,,,0,1,2025-10-07,,,,
9856012,Trevor Peek #180,Ufc Cards 2025 Topps Chrome UFC,100,Ungraded,Normal wear,,,0,1,2025-10-07,,,,
9261547,Ivica Zubac #61,Basketball Cards 2024 Panini Revolution,100,Ungraded,Normal wear,,,0,1,2025-10-02,,,,
4514367,Nate Diaz #23,Ufc Cards 2022 Panini Donruss Optic UFC,107,Ungraded,Normal wear,,,0,1,2025-10-02,,,,
8320108,Rickea Jackson #WNBA25,Basketball Cards 2024 Panini Prizm Monopoly WNBA Insert,153,Ungraded,Normal wear,,,0,1,2025-08-09,,,,
1100000,Lawrence Taylor #26,Football Cards 1987 Topps,159,Ungraded,Normal wear,,,0,1,2026-01-09,,,,ACoolAUCTION - $7 Lot of Football
3134250,Chris Kreider #673,Hockey Cards 2020 Upper Deck,106,Ungraded,Normal wear,,,0,1,2025-10-08,,,,
8543064,Shaedon Sharpe #144,Basketball Cards 2024 Panini Prizm,113,Ungraded,Normal wear,,,0,1,2025-10-08,,,,
9758062,Bijan Robinson #6,Football Cards 2024 Panini Contenders,179,Ungraded,Normal wear,,,0,1,2025-10-07,,,,
2576495,David Justice #586,Baseball Cards 1990 Fleer,127,Ungraded,Normal wear,,,0,1,2026-03-05,,,,
1963529,Sandy Alomar #85,Baseball Cards 1993 Topps Gold,150,Ungraded,Normal wear,,,0,1,2026-03-05,,,,
9260865,Anthony Edwards #40,Basketball Cards 2024 Panini Revolution,169,Ungraded,Normal wear,,,0,1,2025-10-02,,,,
1879087,Willie McCovey #215,Baseball Cards 1979 Topps,2750,Ungraded,Normal wear,,,0,10,2025-12-17,,,,ACoolROCK
9578316,Kenan Yildiz [Pink] #138,Soccer Cards 2024 Panini Select FIFA,313,Ungraded,Normal wear,,,0,1,2025-08-07,,,,
10818344,Derrick White #6,Basketball Cards 2025 Topps,149,Ungraded,Normal wear,,,0,1,2026-03-10,,,,2025 - 26 TOPPS Flagship Basketball
9549614,Josh Manson #532,Hockey Cards 2024 Upper Deck,99,Ungraded,Normal wear,,,0,1,2025-10-02,,,,
9793613,Jaylon Tyson [Blue] #182,Basketball Cards 2024 Panini Select,99,Ungraded,Normal wear,,,0,1,2025-08-08,,,,
9260872,Jaren Jackson Jr. #41,Basketball Cards 2024 Panini Revolution,51,Ungraded,Normal wear,,,0,1,2025-10-02,,,,
1932990,Brett Butler #480,Baseball Cards 1989 Bowman,99,Ungraded,Normal wear,,,0,1,2025-10-08,,,,
2853266,Detroit Tigers Checklist #322,Baseball Cards 1994 Score,192,Ungraded,Normal wear,,,0,1,2025-12-06,,,,
1417530,Nolan Ryan [The Express] #185,Baseball Cards 2017 Panini Donruss,90,Ungraded,Normal wear,,,0,1,2026-03-08,,,,
9945889,Pacome Dadiet [Ice] #203,Basketball Cards 2024 Panini Mosaic,999,Ungraded,Normal wear,,,0,1,2026-01-29,2026-01-29,,,
10009580,Juan Soto [Refractor] #200,Baseball Cards 2025 Topps Chrome,150,Ungraded,Normal wear,,,0,1,2025-08-09,,,,
7611233,Keyonte George [Ice Prizm] #283,Basketball Cards 2023 Panini Hoops Premium Stock,156,Ungraded,Normal wear,,,0,1,2025-10-08,,,,
7350391,Andrei Iosivas #21,Football Cards 2023 Panini Select,152,Ungraded,Normal wear,,,0,1,2025-10-02,,,,
8803444,Don Mattingly [Marlins Inaugural] #32,Baseball Cards 1993 Topps,778,Ungraded,Normal wear,,,0,1,2026-01-16,2026-01-15,,,
9046762,Dennis Rodman [White Millionaire Shimmer] #LEG7,Basketball Cards 2024 Panini Prizm Monopoly Legends,245,Ungraded,Normal wear,,,0,1,2025-10-04,,,,
9551233,Nathan Legare #717,Hockey Cards 2024 Upper Deck,178,Ungraded,Normal wear,,,0,1,2025-10-02,,,,
10019197,Francisco Lindor #PP-9,Baseball Cards 2025 Topps Chrome Power Players,163,Ungraded,Normal wear,,,0,1,2025-08-09,,,,
11012109,Monkey.D.Luffy OP13-118,One Piece Carrying on His Will,2501,Ungraded,Normal wear,,,0,1,2026-01-09,,,,
3134208,Wayne Simmonds #631,Hockey Cards 2020 Upper Deck,125,Ungraded,Normal wear,,,0,1,2025-10-04,,,,
1897581,Pete Rose #300,Baseball Cards 1984 Topps,163,Ungraded,Normal wear,,,0,1,2025-12-17,,,,
9262725,Fred VanVleet #97,Basketball Cards 2024 Panini Revolution,100,Ungraded,Normal wear,,,0,1,2025-10-02,,,,
10266396,Kouzuki Hiyori OP12-028,One Piece Legacy of the Master,52,Ungraded,Normal wear,,,0,1,2026-03-02,,,,
7357143,Justin Jefferson #175,Football Cards 2023 Panini Select,138,Ungraded,Normal wear,,,0,1,2025-10-02,,,,
9934820,Jaylen Brown #33,Basketball Cards 2024 Panini Mosaic,149,Ungraded,Normal wear,,,0,1,2025-10-02,,,,
8563281,Joe Ryan #40,Baseball Cards 2025 Topps,102,Ungraded,Normal wear,,,0,1,2025-10-14,,,,
5868820,Kristi Toliver #44,Basketball Cards 2023 Panini Prizm WNBA,6,Ungraded,Normal wear,,,0,1,2025-10-04,,,,
8539163,Isaiah Stewart #106,Basketball Cards 2024 Panini Prizm,132,Ungraded,Normal wear,,,0,1,2025-08-31,,,,
9854798,Diego Lopes #140,Ufc Cards 2025 Topps Chrome UFC,157,Ungraded,Normal wear,,,0,1,2025-10-07,,,,
3134220,Zach Whitecloud #643,Hockey Cards 2020 Upper Deck,155,Ungraded,Normal wear,,,0,1,2025-10-08,,,,
9759905,Tyler Lockett #90,Football Cards 2024 Panini Contenders,27,Ungraded,Normal wear,,,0,1,2025-10-07,,,,
9385151,Jamie Bynoe-Gittens #58,Soccer Cards 2024 Topps Chrome UEFA,4,Ungraded,Normal wear,,,0,1,2025-10-02,,,,
2079928,Ken Griffey Jr. #377,Baseball Cards 2007 Fleer,179,Ungraded,Normal wear,,,3,1,2026-01-16,2026-01-16,,,
9260293,Draymond Green #23,Basketball Cards 2024 Panini Revolution,6,Ungraded,Normal wear,,,0,1,2025-10-04,,,,
9261767,Jonathan Kuminga [Astro] #69,Basketball Cards 2024 Panini Revolution,122,Ungraded,Normal wear,,,0,1,2025-10-04,,,,
9549435,Mikael Backlund #516,Hockey Cards 2024 Upper Deck,73,Ungraded,Normal wear,,,0,1,2025-10-02,,,,
8881113,Brandon Saad #531,Hockey Cards 2020 Upper Deck Extended Series,99,Ungraded,Normal wear,,,0,1,2025-10-04,,,,
9758156,Derrick Henry #9,Football Cards 2024 Panini Contenders,25,Ungraded,Normal wear,,,104,1,2025-10-07,,,,
8563442,Rhett Lowder #205,Baseball Cards 2025 Topps,190,Ungraded,Normal wear,,,0,1,2025-10-14,,,,
222657,Tom Brady #69,Football Cards 2018 Panini Prizm,259,Ungraded,Normal wear,,,0,1,2025-11-02,,,,
7603180,Kyle Lowry #83,Basketball Cards 2023 Panini Hoops Premium Stock,159,Ungraded,Normal wear,,,0,1,2025-10-08,,,,
9260293,Draymond Green #23,Basketball Cards 2024 Panini Revolution,6,Ungraded,Normal wear,,,0,1,2025-10-04,,,,
7350609,Joe Flacco #26,Football Cards 2023 Panini Select,142,Ungraded,Normal wear,,,0,1,2025-10-02,,,,
9092637,Courtland Sutton #29,Football Cards 2024 Panini Phoenix,200,Ungraded,Normal wear,,,0,1,2025-10-02,,,,
627707,Mike Taliaferro #259,Football Cards 1971 Topps,171,Ungraded,Normal wear,,,0,1,2025-12-25,,,,
1941324,Don Mattingly #190,Baseball Cards 1990 Donruss,112,Ungraded,Normal wear,,,0,1,2026-03-08,2026-03-08,,,
1922339,Steve Sax #203,Baseball Cards 1987 Leaf,140,Ungraded,Normal wear,,,0,1,2025-12-10,2025-12-10,,,
9387046,Endrick [Wave Refractor] #100,Soccer Cards 2024 Topps Chrome UEFA,549,Ungraded,Normal wear,,,0,1,2025-10-07,,,,
8770470,Jabari Smith Jr. #57,Basketball Cards 2024 Panini Donruss,99,Ungraded,Normal wear,,,0,1,2025-10-08,,,,
10819775,Kevin Garnett #254,Basketball Cards 2025 Topps,99,Ungraded,Normal wear,,,0,1,2026-03-10,,,,2025 - 26 TOPPS Flagship Basketball
1929073,Ken Griffey #390,Baseball Cards 1988 Score,1,Ungraded,Normal wear,,,3,1,2026-01-16,,,,
8537722,Damian Lillard #90,Basketball Cards 2024 Panini Prizm,149,Ungraded,Normal wear,,,0,1,2025-10-08,,,,
6909287,Daniel Suarez #60,Racing Cards 2024 Donruss NASCAR,25,Ungraded,Normal wear,,,0,1,2026-03-07,,,,
8532807,Michael Porter Jr. [Red Ice] #29,Basketball Cards 2024 Panini Prizm,25,Ungraded,Normal wear,,,0,1,2025-08-30,,,,
7656737,Leonard Taylor III #364,Football Cards 2024 Panini Prestige,98,Ungraded,Normal wear,,,0,1,2025-10-02,,,,
9641464,Dirk Nowitzki #197,Basketball Cards 2024 Topps Chrome,113,Ungraded,Normal wear,,,0,1,2025-10-07,,,,
3134197,Ville Husso #620,Hockey Cards 2020 Upper Deck,136,Ungraded,Normal wear,,,0,1,2025-10-02,,,,
8025624,Mohamed Salah #87,Soccer Cards 2024 Topps UEFA,143,Ungraded,Normal wear,,,0,1,2025-10-07,,,,
2036986,Johnny Damon #295,Baseball Cards 2000 Topps,121,Ungraded,Normal wear,,,0,1,2026-01-16,2026-01-15,,,
8774349,Jakob Poeltl #130,Basketball Cards 2024 Panini Donruss,65,Ungraded,Normal wear,,,0,1,2025-10-08,,,,
9852477,Cameron Saaiman [Prism Refractor] #62,Ufc Cards 2025 Topps Chrome UFC,199,Ungraded,Normal wear,,,0,1,2025-10-07,,,,
9951347,Nikola Jokic #275,Basketball Cards 2024 Panini Mosaic,233,Ungraded,Normal wear,,,0,1,2025-10-03,,,,
10738753,Patrick Mahomes II #8,Football Cards 2025 Panini Donruss Downtown,83600,Ungraded,Normal wear,,,2100,1,2025-11-21,,,,ACoolWHATNOT - PacificRIPZ 2025 Optic Football
7648226,Trey McBride #3,Football Cards 2024 Panini Prestige,100,Ungraded,Normal wear,,,0,1,2025-10-02,,,,
9386161,Johnny Cardoso #84,Soccer Cards 2024 Topps Chrome UEFA,25,Ungraded,Normal wear,,,0,1,2025-10-02,,,,
9386970,Karim Adeyemi #105,Soccer Cards 2024 Topps Chrome UEFA,1,Ungraded,Normal wear,,,0,1,2025-10-02,,,,
1920265,Graig Nettles #450,Baseball Cards 1986 Topps,140,Ungraded,Normal wear,,,0,1,2025-12-25,,,,
9793367,Kyle Filipowski #170,Basketball Cards 2024 Panini Select,99,Ungraded,Normal wear,,,0,1,2025-10-04,,,,
9942652,Jakob Poeltl #162,Basketball Cards 2024 Panini Mosaic,25,Ungraded,Normal wear,,,0,1,2025-10-02,,,,
10009577,Juan Soto #200,Baseball Cards 2025 Topps Chrome,140,Ungraded,Normal wear,,,0,1,2025-08-09,,,,
8768834,Jaylen Brown #25,Basketball Cards 2024 Panini Donruss,99,Ungraded,Normal wear,,,0,1,2025-10-08,,,,
7608832,OG Anunoby #223,Basketball Cards 2023 Panini Hoops Premium Stock,94,Ungraded,Normal wear,,,0,1,2025-10-08,,,,
9385271,Angel Di Maria #60,Soccer Cards 2024 Topps Chrome UEFA,99,Ungraded,Normal wear,,,0,1,2025-10-02,,,,
9934245,Tyrese Maxey #23,Basketball Cards 2024 Panini Mosaic,248,Ungraded,Normal wear,,,0,1,2025-10-02,,,,
9637641,Josh Hart #71,Basketball Cards 2024 Topps Chrome,99,Ungraded,Normal wear,,,0,1,2025-12-04,,,,
9209200,Jordan Love #C-25,Football Cards 2024 Topps Resurgence Conductors,167,Ungraded,Normal wear,,,0,1,2025-10-02,,,,
1979167,Rafael Palmeiro #80,Baseball Cards 1995 Topps,119,Ungraded,Normal wear,,,0,1,2025-12-06,,,,
11012005,Trafalgar Law OP13-031,One Piece Carrying on His Will,83,Ungraded,Normal wear,,,0,1,2026-03-02,,,,
1091157,Pat Curran #337,Football Cards 1976 Topps,167,Ungraded,Normal wear,,,0,1,2026-01-29,2026-01-29,,,
10007020,Shota Imanaga #149,Baseball Cards 2025 Topps Chrome,104,Ungraded,Normal wear,,,0,1,2025-08-09,,,,
1875862,Sparky Lyle #598,Baseball Cards 1977 Topps,133,Ungraded,Normal wear,,,0,1,2026-01-16,2026-01-15,,,
9904924,Lane Hutson #OPC-50,Hockey Cards 2024 Upper Deck O-Pee-Chee Glossy,219,Ungraded,Normal wear,,,0,1,2025-10-08,,,,
9851790,Joaquin Buckley #39,Ufc Cards 2025 Topps Chrome UFC,122,Ungraded,Normal wear,,,0,1,2025-10-07,,,,
10818989,Jalen Williams #116,Basketball Cards 2025 Topps,100,Ungraded,Normal wear,,,0,1,2026-03-10,,,,
8704522,Nick Paul #404,Hockey Cards 2024 Upper Deck,99,Ungraded,Normal wear,,,0,1,2025-10-02,,,,
8704391,Joey Daccord #395,Hockey Cards 2024 Upper Deck,125,Ungraded,Normal wear,,,0,1,2025-10-02,,,,
8549298,Adem Bona #267,Basketball Cards 2024 Panini Prizm,113,Ungraded,Normal wear,,,0,1,2025-10-08,,,,
8563469,Jake Cronenworth #232,Baseball Cards 2025 Topps,137,Ungraded,Normal wear,,,0,1,2025-10-14,,,,
9398311,Pau Victor #WK-6,Soccer Cards 2024 Topps Chrome UEFA Wonderkids,99,Ungraded,Normal wear,,,0,1,2025-10-07,,,,
10266405,Perona OP12-034,One Piece Legacy of the Master,622,Ungraded,Normal wear,,,0,1,2026-03-02,,,,
8881942,Cam Talbot #570,Hockey Cards 2020 Upper Deck Extended Series,99,Ungraded,Normal wear,,,0,1,2025-10-04,,,,
8557270,Tidjane Salaun [Red Ice] #262,Basketball Cards 2024 Panini Prizm,108,Ungraded,Normal wear,,,0,1,2025-10-02,,,,
638359,Lawrence Taylor #394,Football Cards 1991 Pro Set,144,Ungraded,Normal wear,,,0,1,2026-01-09,,,,ACoolAUCTION - $7 Lot of Football
6909399,Jimmie Johnson #69,Racing Cards 2024 Donruss NASCAR,254,Ungraded,Normal wear,,,0,1,2026-03-07,,,,
9492340,Joe Greene #50,Football Cards 2024 Topps Signature Class,77,Ungraded,Normal wear,,,0,1,2025-10-07,,,,
7358834,Tre Tucker [Green Yellow Prizm Die-Cut] #214,Football Cards 2023 Panini Select,100,Ungraded,Normal wear,,,0,1,2025-10-02,,,,
4514351,Tito Ortiz #7,Ufc Cards 2022 Panini Donruss Optic UFC,105,Ungraded,Normal wear,,,0,1,2025-10-02,,,,
9758699,Aidan Hutchinson #34,Football Cards 2024 Panini Contenders,47,Ungraded,Normal wear,,,0,1,2025-10-07,,,,
1925137,Dwight Gooden #130,Baseball Cards 1987 Topps,155,Ungraded,Normal wear,,,0,1,2026-03-07,,,,
9383399,Pau Victor #16,Soccer Cards 2024 Topps Chrome UEFA,50,Ungraded,Normal wear,,,0,1,2025-10-02,,,,
7602502,Bam Adebayo #66,Basketball Cards 2023 Panini Hoops Premium Stock,99,Ungraded,Normal wear,,,0,1,2025-10-08,,,,
6909630,Chris Buescher #87,Racing Cards 2024 Donruss NASCAR,99,Ungraded,Normal wear,,,0,1,2026-03-07,,,,
639104,Warren Moon,Football Cards 1991 Stadium Club Members Only,30,Ungraded,Normal wear,,,0,1,2026-03-08,,,,
9575459,Rodrigo Mora #50,Soccer Cards 2024 Panini Select FIFA,355,Ungraded,Normal wear,,,0,1,2025-10-07,,,,
10340070,Donovan Mitchell [Mosaic] #14,Basketball Cards 2024 Panini Mosaic Thunder Road,199,Ungraded,Normal wear,,,0,1,2025-10-03,,,,
9951452,Stephon Castle [Reactive Blue] #290,Basketball Cards 2024 Panini Mosaic,300,Ungraded,Normal wear,,,0,1,2025-10-03,,,,
7613821,Keyonte George #16,Basketball Cards 2023 Panini Hoops Premium Stock City Edition,126,Ungraded,Normal wear,,,0,1,2025-10-08,,,,
4516123,Jalin Turner [Purple] #114,Ufc Cards 2022 Panini Donruss Optic UFC,1175,Ungraded,Normal wear,,,0,1,2025-10-04,,,,
10018669,Brice Turang #FS-17,Baseball Cards 2025 Topps Chrome Future Stars,129,Ungraded,Normal wear,,,0,1,2025-08-09,,,,
7351015,Sam LaPorta [Silver Prizm Die-Cut] #35,Football Cards 2023 Panini Select,153,Ungraded,Normal wear,,,0,1,2025-10-02,,,,
1943997,Roberto Alomar #517,Baseball Cards 1990 Topps,143,Ungraded,Normal wear,,,0,1,2026-01-16,2026-01-15,,,
10007632,Anthony Volpe #162,Baseball Cards 2025 Topps Chrome,144,Ungraded,Normal wear,,,0,1,2025-10-07,,,,
6076694,Cody Eakin #513,Hockey Cards 2020 Upper Deck Extended Series,25,Ungraded,Normal wear,,,0,1,2025-10-04,,,,
9855792,Amir Albazi [Prism Refractor] #175,Ufc Cards 2025 Topps Chrome UFC,25,Ungraded,Normal wear,,,0,1,2025-10-07,,,,
9639828,Johnny Furphy #139,Basketball Cards 2024 Topps Chrome,100,Ungraded,Normal wear,,,0,1,2025-10-07,,,,
10266394,Kuina OP12-026,One Piece Legacy of the Master,638,Ungraded,Normal wear,,,0,1,2026-03-02,,,,
1096279,Ron Jaworski #408,Football Cards 1981 Topps,119,Ungraded,Normal wear,,,0,1,2026-03-05,,,,
9203574,Quinyon Mitchell #178,Football Cards 2024 Topps Resurgence,130,Ungraded,Normal wear,,,0,1,2025-10-02,,,,
7608141,Seth Lundy #206,Basketball Cards 2023 Panini Hoops Premium Stock,200,Ungraded,Normal wear,,,0,1,2025-10-08,,,,
8544697,Jose Alvarado #167,Basketball Cards 2024 Panini Prizm,100,Ungraded,Normal wear,,,0,1,2025-10-02,,,,
8777269,Tyrese Maxey #192,Basketball Cards 2024 Panini Donruss,84,Ungraded,Normal wear,,,0,1,2025-10-08,,,,
7355582,Foye Oluokun #139,Football Cards 2023 Panini Select,127,Ungraded,Normal wear,,,0,1,2025-10-02,,,,
9638124,Gradey Dick #92,Basketball Cards 2024 Topps Chrome,25,Ungraded,Normal wear,,,0,1,2026-01-16,2026-01-16,,,
7601656,Marcus Sasser [Ice Prizm] #45,Basketball Cards 2023 Panini Hoops Premium Stock,131,Ungraded,Normal wear,,,0,1,2025-10-08,,,,
2084357,Pete Alonso #31,Baseball Cards 2021 Topps Heritage,100,Ungraded,Normal wear,,,0,1,2026-03-08,2026-03-08,,,
9629691,Bryce Young [Red Yellow] #7,Football Cards 2024 Topps Signature Class,135,Ungraded,Normal wear,,,0,1,2025-10-07,,,,
8317527,Courtney Williams #10,Basketball Cards 2024 Panini Prizm Monopoly WNBA,149,Ungraded,Normal wear,,,0,1,2025-10-02,,,,
8538856,Jalen Green [Red White Blue] #102,Basketball Cards 2024 Panini Prizm,228,Ungraded,Normal wear,,,0,1,2025-10-08,,,,
10818878,Alex Sarr #96,Basketball Cards 2025 Topps,113,Ungraded,Normal wear,,,0,1,2026-03-10,,,,
8707914,Cole Caufield #YGR-48,Hockey Cards 2024 Upper Deck Young Guns Renewed Series 2,403,Ungraded,Normal wear,,,0,1,2025-10-08,,,,
9759564,Brian Burns #74,Football Cards 2024 Panini Contenders,150,Ungraded,Normal wear,,,0,1,2025-10-07,,,,
8540188,Amen Thompson #118,Basketball Cards 2024 Panini Prizm,135,Ungraded,Normal wear,,,0,1,2025-10-08,,,,
5556830,Mike Piazza #107,Baseball Cards 2002 Topps Opening Day,136,Ungraded,Normal wear,,,0,1,2026-01-16,2026-01-15,,,
8703469,Walker Duehr #270,Hockey Cards 2024 Upper Deck,73,Ungraded,Normal wear,,,0,1,2025-10-02,,,,
8546284,Norman Powell [Red Ice] #203,Basketball Cards 2024 Panini Prizm,169,Ungraded,Normal wear,,,0,1,2025-10-02,,,,
7602702,Jabari Smith Jr. #71,Basketball Cards 2023 Panini Hoops Premium Stock,1,Ungraded,Normal wear,,,0,1,2025-10-08,,,,
7661012,Derrick Henry #11,Football Cards 2024 Panini Prestige Prestigious Pros,234,Ungraded,Normal wear,,,0,1,2025-10-02,,,,
8769568,Jaden Ivey #39,Basketball Cards 2024 Panini Donruss,99,Ungraded,Normal wear,,,0,1,2025-10-08,,,,
9386741,Alphonso Davies #96,Soccer Cards 2024 Topps Chrome UEFA,71,Ungraded,Normal wear,,,0,1,2025-10-02,,,,
3134242,Eric Staal #665,Hockey Cards 2020 Upper Deck,112,Ungraded,Normal wear,,,0,1,2025-10-08,,,,
9262695,Jonas Valanciunas #99,Basketball Cards 2024 Panini Revolution,99,Ungraded,Normal wear,,,0,1,2025-10-02,,,,
7361061,Hendon Hooker [Green Yellow Prizm Die-Cut] #268,Football Cards 2023 Panini Select,135,Ungraded,Normal wear,,,0,1,2025-10-02,,,,
1925289,Doug Drabek #283,Baseball Cards 1987 Topps,155,Ungraded,Normal wear,,,0,1,2026-03-07,,,,
9758589,Javonte Williams #29,Football Cards 2024 Panini Contenders,25,Ungraded,Normal wear,,,0,1,2025-10-07,,,,
8534645,Andre Jackson Jr. #52,Basketball Cards 2024 Panini Prizm,125,Ungraded,Normal wear,,,0,1,2025-08-31,,,,
1941455,Ryne Sandberg #692,Baseball Cards 1990 Donruss,117,Ungraded,Normal wear,,,0,1,2026-03-08,2026-03-08,,,
10979502,Brock Bowers #4,Football Cards 2025 Panini Mosaic Epic Performers,151,Ungraded,Normal wear,,,0,1,2026-03-05,,,,
9638404,Larry Johnson #98,Basketball Cards 2024 Topps Chrome,62,Ungraded,Normal wear,,,0,1,2025-10-07,,,,
8317383,Ariel Atkins #5,Basketball Cards 2024 Panini Prizm Monopoly WNBA,176,Ungraded,Normal wear,,,0,1,2025-10-02,,,,
186236,Trae Young #182,Basketball Cards 2019 Panini Mosaic,499,Ungraded,Normal wear,,,0,1,2025-08-15,,,,
8319277,Zia Cooke #69,Basketball Cards 2024 Panini Prizm Monopoly WNBA,3,Ungraded,Normal wear,,,0,1,2025-10-02,,,,
10187806,Moritz Wagner #66,Basketball Cards 2024 Panini Donruss Optic,1,Ungraded,Normal wear,,,0,1,2025-10-08,,,,
9759092,Maxx Crosby #52,Football Cards 2024 Panini Contenders,25,Ungraded,Normal wear,,,0,1,2025-10-07,,,,
3938514,Mike Piazza #345,Baseball Cards 1992 Classic Best,193,Ungraded,Normal wear,,,0,1,2025-11-12,,,,
9386152,Cyriel Dessers #80,Soccer Cards 2024 Topps Chrome UEFA,25,Ungraded,Normal wear,,,0,1,2025-10-02,,,,
8550984,Brandon Roy #271,Basketball Cards 2024 Panini Prizm,100,Ungraded,Normal wear,,,0,1,2025-10-02,,,,
8320021,Brittney Griner #WNBA22,Basketball Cards 2024 Panini Prizm Monopoly WNBA Insert,166,Ungraded,Normal wear,,,0,1,2025-10-07,,,,
9262135,Victor Wembanyama #79,Basketball Cards 2024 Panini Revolution,186,Ungraded,Normal wear,,,0,1,2025-10-02,,,,
8530792,Jalen Suggs #4,Basketball Cards 2024 Panini Prizm,44,Ungraded,Normal wear,,,0,1,2025-08-30,,,,
8563305,Gunnar Henderson #65,Baseball Cards 2025 Topps,139,Ungraded,Normal wear,,,0,1,2025-10-14,,,,
1144200,Joe Montana #55,Football Cards 1994 Pacific,150,Ungraded,Normal wear,,,0,1,2026-01-06,,,,ACoolAUCTION - $7 Lot of Football
9550088,Reilly Smith #590,Hockey Cards 2024 Upper Deck,149,Ungraded,Normal wear,,,0,1,2025-10-02,,,,
3134205,Zach Bogosian #628,Hockey Cards 2020 Upper Deck,100,Ungraded,Normal wear,,,0,1,2025-10-08,,,,
8142235,Malik Nabers #106,Football Cards 2024 Panini Absolute,90,Ungraded,Normal wear,,,0,1,2025-10-02,,,,
8542973,Franz Wagner [Red Ice] #143,Basketball Cards 2024 Panini Prizm,109,Ungraded,Normal wear,,,0,1,2025-10-02,,,,
7942745,Malik Nabers #306,Football Cards 2024 Panini Mosaic,149,Ungraded,Normal wear,,,0,1,2025-10-04,,,,
8556275,Dalton Knecht [Ice] #238,Basketball Cards 2024 Panini Prizm,197,Ungraded,Normal wear,,,2143,1,2025-10-03,,,,
9573927,Endrick #2,Soccer Cards 2024 Panini Select FIFA,102,Ungraded,Normal wear,,,0,1,2025-08-07,,,,
8883349,Jack Johnson #594,Hockey Cards 2020 Upper Deck Extended Series,99,Ungraded,Normal wear,,,0,1,2025-10-04,,,,
9493141,Jared Wiley #128,Football Cards 2024 Topps Signature Class,135,Ungraded,Normal wear,,,0,1,2025-10-07,,,,
10965785,James Cook #201,Football Cards 2025 Panini Mosaic,100,Ungraded,Normal wear,,,0,1,2026-03-05,,,,
7602584,Trayce Jackson-Davis #68,Basketball Cards 2023 Panini Hoops Premium Stock,131,Ungraded,Normal wear,,,0,1,2025-10-08,,,,
1887289,Graig Nettles #335,Baseball Cards 1982 Donruss,157,Ungraded,Normal wear,,,0,1,2025-12-25,,,,
9638590,Tristen Newton #108,Basketball Cards 2024 Topps Chrome,104,Ungraded,Normal wear,,,0,1,2025-10-07,,,,
11056873,Jerry Rice #43,Football Cards 1991 Action Packed All Madden,184,Ungraded,Normal wear,,,0,1,2026-01-09,,,,
8703947,Kirill Kaprizov #331,Hockey Cards 2024 Upper Deck,159,Ungraded,Normal wear,,,0,1,2025-10-08,,,,
9942024,Jabari Smith Jr. #144,Basketball Cards 2024 Panini Mosaic,100,Ungraded,Normal wear,,,0,1,2025-10-02,,,,
1941356,Rickey Henderson #304,Baseball Cards 1990 Donruss,62,Ungraded,Normal wear,,,0,1,2026-03-08,2026-03-08,,,
8704197,Artemi Panarin #363,Hockey Cards 2024 Upper Deck,42,Ungraded,Normal wear,,,0,1,2025-10-02,,,,
2044399,Hideo Nomo #201,Baseball Cards 2001 Topps Gold,834,Ungraded,Normal wear,,,0,1,2025-12-01,,,,
9942116,Kris Murray #146,Basketball Cards 2024 Panini Mosaic,0,Ungraded,Normal wear,,,0,1,2025-10-02,,,,
10266453,Trafalgar Law OP12-073,One Piece Legacy of the Master,99,Ungraded,Normal wear,,,0,1,2026-03-02,,,,
8846327,Terrence Shannon Jr. [Green] #224,Basketball Cards 2024 Panini Prizm,154,Ungraded,Normal wear,,,0,1,2025-10-03,,,,
8552002,Reed Sheppard #268,Basketball Cards 2024 Panini Prizm,134,Ungraded,Normal wear,,,0,1,2025-10-02,,,,
1963793,Joe Carter #350,Baseball Cards 1993 Topps Gold,181,Ungraded,Normal wear,,,0,1,2026-03-08,,,,
9262598,Jarrett Allen #94,Basketball Cards 2024 Panini Revolution,119,Ungraded,Normal wear,,,0,1,2025-10-04,,,,
1964680,Dennis Eckersley #155,Baseball Cards 1993 Topps,139,Ungraded,Normal wear,,,0,1,2026-03-07,,,,
9493864,Jer'Zhan Newton #196,Football Cards 2024 Topps Signature Class,150,Ungraded,Normal wear,,,0,1,2025-10-07,,,,
9944024,Kyrie Irving #184,Basketball Cards 2024 Panini Mosaic,177,Ungraded,Normal wear,,,0,1,2025-10-02,,,,
9262138,Victor Wembanyama [Astro] #79,Basketball Cards 2024 Panini Revolution,249,Ungraded,Normal wear,,,143,1,2025-10-04,,,,
8319010,Diamond DeShields #60,Basketball Cards 2024 Panini Prizm Monopoly WNBA,129,Ungraded,Normal wear,,,0,1,2025-10-02,,,,
5252706,Jeff Kent #76,Baseball Cards 2002 Topps Opening Day,169,Ungraded,Normal wear,,,0,1,2025-11-12,,,,
9491998,Brett Favre #16,Football Cards 2024 Topps Signature Class,89,Ungraded,Normal wear,,,0,1,2025-10-07,,,,
8530792,Jalen Suggs #4,Basketball Cards 2024 Panini Prizm,44,Ungraded,Normal wear,,,0,1,2025-08-30,,,,
10739973,Terrance Ferguson #ESR-TFN,Football Cards 2025 Panini Donruss The Elite Series Rookies,107,Ungraded,Normal wear,,,0,1,2025-11-22,,,,
1962759,Chuck Knoblauch #8,Baseball Cards 1993 Stadium Club Murphy,99,Ungraded,Normal wear,,,0,1,2025-12-06,,,,
7614754,Jaime Jaquez Jr. #20,Basketball Cards 2023 Panini Hoops Premium Stock Sheesh,127,Ungraded,Normal wear,,,0,1,2025-10-08,,,,
9493874,Luke McCaffrey #197,Football Cards 2024 Topps Signature Class,149,Ungraded,Normal wear,,,0,1,2025-10-07,,,,
9492138,Cris Carter #32,Football Cards 2024 Topps Signature Class,6,Ungraded,Normal wear,,,0,1,2025-10-07,,,,
3134266,Tyler Bertuzzi #689,Hockey Cards 2020 Upper Deck,128,Ungraded,Normal wear,,,0,1,2025-10-08,,,,
1140219,Reggie White #132,Football Cards 1994 Bowman,179,Ungraded,Normal wear,,,0,1,2026-03-08,,,,
9491811,Kurt Warner #1,Football Cards 2024 Topps Signature Class,17,Ungraded,Normal wear,,,0,1,2025-10-07,,,,
9758884,Nico Collins #41,Football Cards 2024 Panini Contenders,20,Ungraded,Normal wear,,,0,1,2025-10-07,,,,
10216479,Justin Allgaier #5,Racing Cards 2025 Panini Donruss NASCAR,127,Ungraded,Normal wear,,,0,1,2025-10-07,,,,
5868803,Brianna Turner #27,Basketball Cards 2023 Panini Prizm WNBA,14,Ungraded,Normal wear,,,0,1,2025-10-04,,,,
9491888,Chad Johnson #8,Football Cards 2024 Topps Signature Class,40,Ungraded,Normal wear,,,0,1,2025-10-07,,,,
10733165,Quinn Ewers #342,Football Cards 2025 Panini Donruss,100,Ungraded,Normal wear,,,0,1,2025-11-21,,,,
9975635,Jim Thome #SS9,Baseball Cards 2002 Stadium Club Shots,175,Ungraded,Normal wear,,,0,1,2025-12-06,,,,
10733465,Andrew Mukuba #380,Football Cards 2025 Panini Donruss,117,Ungraded,Normal wear,,,0,1,2025-11-22,,,,
9261622,Alperen Sengun #65,Basketball Cards 2024 Panini Revolution,100,Ungraded,Normal wear,,,0,1,2025-10-02,,,,
8534164,Payton Pritchard #46,Basketball Cards 2024 Panini Prizm,99,Ungraded,Normal wear,,,0,1,2025-08-30,,,,
9550658,Vladislav Namestnikov #655,Hockey Cards 2024 Upper Deck,1,Ungraded,Normal wear,,,0,1,2025-10-02,,,,
5872066,Natasha Howard #8,Basketball Cards 2023 Panini Prizm WNBA Get Hyped,198,Ungraded,Normal wear,,,0,1,2025-10-04,,,,
1873133,Graig Nettles #169,Baseball Cards 1976 Topps,250,Ungraded,Normal wear,,,0,1,2025-12-25,,,,
8777736,Terry Rozier III #198,Basketball Cards 2024 Panini Donruss,123,Ungraded,Normal wear,,,0,1,2025-10-08,,,,
9384360,Marc Bernal #39,Soccer Cards 2024 Topps Chrome UEFA,99,Ungraded,Normal wear,,,0,1,2025-10-02,,,,
9264905,Dirk Nowitzki [Astro] #174,Basketball Cards 2024 Panini Revolution,102,Ungraded,Normal wear,,,0,1,2025-10-04,,,,
11826909,Jasmine #DI-32,2025 Topps Chrome Disney Icons,194,Ungraded,Normal wear,,,0,1,2026-03-10,,,,
6908983,Austin Hill #36,Racing Cards 2024 Donruss NASCAR,99,Ungraded,Normal wear,,,0,1,2026-03-07,,,,
9386362,Mattia Liberali [Wave Refractor] #82,Soccer Cards 2024 Topps Chrome UEFA,194,Ungraded,Normal wear,,,0,1,2025-10-07,,,,
8319901,Sabrina Ionescu #WNBA18,Basketball Cards 2024 Panini Prizm Monopoly WNBA Insert,110,Ungraded,Normal wear,,,0,1,2025-10-07,,,,
7608065,Bones Hyland [Ice Prizm] #204,Basketball Cards 2023 Panini Hoops Premium Stock,25,Ungraded,Normal wear,,,0,1,2025-10-08,,,,
8319841,Angel Reese #WNBA16,Basketball Cards 2024 Panini Prizm Monopoly WNBA Insert,199,Ungraded,Normal wear,,,0,1,2025-08-09,,,,
1926911,Roger Clemens #349,Baseball Cards 1988 Fleer,134,Ungraded,Normal wear,,,3,1,2026-01-16,,,,
10732743,Cam Ward #350,Football Cards 2025 Panini Donruss,137,Ungraded,Normal wear,,,0,1,2025-11-21,,,,
8539805,Kristaps Porzingis #114,Basketball Cards 2024 Panini Prizm,67,Ungraded,Normal wear,,,0,1,2025-08-31,,,,
8649283,Don Mattingly #51,Baseball Cards 1989 Topps All Star Glossy Set of 60,0,Ungraded,Normal wear,,,0,1,2026-03-07,,,,
9147119,Kiefer Sherwood #533,Hockey Cards 2020 Upper Deck Extended Series,210,Ungraded,Normal wear,,,0,1,2025-10-04,,,,
9550123,Michael Amadio #594,Hockey Cards 2024 Upper Deck,182,Ungraded,Normal wear,,,0,1,2025-10-02,,,,
8556247,Nikola Topic #230,Basketball Cards 2024 Panini Prizm,139,Ungraded,Normal wear,,,0,1,2025-10-02,,,,
1104798,"Joe Montana [Kelly 3,521 Yds.] #2",Football Cards 1990 Pro Set,169,Ungraded,Normal wear,,,0,1,2026-01-06,,,,ACoolAUCTION - $7 Lot of Football
632028,Bo Jackson #2,Football Cards 1989 Panini Score,358,Ungraded,Normal wear,,,0,1,2026-01-08,,,,ACoolAUCTION - $7 Lot of Football
8703584,Nathan MacKinnon #285,Hockey Cards 2024 Upper Deck,100,Ungraded,Normal wear,,,0,1,2025-10-02,,,,
10202502,Jaylon Tyson [Purple] #253,Basketball Cards 2024 Panini Donruss Optic,131,Ungraded,Normal wear,,,0,1,2025-10-08,,,,
9641436,Jalen Green [Topps Green Refractor] #199,Basketball Cards 2024 Topps Chrome,0,Ungraded,Normal wear,,,0,1,2025-10-07,,,,
5868867,Han Xu #91,Basketball Cards 2023 Panini Prizm WNBA,127,Ungraded,Normal wear,,,0,1,2025-10-04,,,,
8776729,Isaiah Stewart #173,Basketball Cards 2024 Panini Donruss,146,Ungraded,Normal wear,,,0,1,2025-10-08,,,,
9639590,Cam Whitmore #140,Basketball Cards 2024 Topps Chrome,25,Ungraded,Normal wear,,,0,1,2025-10-07,,,,
1099586,Victreebel [1st Edition] #30,Pokemon Jungle,1000,Ungraded,Normal wear,,,550,1,2026-01-08,,,,
9854892,Marina Rodriguez [Prism Refractor] #145,Ufc Cards 2025 Topps Chrome UFC,25,Ungraded,Normal wear,,,0,1,2025-10-07,,,,
1103910,Bo Jackson #330,Football Cards 1990 Panini Score,190,Ungraded,Normal wear,,,0,1,2026-01-08,,,,ACoolAUCTION - $7 Lot of Football
9262122,Chet Holmgren #86,Basketball Cards 2024 Panini Revolution,197,Ungraded,Normal wear,,,0,1,2025-10-02,,,,
631426,Joe Montana #156,Football Cards 1986 Topps,3017700,PSA 10,Normal wear,,,33,9,2026-01-06,,,,ACoolAUCTION - $7 Lot of Football
9385529,Jeremy Doku #69,Soccer Cards 2024 Topps Chrome UEFA,25,Ungraded,Normal wear,,,0,1,2025-10-02,,,,
8318508,Haley Jones #43,Basketball Cards 2024 Panini Prizm Monopoly WNBA,201,Ungraded,Normal wear,,,0,1,2025-10-02,,,,
8550148,Nikola Durisic [Red White Blue] #229,Basketball Cards 2024 Panini Prizm,123,Ungraded,Normal wear,,,0,1,2025-10-02,,,,
8028323,Ethan Nwaneri #158,Soccer Cards 2024 Topps UEFA,175,Ungraded,Normal wear,,,0,1,2025-10-07,,,,
8537152,Alex Caruso #83,Basketball Cards 2024 Panini Prizm,150,Ungraded,Normal wear,,,0,1,2025-08-31,,,,
6402128,Cleveland Municipal Stadium #321,Baseball Cards 1994 Score,0,Ungraded,Normal wear,,,0,1,2026-03-08,,,,
1965309,Anthony Young #734,Baseball Cards 1993 Topps,127,Ungraded,Normal wear,,,0,1,2025-11-12,,,,
276383,Bucky Badger #78,Football Cards 2019 Panini Prizm Draft Picks,200,Ungraded,Normal wear,,,0,1,2025-12-01,,,,
7373898,Saquon Barkley #TUR-SBA,Football Cards 2023 Panini Select Turbocharged,99,Ungraded,Normal wear,,,0,1,2025-10-02,,,,
8882524,Noah Dobson #588,Hockey Cards 2020 Upper Deck Extended Series,149,Ungraded,Normal wear,,,0,1,2025-10-04,,,,
9945486,Donte DiVincenzo #73,Basketball Cards 2024 Panini Mosaic,200,Ungraded,Normal wear,,,0,1,2025-10-02,,,,
1947034,Frank Viola #882,Baseball Cards 1991 Score,112,Ungraded,Normal wear,,,0,1,2025-12-25,,,,
9097296,Michael Pittman Jr. #109,Football Cards 2024 Panini Phoenix,23,Ungraded,Normal wear,,,0,1,2025-10-02,,,,
9390244,Harry Amass #179,Soccer Cards 2024 Topps Chrome UEFA,161,Ungraded,Normal wear,,,0,1,2025-10-02,,,,
1945698,Greg Maddux #127,Baseball Cards 1991 Leaf,100,Ungraded,Normal wear,,,0,1,2026-03-07,,,,
1103910,Bo Jackson #330,Football Cards 1990 Panini Score,190,Ungraded,Normal wear,,,0,1,2026-01-08,,,,ACoolAUCTION - $7 Lot of Football
2826406,Danny Tartabull #191,Baseball Cards 1992 Stadium Club,84,Ungraded,Normal wear,,,0,1,2025-11-12,,,,
1964745,Kirby Puckett #200,Baseball Cards 1993 Topps,175,Ungraded,Normal wear,,,0,1,2026-03-07,,,,
1941294,Ryne Sandberg #105,Baseball Cards 1990 Donruss,149,Ungraded,Normal wear,,,0,1,2025-11-02,,,,
1936976,Andre Dawson #10,Baseball Cards 1989 Topps,99,Ungraded,Normal wear,,,0,1,2026-03-07,,,,
8543302,Darius Garland [Red Ice] #146,Basketball Cards 2024 Panini Prizm,125,Ungraded,Normal wear,,,0,1,2025-10-02,,,,
7609469,Malik Beasley #239,Basketball Cards 2023 Panini Hoops Premium Stock,141,Ungraded,Normal wear,,,0,1,2025-10-08,,,,
9759048,George Karlaftis #51,Football Cards 2024 Panini Contenders,169,Ungraded,Normal wear,,,0,1,2025-10-07,,,,
9492082,Randy Moss #30,Football Cards 2024 Topps Signature Class,97,Ungraded,Normal wear,,,0,1,2025-10-07,,,,
7351310,C.J. Stroud [Green] #41,Football Cards 2023 Panini Select,489,Ungraded,Normal wear,,,0,1,2026-01-16,2026-01-16,,,
9200183,Marshall Faulk #54,Football Cards 2024 Topps Resurgence,116,Ungraded,Normal wear,,,0,1,2025-10-02,,,,
9091811,Bradley Chubb #15,Football Cards 2024 Panini Phoenix,125,Ungraded,Normal wear,,,0,1,2025-10-02,,,,
9046479,Anthony Edwards [Sparkle] #88,Basketball Cards 2024 Panini Prizm Monopoly,0,Ungraded,Normal wear,,,0,1,2025-10-04,,,,
6635648,Jerry Rice #OF6,Football Cards 1995 Panini Score Offense Inc,149,Ungraded,Normal wear,,,0,1,2026-01-09,,,,ACoolAUCTION - $7 Lot of Football
1931071,Tino Martinez #66T,Baseball Cards 1988 Topps Traded Tiffany,700,Ungraded,Normal wear,,,0,1,2025-12-25,,,,
4647711,2012 W [BURNISHED],Coins American Silver Eagle,12000,MS69,No blemishes,,,6800,1,2026-01-10,2025-12-26,NGC,3616222338,ACoolCOIN - American Silver Eagle
8769045,Myles Turner #29,Basketball Cards 2024 Panini Donruss,111,Ungraded,Normal wear,,,0,1,2025-10-08,,,,
3668383,Jerry Rice #10,Football Cards 1993 Action Packed All Madden,153,Ungraded,Normal wear,,,0,1,2026-01-09,,,,ACoolAUCTION - $7 Lot of Football
2045741,Mike Stanton #12,Baseball Cards 2001 Topps,165,Ungraded,Normal wear,,,0,1,2025-12-25,,,,
10732742,Tyleik Williams #360,Football Cards 2025 Panini Donruss,90,Ungraded,Normal wear,,,0,1,2025-11-21,,,,
10819453,Victor Wembanyama #195,Basketball Cards 2025 Topps,131,Ungraded,Normal wear,,,0,1,2026-03-10,,,,2025 - 26 TOPPS Flagship Basketball
8772109,Jalen Green #86,Basketball Cards 2024 Panini Donruss,150,Ungraded,Normal wear,,,0,1,2025-10-08,,,,
10199044,Luka Doncic #214,Basketball Cards 2024 Panini Donruss Optic,156,Ungraded,Normal wear,,,0,1,2025-10-08,,,,
8025177,Ayase Ueda #74,Soccer Cards 2024 Topps UEFA,1,Ungraded,Normal wear,,,0,1,2025-10-07,,,,
6952827,Conor Gallagher #134,Soccer Cards 2023 Panini Select Premier League,1,Ungraded,Normal wear,,,0,1,2025-10-07,,,,
9852531,Aljamain Sterling #64,Ufc Cards 2025 Topps Chrome UFC,25,Ungraded,Normal wear,,,0,1,2025-10-07,,,,
8317558,Natasha Cloud #11,Basketball Cards 2024 Panini Prizm Monopoly WNBA,175,Ungraded,Normal wear,,,0,1,2025-10-02,,,,
3134210,Jimmy Vesey #633,Hockey Cards 2020 Upper Deck,138,Ungraded,Normal wear,,,0,1,2025-10-08,,,,
1964625,Mark McGwire #100,Baseball Cards 1993 Topps,134,Ungraded,Normal wear,,,0,1,2026-03-07,,,,
633176,Joe Montana #381,Football Cards 1989 Pro Set,194,Ungraded,Normal wear,,,0,1,2026-03-08,,,,
6413512,Ausar Thompson #27,Basketball Cards 2023 Panini Prizm Monopoly,126,Ungraded,Normal wear,,,0,1,2025-10-04,,,,
8560342,Giannis Antetokounmpo #4,Basketball Cards 2024 Panini Prizm Dominance,130,Ungraded,Normal wear,,,0,1,2025-10-02,,,,
8551667,Aaron Gordon #168,Basketball Cards 2024 Panini Prizm,100,Ungraded,Normal wear,,,0,1,2025-10-02,,,,
8551347,Magic Johnson #294,Basketball Cards 2024 Panini Prizm,150,Ungraded,Normal wear,,,0,1,2025-08-31,,,,
9855088,Brandon Royval #152,Ufc Cards 2025 Topps Chrome UFC,99,Ungraded,Normal wear,,,0,1,2025-10-07,,,,
8777003,Kelly Oubre Jr. #183,Basketball Cards 2024 Panini Donruss,25,Ungraded,Normal wear,,,0,1,2025-10-08,,,,
8546613,Malik Beasley #211,Basketball Cards 2024 Panini Prizm,100,Ungraded,Normal wear,,,0,1,2025-10-02,,,,
7356931,DK Metcalf [Green Yellow Prizm Die-Cut] #170,Football Cards 2023 Panini Select,99,Ungraded,Normal wear,,,0,1,2025-10-02,,,,
6076699,Owen Tippett #559,Hockey Cards 2020 Upper Deck Extended Series,130,Ungraded,Normal wear,,,0,1,2025-10-04,,,,
9200501,Rob Gronkowski #66,Football Cards 2024 Topps Resurgence,99,Ungraded,Normal wear,,,0,1,2025-10-02,,,,
8703358,Jeremy Swayman #256,Hockey Cards 2024 Upper Deck,138,Ungraded,Normal wear,,,0,1,2025-10-02,,,,
2920102,Jim Abbott #1,Baseball Cards 1990 Topps Glossy Rookies,99,Ungraded,Normal wear,,,0,1,2025-10-08,,,,
1964741,Pat Kelly #196,Baseball Cards 1993 Topps,135,Ungraded,Normal wear,,,0,1,2026-03-07,,,,
10192729,Aaron Nesmith #132,Basketball Cards 2024 Panini Donruss Optic,129,Ungraded,Normal wear,,,0,1,2025-10-08,,,,
10005860,Hunter Renfroe #125,Baseball Cards 2025 Topps Chrome,15,Ungraded,Normal wear,,,0,1,2025-08-09,,,,
7718607,Robby Grossman #BDPP10,Baseball Cards 2018 Bowman Draft,0,Ungraded,Normal wear,,,0,1,2025-11-02,,,,
1932885,David Cone #375,Baseball Cards 1989 Bowman,125,Ungraded,Normal wear,,,0,1,2026-01-16,,,,1989 Bowman
9784846,Adem Bona [Blue Cracked Ice Prizm] #97,Basketball Cards 2024 Panini Select,91,Ungraded,Normal wear,,,0,1,2025-08-08,,,,
9261033,Jalen Duren #47,Basketball Cards 2024 Panini Revolution,120,Ungraded,Normal wear,,,0,1,2025-10-02,,,,
9759779,Pat Freiermuth #84,Football Cards 2024 Panini Contenders,209,Ungraded,Normal wear,,,104,1,2025-10-07,,,,
8703717,Sam Steel #302,Hockey Cards 2024 Upper Deck,145,Ungraded,Normal wear,,,0,1,2025-10-08,,,,
8557181,Jaylen Wells #239,Basketball Cards 2024 Panini Prizm,125,Ungraded,Normal wear,,,0,1,2025-10-02,,,,
3134199,Jordan Kyrou #622,Hockey Cards 2020 Upper Deck,130,Ungraded,Normal wear,,,0,1,2025-10-08,,,,
9260137,Derrick White #18,Basketball Cards 2024 Panini Revolution,100,Ungraded,Normal wear,,,0,1,2025-10-02,,,,
11824439,Animal #124,2025 Topps Chrome Disney,198,Ungraded,Normal wear,,,0,1,2026-03-10,,,,
9759240,Tua Tagovailoa #61,Football Cards 2024 Panini Contenders,13,Ungraded,Normal wear,,,0,1,2025-10-07,,,,
7603505,Mike Conley #91,Basketball Cards 2023 Panini Hoops Premium Stock,20,Ungraded,Normal wear,,,0,1,2025-10-08,,,,
9759054,Patrick Mahomes II [Game Ticket Red] #50,Football Cards 2024 Panini Contenders,150,Ungraded,Normal wear,,,0,1,2025-10-07,,,,
9549388,Jason Zucker #510,Hockey Cards 2024 Upper Deck,99,Ungraded,Normal wear,,,0,1,2025-10-04,,,,
9638440,Kevin Durant #101,Basketball Cards 2024 Topps Chrome,99,Ungraded,Normal wear,,,0,1,2025-10-07,,,,
8318862,Dana Evans #55,Basketball Cards 2024 Panini Prizm Monopoly WNBA,177,Ungraded,Normal wear,,,0,1,2025-10-02,,,,
3134247,Tristan Jarry #670,Hockey Cards 2020 Upper Deck,107,Ungraded,Normal wear,,,0,1,2025-10-08,,,,
10010321,Jace Jung #225,Baseball Cards 2025 Topps Chrome,112,Ungraded,Normal wear,,,0,1,2025-08-09,,,,
1924953,Kevin McReynolds #76T,Baseball Cards 1987 Topps Traded,132,Ungraded,Normal wear,,,0,1,2026-01-16,2026-01-15,,,
9959704,Zaccharie Risacher [Green] #20,Basketball Cards 2024 Panini Mosaic Thunder Road,100,Ungraded,Normal wear,,,0,1,2025-10-03,,,,
9853624,Erin Blanchfield #97,Ufc Cards 2025 Topps Chrome UFC,25,Ungraded,Normal wear,,,0,1,2025-10-07,,,,
8563345,Lawrence Butler #106,Baseball Cards 2025 Topps,110,Ungraded,Normal wear,,,0,1,2025-10-14,,,,
7604998,Jaden McDaniels [Ice Prizm] #128,Basketball Cards 2023 Panini Hoops Premium Stock,197,Ungraded,Normal wear,,,0,1,2025-10-08,,,,
1929032,Roger Clemens #110,Baseball Cards 1988 Score,156,Ungraded,Normal wear,,,3,1,2026-01-16,,,,
1877323,Graig Nettles #250,Baseball Cards 1978 Topps,171,Ungraded,Normal wear,,,0,1,2025-12-25,,,,
8883354,Evgenii Dadonov #598,Hockey Cards 2020 Upper Deck Extended Series,25,Ungraded,Normal wear,,,0,1,2025-10-04,,,,
1879172,Rod Carew #300,Baseball Cards 1979 Topps,1544690,PSA 10,Normal wear,,,0,10,2025-12-25,,,,
8543571,OG Anunoby #149,Basketball Cards 2024 Panini Prizm,99,Ungraded,Normal wear,,,0,1,2025-10-02,,,,
1964505,Barry Bonds #2,Baseball Cards 1993 Topps,196,Ungraded,Normal wear,,,0,1,2026-03-07,,,,
1894377,Tommy John #522,Baseball Cards 1984 Fleer,125,Ungraded,Normal wear,,,0,1,2025-12-25,,,,
6912612,Tanner Gray [Orange Velocity Optic] #119,Racing Cards 2024 Donruss NASCAR,0,Ungraded,Normal wear,,,0,1,2026-03-07,,,,
8561118,Alperen Sengun #1,Basketball Cards 2024 Panini Prizm Global Reach,104,Ungraded,Normal wear,,,0,1,2025-10-02,,,,
9198862,Michael Vick #3,Football Cards 2024 Topps Resurgence,108,Ungraded,Normal wear,,,0,1,2025-10-02,,,,
9790991,Jamal Murray #120,Basketball Cards 2024 Panini Select,100,Ungraded,Normal wear,,,0,1,2025-10-04,,,,
9859197,Paulo Costa #AAG-14,Ufc Cards 2025 Topps Chrome UFC Allen & Ginter,186,Ungraded,Normal wear,,,0,1,2025-10-07,,,,
10005952,Mark Vientos #129,Baseball Cards 2025 Topps Chrome,99,Ungraded,Normal wear,,,0,1,2025-08-09,,,,
9262204,Jamal Murray #84,Basketball Cards 2024 Panini Revolution,99,Ungraded,Normal wear,,,0,1,2025-10-02,,,,
1947395,Darryl Strawberry #301,Baseball Cards 1991 Stadium Club,162,Ungraded,Normal wear,,,0,1,2026-01-16,2026-01-15,,,
1887363,Tommy John #409,Baseball Cards 1982 Donruss,160,Ungraded,Normal wear,,,0,1,2026-03-08,,,,
1938114,Tom Glavine #360,Baseball Cards 1989 Upper Deck,149,Ungraded,Normal wear,,,0,1,2025-10-08,,,,
9949297,Ja'Kobe Walter #253,Basketball Cards 2024 Panini Mosaic,100,Ungraded,Normal wear,,,0,1,2025-10-03,,,,
9950199,Yves Missi #255,Basketball Cards 2024 Panini Mosaic,114,Ungraded,Normal wear,,,0,1,2025-10-03,,,,
8771305,Donte DiVincenzo #77,Basketball Cards 2024 Panini Donruss,77,Ungraded,Normal wear,,,0,1,2025-10-08,,,,
6909821,Hailie Deegan #102,Racing Cards 2024 Donruss NASCAR,146,Ungraded,Normal wear,,,0,1,2026-03-06,2026-03-06,,,2024 DonRuss Racing NASCAR
8531191,Kelly Oubre Jr. #9,Basketball Cards 2024 Panini Prizm,25,Ungraded,Normal wear,,,0,1,2025-08-31,,,,
8531918,Andre Drummond #18,Basketball Cards 2024 Panini Prizm,146,Ungraded,Normal wear,,,0,1,2025-08-31,,,,
8563454,Rece Hinds #217,Baseball Cards 2025 Topps,133,Ungraded,Normal wear,,,0,1,2025-10-14,,,,
1159436,Brett Favre [Silver] #U73,Football Cards 1995 Collector's Choice Update,248,Ungraded,Normal wear,,,33,1,2026-01-06,,,,
9758568,Courtland Sutton #28,Football Cards 2024 Panini Contenders,99,Ungraded,Normal wear,,,0,1,2025-10-07,,,,
8533614,Ivica Zubac [Red White Blue] #39,Basketball Cards 2024 Panini Prizm,99,Ungraded,Normal wear,,,0,1,2025-08-30,,,,
8560650,Nikola Topic #18,Basketball Cards 2024 Panini Prizm Emergent,125,Ungraded,Normal wear,,,0,1,2025-10-08,,,,
9387684,Deniz Gul #117,Soccer Cards 2024 Topps Chrome UEFA,99,Ungraded,Normal wear,,,0,1,2025-10-02,,,,
10203475,Cam Spencer #269,Basketball Cards 2024 Panini Donruss Optic,127,Ungraded,Normal wear,,,0,1,2025-10-08,,,,
8318036,Nancy Lieberman #27,Basketball Cards 2024 Panini Prizm Monopoly WNBA,200,Ungraded,Normal wear,,,0,1,2025-10-02,,,,
9782161,Amen Thompson #59,Basketball Cards 2024 Panini Select,100,Ungraded,Normal wear,,,0,1,2025-10-04,,,,
9263913,Bronny James Jr. [Astro] #118,Basketball Cards 2024 Panini Revolution,162,Ungraded,Normal wear,,,0,1,2026-01-16,,,,
9936043,Ben Simmons [Purple Fluorescent] #30,Basketball Cards 2024 Panini Mosaic,0,Ungraded,Normal wear,,,0,1,2025-10-03,,,,
10964718,Richard Seymour #171,Football Cards 2025 Panini Mosaic,99,Ungraded,Normal wear,,,0,1,2026-03-05,,,,
4514362,Rob Font #18,Ufc Cards 2022 Panini Donruss Optic UFC,115,Ungraded,Normal wear,,,0,1,2025-10-02,,,,
10819168,Nicolas Batum #146,Basketball Cards 2025 Topps,99,Ungraded,Normal wear,,,0,1,2026-03-10,,,,2025 - 26 TOPPS Flagship Basketball
10050104,Tony Tony Chopper #1946,Funko POP Animation,1999,Brand New,Normal wear,,,0,1,2025-11-22,,,,
3465819,Jorge Posada #36,Baseball Cards 2002 Stadium Club,117,Ungraded,Normal wear,,,0,1,2025-10-08,,,,
9201191,Jerome Bettis #86,Football Cards 2024 Topps Resurgence,68,Ungraded,Normal wear,,,0,1,2025-10-02,,,,
8024971,Heung-min Son #68,Soccer Cards 2024 Topps UEFA,126,Ungraded,Normal wear,,,0,1,2025-10-07,,,,
9391320,Pedro Goncalves #134,Soccer Cards 2024 Topps Chrome UEFA,200,Ungraded,Normal wear,,,0,1,2025-10-02,,,,
9935479,Brook Lopez #45,Basketball Cards 2024 Panini Mosaic,100,Ungraded,Normal wear,,,0,1,2025-10-02,,,,
2037102,"Larry Walker, Manny Ramirez #467",Baseball Cards 2000 Topps,125,Ungraded,Normal wear,,,0,1,2026-01-16,2026-01-15,,,
8563268,Angel Martinez #27,Baseball Cards 2025 Topps,99,Ungraded,Normal wear,,,0,1,2025-10-14,,,,
1893172,Reggie Jackson #501,Baseball Cards 1983 Topps,155,Ungraded,Normal wear,,,0,1,2025-12-25,,,,
7353136,George Pickens #83,Football Cards 2023 Panini Select,173,Ungraded,Normal wear,,,0,1,2025-10-02,,,,
1957554,Gary Sheffield #695,Baseball Cards 1992 Topps,118,Ungraded,Normal wear,,,0,1,2026-03-07,,,,
10014473,Joey Bart #133,Baseball Cards 2025 Topps Chrome,189,Ungraded,Normal wear,,,0,1,2025-08-09,,,,
10212846,Tim Duncan #12,Basketball Cards 2024 Panini Donruss Optic Winner Stays,123,Ungraded,Normal wear,,,0,1,2025-10-08,,,,
8024971,Heung-min Son #68,Soccer Cards 2024 Topps UEFA,126,Ungraded,Normal wear,,,0,1,2026-01-16,,,,2024-25 Topps Chrome UEFA Club Competitions 
7599437,Will Clark #11,Baseball Cards 1989 Topps All Star Glossy Set of 60,0,Ungraded,Normal wear,,,0,1,2026-03-07,,,,
9937942,Kelly Oubre Jr. [Genesis] #81,Basketball Cards 2024 Panini Mosaic,850,Ungraded,Normal wear,,,0,1,2025-08-31,,,,
9004608,David Montgomery #65,Football Cards 2024 Panini Donruss Optic,104,Ungraded,Normal wear,,,0,1,2025-10-04,,,,
10212328,Trae Young #9,Basketball Cards 2024 Panini Donruss Optic Splash,110,Ungraded,Normal wear,,,0,1,2025-10-08,,,,
9960236,Bub Carrington #7,Basketball Cards 2024 Panini Mosaic Jam Masters,132,Ungraded,Normal wear,,,0,1,2025-10-03,,,,
3134211,Jay Beagle #634,Hockey Cards 2020 Upper Deck,1,Ungraded,Normal wear,,,0,1,2025-10-08,,,,
9950482,Tidjane Salaun [Reactive Blue] #268,Basketball Cards 2024 Panini Mosaic,127,Ungraded,Normal wear,,,0,1,2025-12-25,,,,
8317356,Nika Muhl [Go] #4,Basketball Cards 2024 Panini Prizm Monopoly WNBA,998,Ungraded,Normal wear,,,73,1,2025-08-09,,,,
9045224,Bronny James Jr. #45,Basketball Cards 2024 Panini Prizm Monopoly,125,Ungraded,Normal wear,,,0,1,2025-08-31,,,,
9934398,Jordan Hawkins [Red Seismic] #26,Basketball Cards 2024 Panini Mosaic,6,Ungraded,Normal wear,,,0,1,2025-08-31,,,,
10014329,Elly De La Cruz [Green Speckle Image Variation] #174,Baseball Cards 2025 Topps Chrome,26580,PSA 10,Normal wear,,,0,1,2025-08-09,,,,2024 Topps Chrome
7356795,Bryce Young #167,Football Cards 2023 Panini Select,147,Ungraded,Normal wear,,,0,1,2025-10-02,,,,
9011890,Kris Jenkins #265,Football Cards 2024 Panini Donruss Optic,193,Ungraded,Normal wear,,,0,1,2025-10-04,,,,
9758545,Micah Parsons #27,Football Cards 2024 Panini Contenders,99,Ungraded,Normal wear,,,0,1,2025-10-07,,,,
10840494,Yang Hansen #GN-16,Basketball Cards 2025 Topps Generation Now,141,Ungraded,Normal wear,,,0,1,2026-03-10,,,,2025 - 26 TOPPS Flagship Basketball
9935480,Zach LaVine #44,Basketball Cards 2024 Panini Mosaic,144,Ungraded,Normal wear,,,0,1,2025-10-02,,,,
6578701,Dracule Mihawk ST12-003,One Piece Starter Deck 12,469,Ungraded,Normal wear,,,0,1,2026-03-02,,,,
8319415,Dawn Staley [Light Blue] #WNBA1,Basketball Cards 2024 Panini Prizm Monopoly WNBA Insert,488,Ungraded,Normal wear,,,0,2,2025-08-09,,,,
8703976,Jacob Middleton #335,Hockey Cards 2024 Upper Deck,99,Ungraded,Normal wear,,,0,1,2025-10-02,,,,
6953273,Willian #149,Soccer Cards 2023 Panini Select Premier League,99,Ungraded,Normal wear,,,0,1,2025-10-07,,,,
9261896,Naz Reid #72,Basketball Cards 2024 Panini Revolution,147,Ungraded,Normal wear,,,0,1,2025-10-02,,,,
10966650,Cade Otton [Mosaic Reactive Yellow] #211,Football Cards 2025 Panini Mosaic,99,Ungraded,Normal wear,,,0,1,2026-03-05,,,,
8318712,Cynthia Cooper-Dyke #50,Basketball Cards 2024 Panini Prizm Monopoly WNBA,180,Ungraded,Normal wear,,,0,1,2025-10-02,,,,
1937405,Roger Clemens #450,Baseball Cards 1989 Topps,130,Ungraded,Normal wear,,,3,1,2026-01-16,2026-01-16,,,
9938367,Rui Hachimura #88,Basketball Cards 2024 Panini Mosaic,164,Ungraded,Normal wear,,,0,1,2025-10-02,,,,
1925415,Fernando Valenzuela #410,Baseball Cards 1987 Topps,191,Ungraded,Normal wear,,,0,1,2026-03-07,,,,
214574,Joe Montana #226,Football Cards 2019 Donruss,167,Ungraded,Normal wear,,,33,1,2026-01-06,,,,ACoolAUCTION - $7 Lot of Football
7352656,Bryan Bresee [Green Yellow Prizm Die-Cut] #72,Football Cards 2023 Panini Select,100,Ungraded,Normal wear,,,0,1,2025-10-02,,,,
9948498,Yves Missi #243,Basketball Cards 2024 Panini Mosaic,149,Ungraded,Normal wear,,,0,1,2025-10-02,,,,
8882541,Phil Di Giuseppe #592,Hockey Cards 2020 Upper Deck Extended Series,149,Ungraded,Normal wear,,,0,1,2025-10-04,,,,
8776361,Giannis Antetokounmpo #172,Basketball Cards 2024 Panini Donruss,127,Ungraded,Normal wear,,,0,1,2025-10-08,,,,
11821870,Bucky the Squirrel #23,2025 Topps Chrome Disney,176,Ungraded,Normal wear,,,0,1,2026-03-10,,,,
8561142,Giannis Antetokounmpo #4,Basketball Cards 2024 Panini Prizm Global Reach,111,Ungraded,Normal wear,,,0,1,2025-08-31,,,,
9398383,Pau Cubarsi #WK-13,Soccer Cards 2024 Topps Chrome UEFA Wonderkids,150,Ungraded,Normal wear,,,0,1,2025-10-07,,,,
8539082,Bogdan Bogdanovic #105,Basketball Cards 2024 Panini Prizm,30,Ungraded,Normal wear,,,0,1,2025-08-31,,,,
1892894,Joe Niekro #221,Baseball Cards 1983 Topps,129,Ungraded,Normal wear,,,0,1,2026-03-08,2026-03-08,,,
1925405,George Brett #400,Baseball Cards 1987 Topps,140,Ungraded,Normal wear,,,0,1,2026-03-07,,,,
9855283,Kai Asakura #161,Ufc Cards 2025 Topps Chrome UFC,113,Ungraded,Normal wear,,,0,1,2025-10-07,,,,
8139386,Jessie Bates III #7,Football Cards 2024 Panini Absolute,31,Ungraded,Normal wear,,,0,1,2025-10-02,,,,
7350699,Deuce Vaughn #28,Football Cards 2023 Panini Select,106,Ungraded,Normal wear,,,0,1,2025-10-02,,,,
8704072,Luke Schenn #347,Hockey Cards 2024 Upper Deck,95,Ungraded,Normal wear,,,0,1,2025-10-02,,,,
9209117,Michael Pratt #C-10,Football Cards 2024 Topps Resurgence Conductors,100,Ungraded,Normal wear,,,0,1,2025-10-03,,,,
155020,Anthony Mason #430,Basketball Cards 1991 Upper Deck,179,Ungraded,Normal wear,,,0,1,2025-12-06,,,,
1867911,Jerry Terrell #481,Baseball Cards 1974 Topps,331,Ungraded,Normal wear,,,0,1,2025-12-06,,,,
9760123,Bobby Wagner #100,Football Cards 2024 Panini Contenders,85,Ungraded,Normal wear,,,0,1,2025-10-07,,,,
8319577,DeWanna Bonner #WNBA7,Basketball Cards 2024 Panini Prizm Monopoly WNBA Insert,89,Ungraded,Normal wear,,,0,1,2025-10-07,,,,
8540103,DeMar DeRozan [Red White Blue] #117,Basketball Cards 2024 Panini Prizm,129,Ungraded,Normal wear,,,0,1,2025-10-02,,,,
9492425,Will Levis #59,Football Cards 2024 Topps Signature Class,126,Ungraded,Normal wear,,,0,1,2025-10-07,,,,
6665850,Aaron Judge #TN-3,Baseball Cards 2018 Topps Now,213,Ungraded,Normal wear,,,0,1,2025-11-12,,,,
10216630,Kyle Weatherman #4,Racing Cards 2025 Panini Donruss NASCAR,114,Ungraded,Normal wear,,,0,1,2025-10-07,,,,
9852995,Jonathan Martinez [Prism Refractor] #80,Ufc Cards 2025 Topps Chrome UFC,25,Ungraded,Normal wear,,,0,1,2025-10-07,,,,
6414457,Julius Randle #58,Basketball Cards 2023 Panini Prizm Monopoly,99,Ungraded,Normal wear,,,0,1,2025-10-04,,,,
1971219,Darren Daulton #380,Baseball Cards 1994 Topps,149,Ungraded,Normal wear,,,0,1,2026-03-08,2026-03-08,,,
9383232,Samuel Mbangula #12,Soccer Cards 2024 Topps Chrome UEFA,99,Ungraded,Normal wear,,,0,1,2025-10-02,,,,
1925485,Jim Rice #480,Baseball Cards 1987 Topps,157,Ungraded,Normal wear,,,0,1,2026-03-07,,,,
1979190,Len Dykstra #120,Baseball Cards 1995 Topps,142,Ungraded,Normal wear,,,0,1,2026-03-05,,,,
10198402,James Harden #211,Basketball Cards 2024 Panini Donruss Optic,99,Ungraded,Normal wear,,,0,1,2025-10-08,,,,
9383021,Vini Jr. #7,Soccer Cards 2024 Topps Chrome UEFA,162,Ungraded,Normal wear,,,0,1,2025-10-02,,,,
9758306,D'Andre Swift #16,Football Cards 2024 Panini Contenders,135,Ungraded,Normal wear,,,0,1,2025-10-07,,,,
9940339,Dereck Lively II #115,Basketball Cards 2024 Panini Mosaic,25,Ungraded,Normal wear,,,0,1,2025-10-02,,,,
5556828,Pedro Martinez #85,Baseball Cards 2002 Topps Opening Day,155,Ungraded,Normal wear,,,0,1,2025-12-06,,,,
9782162,Amen Thompson [Blue] #59,Basketball Cards 2024 Panini Select,125,Ungraded,Normal wear,,,0,1,2026-01-16,2026-01-16,,,
4913608,David Justice #402,Baseball Cards 1990 Leaf,25,Ungraded,Normal wear,,,0,1,2026-03-08,,,,
7649214,Xavier Woods #45,Football Cards 2024 Panini Prestige,133,Ungraded,Normal wear,,,0,1,2025-10-02,,,,
8703968,Marcus Foligno #334,Hockey Cards 2024 Upper Deck,99,Ungraded,Normal wear,,,0,1,2025-10-02,,,,
9259627,CJ McCollum #2,Basketball Cards 2024 Panini Revolution,99,Ungraded,Normal wear,,,0,1,2025-10-04,,,,
9791088,Karl-Anthony Towns #114,Basketball Cards 2024 Panini Select,110,Ungraded,Normal wear,,,0,1,2025-10-04,,,,
9945743,Terrence Shannon Jr. [Blue Fluorescent] #205,Basketball Cards 2024 Panini Mosaic,12298,PSA 10,Normal wear,,,125,1,2025-10-03,,,,
8563287,Tanner Houck #46,Baseball Cards 2025 Topps,99,Ungraded,Normal wear,,,0,1,2025-10-14,,,,
1979224,Jeff Kent #185,Baseball Cards 1995 Topps,155,Ungraded,Normal wear,,,0,1,2025-12-06,,,,
9385547,Daniel Yanez #66,Soccer Cards 2024 Topps Chrome UEFA,147,Ungraded,Normal wear,,,0,1,2026-01-16,,,,
10818825,Franz Wagner #88,Basketball Cards 2025 Topps,116,Ungraded,Normal wear,,,0,1,2026-03-10,,,,
10819148,James Harden #143,Basketball Cards 2025 Topps,99,Ungraded,Normal wear,,,0,1,2026-03-10,,,,2025 - 26 TOPPS Flagship Basketball
7537353,Barry Sanders #144,Football Cards 1999 Pacific,129,Ungraded,Normal wear,,,3,1,2026-01-09,,,,ACoolAUCTION - $7 Lot of Football
9265999,Stephen Curry #3,Basketball Cards 2024 Panini Revolution Hardwood Legacy,171,Ungraded,Normal wear,,,0,1,2025-08-13,,,,
8879999,Cedric Paquette #523,Hockey Cards 2020 Upper Deck Extended Series,25,Ungraded,Normal wear,,,0,1,2025-10-04,,,,
8560240,Victor Wembanyama [Green] #2,Basketball Cards 2024 Panini Prizm Deep Space,325,Ungraded,Normal wear,,,0,1,2025-10-08,,,,
10266396,Kouzuki Hiyori OP12-028,One Piece Legacy of the Master,52,Ungraded,Normal wear,,,0,1,2026-03-02,,,,
4784843,Sandy Alomar #312,Baseball Cards 2001 Topps,156,Ungraded,Normal wear,,,0,1,2025-12-01,,,,
8704360,Brandon Tanev #392,Hockey Cards 2024 Upper Deck,99,Ungraded,Normal wear,,,0,1,2025-10-08,,,,
10818650,Brandon Miller #68,Basketball Cards 2025 Topps,99,Ungraded,Normal wear,,,0,1,2026-03-10,,,,2025 - 26 TOPPS Flagship Basketball
8778545,Pacome Dadiet #211,Basketball Cards 2024 Panini Donruss,99,Ungraded,Normal wear,,,0,1,2025-10-08,,,,
9264400,Tristan da Silva [Infinite] #142,Basketball Cards 2024 Panini Revolution,580,Ungraded,Normal wear,,,0,1,2025-08-13,,,,
9947028,Matas Buzelis #223,Basketball Cards 2024 Panini Mosaic,154,Ungraded,Normal wear,,,33,1,2026-01-16,,,,
8320021,Brittney Griner #WNBA22,Basketball Cards 2024 Panini Prizm Monopoly WNBA Insert,166,Ungraded,Normal wear,,,0,1,2025-10-07,,,,
10018563,Mookie Betts #90CB-8,Baseball Cards 2025 Topps Chrome 1990,163,Ungraded,Normal wear,,,0,1,2025-08-09,,,,
8533922,Miles Bridges #43,Basketball Cards 2024 Panini Prizm,100,Ungraded,Normal wear,,,0,1,2025-08-30,,,,
9575257,Alex Jimenez #43,Soccer Cards 2024 Panini Select FIFA,226,Ungraded,Normal wear,,,0,1,2025-08-07,,,,
8557917,Buddy Hield [Red White Blue] #200,Basketball Cards 2024 Panini Prizm,185,Ungraded,Normal wear,,,0,1,2025-10-02,,,,
7945355,Jonah Elliss #364,Football Cards 2024 Panini Mosaic,99,Ungraded,Normal wear,,,0,1,2025-10-04,,,,
6578701,Dracule Mihawk ST12-003,One Piece Starter Deck 12,469,Ungraded,Normal wear,,,0,1,2026-03-02,,,,
8783006,LeBron James #7,Basketball Cards 2024 Panini Donruss Bomb Squad,151,Ungraded,Normal wear,,,0,1,2025-10-08,,,,
9579324,Declan Rice #167,Soccer Cards 2024 Panini Select FIFA,12,Ungraded,Normal wear,,,0,1,2025-08-07,,,,
10200059,Pau Gasol #234,Basketball Cards 2024 Panini Donruss Optic,119,Ungraded,Normal wear,,,0,1,2025-10-08,,,,
8881936,Anthony Duclair #556,Hockey Cards 2020 Upper Deck Extended Series,99,Ungraded,Normal wear,,,0,1,2025-10-04,,,,
9044511,Ivica Zubac [Millionaire Club] #21,Basketball Cards 2024 Panini Prizm Monopoly,99,Ungraded,Normal wear,,,0,1,2025-11-27,,,,
11012109,Monkey.D.Luffy OP13-118,One Piece Carrying on His Will,2501,Ungraded,Normal wear,,,0,1,2025-11-22,,,,
1964653,Dave Winfield #131,Baseball Cards 1993 Topps,161,Ungraded,Normal wear,,,0,1,2025-11-12,,,,
11012005,Trafalgar Law OP13-031,One Piece Carrying on His Will,83,Ungraded,Normal wear,,,0,1,2026-03-02,,,,
1928990,Mark McGwire #5,Baseball Cards 1988 Score,133,Ungraded,Normal wear,,,3,1,2026-01-16,,,,
6736535,Cavendish EB01-012,One Piece Extra Booster Memorial Collection,179,Ungraded,Normal wear,,,0,1,2026-02-14,,,,
3134244,John Carlson #667,Hockey Cards 2020 Upper Deck,184,Ungraded,Normal wear,,,0,1,2025-10-08,,,,
9904876,Frank Nazar #OPC-26,Hockey Cards 2024 Upper Deck O-Pee-Chee Glossy,100,Ungraded,Normal wear,,,0,1,2025-10-08,,,,
9803100,Shai Gilgeous-Alexander [Green Prizm] #10,Basketball Cards 2024 Panini Select Neon Icon,349,Ungraded,Normal wear,,,0,1,2025-08-09,,,,
10028597,Dmitry Kulikov #583,Hockey Cards 2020 Upper Deck Extended Series,25,Ungraded,Normal wear,,,0,1,2025-10-04,,,,
8531282,Zion Williamson [Ice] #10,Basketball Cards 2024 Panini Prizm,99,Ungraded,Normal wear,,,0,1,2025-10-03,,,,
1937491,Cecil Fielder #541,Baseball Cards 1989 Topps,99,Ungraded,Normal wear,,,0,1,2026-03-07,,,,
9585163,Nicolo Barella #14,Soccer Cards 2024 Panini Select FIFA Snapshots,150,Ungraded,Normal wear,,,0,1,2025-08-07,,,,
5868805,Crystal Dangerfield #29,Basketball Cards 2023 Panini Prizm WNBA,10,Ungraded,Normal wear,,,0,1,2025-10-04,,,,
8532728,Joel Embiid [Red White Blue] #28,Basketball Cards 2024 Panini Prizm,162,Ungraded,Normal wear,,,0,1,2025-08-30,,,,
8547290,Isaiah Collier #227,Basketball Cards 2024 Panini Prizm,137,Ungraded,Normal wear,,,0,1,2025-10-02,,,,
3134282,Cameron Hillis #705,Hockey Cards 2020 Upper Deck,121,Ungraded,Normal wear,,,0,1,2025-10-02,,,,
8542073,Nickeil Alexander-Walker #135,Basketball Cards 2024 Panini Prizm,154,Ungraded,Normal wear,,,0,1,2025-08-31,,,,
9637440,Donovan Mitchell #69,Basketball Cards 2024 Topps Chrome,300,Ungraded,Normal wear,,,0,1,2025-10-07,,,,
1879574,Reggie Jackson #700,Baseball Cards 1979 Topps,1497500,PSA 10,Normal wear,,,0,10,2025-12-17,,,,
10967857,Sean McVay #238,Football Cards 2025 Panini Mosaic,192,Ungraded,Normal wear,,,0,1,2026-03-05,,,,
8828226,Smoker [Alternate Art] OP10-030,One Piece Royal Blood,1665,Ungraded,Normal wear,,,0,1,2026-03-08,,,,
4514350,Israel Adesanya #6,Ufc Cards 2022 Panini Donruss Optic UFC,128,Ungraded,Normal wear,,,0,1,2025-10-02,,,,
9044511,Ivica Zubac [Millionaire Club] #21,Basketball Cards 2024 Panini Prizm Monopoly,99,Ungraded,Normal wear,,,0,1,2025-10-04,,,,
10733429,Josaiah Stewart #376,Football Cards 2025 Panini Donruss,15,Ungraded,Normal wear,,,0,1,2025-11-21,,,,
1932690,Dave Winfield #179,Baseball Cards 1989 Bowman,100,Ungraded,Normal wear,,,0,1,2025-10-08,,,,
10005775,Nick Sogard [Sepia] #123,Baseball Cards 2025 Topps Chrome,99,Ungraded,Normal wear,,,0,1,2025-08-09,,,,
640933,Joe Montana #251,Football Cards 1991 Ultra,153,Ungraded,Normal wear,,,0,1,2026-01-06,,,,ACoolAUCTION - $7 Lot of Football
9552134,Sebastian Aho #O-20,Hockey Cards 2024 Upper Deck Oracles,200,Ungraded,Normal wear,,,0,1,2025-10-02,,,,
8540967,Desmond Bane #125,Basketball Cards 2024 Panini Prizm,99,Ungraded,Normal wear,,,0,1,2025-10-08,,,,
8546482,GG Jackson II #208,Basketball Cards 2024 Panini Prizm,99,Ungraded,Normal wear,,,0,1,2025-10-02,,,,
1937376,Joe Carter #420,Baseball Cards 1989 Topps,49,Ungraded,Normal wear,,,0,1,2026-03-07,,,,
8561384,Kyshawn George #19,Basketball Cards 2024 Panini Prizm Instant Impact,99,Ungraded,Normal wear,,,0,1,2025-10-07,,,,
9640561,Bradley Beal #170,Basketball Cards 2024 Topps Chrome,299,Ungraded,Normal wear,,,0,1,2025-10-07,,,,
10218424,Christopher Bell #70,Racing Cards 2025 Panini Donruss NASCAR,25,Ungraded,Normal wear,,,0,1,2025-10-07,,,,
4514408,Aljamain Sterling #64,Ufc Cards 2022 Panini Donruss Optic UFC,99,Ungraded,Normal wear,,,0,1,2025-10-02,,,,
10149880,Battle At Arlong Park #75638,LEGO One Piece,6000,Pieces and Instructions in Sealed Box,Normal wear,,,0,1,2025-11-22,,,,
5868787,Elena Delle Donne #11,Basketball Cards 2023 Panini Prizm WNBA,23,Ungraded,Normal wear,,,0,1,2025-10-04,,,,
9934936,Ayo Dosunmu #32,Basketball Cards 2024 Panini Mosaic,137,Ungraded,Normal wear,,,0,1,2025-10-02,,,,
5868888,Veronica Burton #112,Basketball Cards 2023 Panini Prizm WNBA,14,Ungraded,Normal wear,,,0,1,2025-10-04,,,,
2984846,Barry Sanders #5,Football Cards 1995 Fleer Gridiron Leaders,185,Ungraded,Normal wear,,,3,1,2026-01-09,,,,ACoolAUCTION - $7 Lot of Football
11134065,Stefon Diggs #13,Football Cards 2025 Panini Phoenix,149,Ungraded,Normal wear,,,0,1,2026-03-05,,,,2025 Panini Phoenix
8026001,Joao Palhinha #98,Soccer Cards 2024 Topps UEFA,299,Ungraded,Normal wear,,,0,1,2025-10-07,,,,
10008484,Chris Bassitt [Sepia] #184,Baseball Cards 2025 Topps Chrome,150,Ungraded,Normal wear,,,0,1,2025-08-09,,,,
8559968,Shai Gilgeous-Alexander [Red Ice] #113,Basketball Cards 2024 Panini Prizm,301,Ungraded,Normal wear,,,0,1,2025-10-02,,,,
8091683,Gol.D.Roger [Alternate Art] OP09-118,One Piece Emperors in the New World,19625,PSA 10,Normal wear,,,0,1,2025-11-22,,,,ACoolONEPIECE - OP-09
9199505,Ed McCaffrey #31,Football Cards 2024 Topps Resurgence,100,Ungraded,Normal wear,,,0,1,2025-10-02,,,,
9390174,Senny Mayulu #173,Soccer Cards 2024 Topps Chrome UEFA,125,Ungraded,Normal wear,,,0,1,2025-10-02,,,,
8319664,Alyssa Thomas #WNBA10,Basketball Cards 2024 Panini Prizm Monopoly WNBA Insert,186,Ungraded,Normal wear,,,0,1,2025-10-02,,,,
7358910,Travis Etienne Jr. #216,Football Cards 2023 Panini Select,25,Ungraded,Normal wear,,,0,1,2025-10-02,,,,
8533275,Jae Crowder #35,Basketball Cards 2024 Panini Prizm,127,Ungraded,Normal wear,,,0,1,2025-08-30,,,,
11144713,Lamar Jackson #144,Football Cards 2025 Panini Phoenix,46,Ungraded,Normal wear,,,0,1,2026-03-05,,,,2025 Panini Phoenix
1947041,Wade Boggs #889,Baseball Cards 1991 Score,100,Ungraded,Normal wear,,,0,1,2025-11-02,,,,
9492662,Xavier Legette #80,Football Cards 2024 Topps Signature Class,101,Ungraded,Normal wear,,,0,1,2025-10-07,,,,
1943302,Randy Johnson #431,Baseball Cards 1990 Topps Tiffany,1110,Ungraded,Normal wear,,,0,1,2025-11-02,,,,
8779425,Kyshawn George #225,Basketball Cards 2024 Panini Donruss,180,Ungraded,Normal wear,,,0,1,2025-10-08,,,,
8558890,Rasheed Wallace #293,Basketball Cards 2024 Panini Prizm,125,Ungraded,Normal wear,,,0,1,2025-10-02,,,,
8704282,Bobby Brink #374,Hockey Cards 2024 Upper Deck,133,Ungraded,Normal wear,,,0,1,2025-10-08,,,,
8773427,Donovan Mitchell #110,Basketball Cards 2024 Panini Donruss,133,Ungraded,Normal wear,,,0,1,2025-10-08,,,,
8353836,Johnny Damon [Refractor] #295,Baseball Cards 2000 Topps Chrome,799,Ungraded,Normal wear,,,0,1,2025-11-02,,,,
8540744,Herbert Jones #123,Basketball Cards 2024 Panini Prizm,99,Ungraded,Normal wear,,,0,1,2025-08-31,,,,
9852000,Brandon Moreno [Sepia Refractor] #46,Ufc Cards 2025 Topps Chrome UFC,95,Ungraded,Normal wear,,,0,1,2025-10-07,,,,
9389329,Weston McKennie #160,Soccer Cards 2024 Topps Chrome UEFA,25,Ungraded,Normal wear,,,0,1,2026-01-16,,,,
7609674,Onyeka Okongwu #244,Basketball Cards 2023 Panini Hoops Premium Stock,1,Ungraded,Normal wear,,,0,1,2025-10-08,,,,
639181,Jerry Rice #71,Football Cards 1991 Stadium Club,139,Ungraded,Normal wear,,,0,1,2026-01-09,,,,ACoolAUCTION - $7 Lot of Football
8548932,Bobi Klintman #266,Basketball Cards 2024 Panini Prizm,140,Ungraded,Normal wear,,,0,1,2025-10-02,,,,
10819787,Magic Johnson #255,Basketball Cards 2025 Topps,147,Ungraded,Normal wear,,,0,1,2026-03-10,,,,2025 - 26 TOPPS Flagship Basketball
1937390,Len Dykstra #435,Baseball Cards 1989 Topps,134,Ungraded,Normal wear,,,0,1,2026-03-07,,,,
10198573,Trayce Jackson-Davis [Holo] #210,Basketball Cards 2024 Panini Donruss Optic,100,Ungraded,Normal wear,,,0,1,2025-10-08,,,,
1937648,Carlton Fisk #695,Baseball Cards 1989 Topps,132,Ungraded,Normal wear,,,0,1,2025-11-02,,,,
3134225,Daniel Sprong #648,Hockey Cards 2020 Upper Deck,129,Ungraded,Normal wear,,,0,1,2025-10-08,,,,
9398340,Bradley Barcola #WK-9,Soccer Cards 2024 Topps Chrome UEFA Wonderkids,137,Ungraded,Normal wear,,,0,1,2025-10-07,,,,
10740025,Tre Harris #29,Football Cards 2025 Panini Donruss The Rookies,130,Ungraded,Normal wear,,,0,1,2025-11-22,,,,
8774015,Zach LaVine #124,Basketball Cards 2024 Panini Donruss,100,Ungraded,Normal wear,,,0,1,2025-10-08,,,,
10819837,Dwyane Wade #261,Basketball Cards 2025 Topps,179,Ungraded,Normal wear,,,0,1,2026-03-10,,,,2025 - 26 TOPPS Flagship Basketball
4514464,Tom Aspinall #120,Ufc Cards 2022 Panini Donruss Optic UFC,147,Ungraded,Normal wear,,,0,1,2025-10-02,,,,
9790145,Yongxi Jacky Cui #295,Basketball Cards 2024 Panini Select,100,Ungraded,Normal wear,,,0,1,2025-10-04,,,,
9945787,Pacome Dadiet [Reactive Blue] #203,Basketball Cards 2024 Panini Mosaic,155,Ungraded,Normal wear,,,0,1,2025-10-03,,,,
8704183,Adam Pelech #361,Hockey Cards 2024 Upper Deck,72,Ungraded,Normal wear,,,0,1,2025-10-02,,,,
9259627,CJ McCollum #2,Basketball Cards 2024 Panini Revolution,99,Ungraded,Normal wear,,,0,1,2025-10-02,,,,
3134265,Frederik Andersen #688,Hockey Cards 2020 Upper Deck,6,Ungraded,Normal wear,,,0,1,2025-10-08,,,,
8532648,Max Strus [Red Ice] #27,Basketball Cards 2024 Panini Prizm,99,Ungraded,Normal wear,,,0,1,2025-08-30,,,,
9391274,Mattia Liberali #82,Soccer Cards 2024 Topps Chrome UEFA,257,Ungraded,Normal wear,,,0,1,2025-10-02,,,,
7940444,Herman Moore #249,Football Cards 2024 Panini Mosaic,83,Ungraded,Normal wear,,,0,1,2025-10-04,,,,
8707054,Connor Bedard #PL-14,Hockey Cards 2024 Upper Deck Playlist,134,Ungraded,Normal wear,,,0,1,2025-10-04,,,,
9551006,J.T. Miller #697,Hockey Cards 2024 Upper Deck,199,Ungraded,Normal wear,,,0,1,2025-10-02,,,,
7603182,Kyle Lowry [Ice Prizm] #83,Basketball Cards 2023 Panini Hoops Premium Stock,100,Ungraded,Normal wear,,,0,1,2025-10-08,,,,
78480,Michael Jordan #USA11,Basketball Cards 1992 Skybox Olympic Team,925,Ungraded,Normal wear,,,1000,1,2026-01-08,,,,
9550606,Dylan Samberg #649,Hockey Cards 2024 Upper Deck,25,Ungraded,Normal wear,,,0,1,2025-10-02,,,,
8534807,Bradley Beal #54,Basketball Cards 2024 Panini Prizm,100,Ungraded,Normal wear,,,0,1,2025-08-31,,,,
1940136,Jose Canseco #108,Baseball Cards 1990 Leaf,112,Ungraded,Normal wear,,,0,1,2026-03-08,,,,
8775237,Jonathan Kuminga #151,Basketball Cards 2024 Panini Donruss,95,Ungraded,Normal wear,,,0,1,2025-10-08,,,,
9388567,Leroy Sane #141,Soccer Cards 2024 Topps Chrome UEFA,25,Ungraded,Normal wear,,,0,1,2025-10-02,,,,
8704914,Brock Boeser #427,Hockey Cards 2024 Upper Deck,14,Ungraded,Normal wear,,,0,1,2025-10-08,,,,
9260169,De'Aaron Fox #19,Basketball Cards 2024 Panini Revolution,218,Ungraded,Normal wear,,,0,1,2025-10-02,,,,
10473004,Derek Jeter / Reggie Jackson #67,Baseball Cards 2008 Upper Deck Yankee Stadium Legacy,299,Ungraded,Normal wear,,,0,1,2025-12-06,,,,
8881913,Bobby Ryan #547,Hockey Cards 2020 Upper Deck Extended Series,185,Ungraded,Normal wear,,,0,1,2025-10-04,,,,
8704888,Sebastian Aho / Brady Tkachuk #450,Hockey Cards 2024 Upper Deck,128,Ungraded,Normal wear,,,0,1,2025-10-08,,,,
9759779,Pat Freiermuth #84,Football Cards 2024 Panini Contenders,209,Ungraded,Normal wear,,,104,1,2025-10-07,,,,
10189049,Cameron Thomas #80,Basketball Cards 2024 Panini Donruss Optic,121,Ungraded,Normal wear,,,0,1,2025-10-08,,,,
8318566,Jonquel Jones #45,Basketball Cards 2024 Panini Prizm Monopoly WNBA,189,Ungraded,Normal wear,,,0,1,2025-10-02,,,,
9744507,Monkey.D.Luffy [Alternate Art] OP11-118,One Piece Fist of Divine Speed,2433,Ungraded,Normal wear,,,0,1,2025-11-22,,,,
9507837,Bernie Kosar #BCV-9,Football Cards 2024 Topps Signature Class Veteran Chrome Variation,128,Ungraded,Normal wear,,,0,1,2025-10-07,,,,
9389963,Archie Gray #170,Soccer Cards 2024 Topps Chrome UEFA,72,Ungraded,Normal wear,,,0,1,2025-10-02,,,,
8318982,Maddy Siegrist #59,Basketball Cards 2024 Panini Prizm Monopoly WNBA,117,Ungraded,Normal wear,,,0,1,2025-10-02,,,,
10219017,Kurt Busch #88,Racing Cards 2025 Panini Donruss NASCAR,127,Ungraded,Normal wear,,,0,1,2025-10-07,,,,
1100092,Ronnie Lott #123,Football Cards 1987 Topps,115,Ungraded,Normal wear,,,0,1,2025-12-06,,,,
8558169,Alexandre Sarr #264,Basketball Cards 2024 Panini Prizm,121,Ungraded,Normal wear,,,0,1,2025-10-08,,,,
9550004,Jacob Markstrom #580,Hockey Cards 2024 Upper Deck,144,Ungraded,Normal wear,,,0,1,2025-10-02,,,,
11137679,Terry McLaurin [Silver Pyramids] #57,Football Cards 2025 Panini Phoenix,99,Ungraded,Normal wear,,,0,1,2026-03-05,,,,2025 Panini Phoenix
1925607,Gary Carter #602,Baseball Cards 1987 Topps,99,Ungraded,Normal wear,,,0,1,2026-03-07,,,,
9388143,Viktor Gyokeres [Neon Pink Prism Refractor] #131,Soccer Cards 2024 Topps Chrome UEFA,1350,Ungraded,Normal wear,,,0,1,2025-10-07,,,,
9383499,Toby Collyer [Green Refractor] #18,Soccer Cards 2024 Topps Chrome UEFA,0,Ungraded,Normal wear,,,0,1,2025-10-07,,,,
1932898,Kevin McReynolds #388,Baseball Cards 1989 Bowman,186,Ungraded,Normal wear,,,0,1,2025-10-08,,,,
9383943,Kobbie Mainoo [Wave Refractor] #29,Soccer Cards 2024 Topps Chrome UEFA,315,Ungraded,Normal wear,,,0,1,2025-10-07,,,,
2035865,1973 Topps Reprint #20,Baseball Cards 2000 Topps Hank Aaron Chrome Reprint,349,Ungraded,Normal wear,,,0,1,2025-10-08,,,,
4514419,Conor McGregor #75,Ufc Cards 2022 Panini Donruss Optic UFC,200,Ungraded,Normal wear,,,0,1,2025-10-02,,,,
8560015,DeMar DeRozan #117,Basketball Cards 2024 Panini Prizm,135,Ungraded,Normal wear,,,0,1,2025-08-31,,,,
9945691,Cody Williams #207,Basketball Cards 2024 Panini Mosaic,99,Ungraded,Normal wear,,,0,1,2025-10-02,,,,
1085753,Dick Evey #20,Football Cards 1965 Philadelphia,196,Ungraded,Normal wear,,,0,1,2025-12-25,,,,
9933053,Obi Toppin #4,Basketball Cards 2024 Panini Mosaic,25,Ungraded,Normal wear,,,0,1,2025-10-02,,,,
8560381,Anthony Edwards #9,Basketball Cards 2024 Panini Prizm Dominance,150,Ungraded,Normal wear,,,0,1,2025-08-31,,,,
9759202,Khalil Mack #57,Football Cards 2024 Panini Contenders,146,Ungraded,Normal wear,,,0,1,2025-10-07,,,,
10958097,Warren Moon #32,Football Cards 2025 Panini Mosaic,99,Ungraded,Normal wear,,,0,1,2026-03-05,,,,
9758851,Stefon Diggs #40,Football Cards 2024 Panini Contenders,25,Ungraded,Normal wear,,,0,1,2025-10-07,,,,
9264184,Ja'Kobe Walter #150,Basketball Cards 2024 Panini Revolution,99,Ungraded,Normal wear,,,0,1,2026-02-21,2026-02-21,,,
8879988,Johan Larsson #507,Hockey Cards 2020 Upper Deck Extended Series,99,Ungraded,Normal wear,,,0,1,2025-10-04,,,,
8320286,Jacy Sheldon #67,Basketball Cards 2024 Panini Prizm Monopoly WNBA,163,Ungraded,Normal wear,,,0,1,2025-10-02,,,,
8704369,Jordan Eberle #393,Hockey Cards 2024 Upper Deck,99,Ungraded,Normal wear,,,0,1,2025-10-02,,,,
1934704,Andre Dawson #167,Baseball Cards 1989 Donruss,104,Ungraded,Normal wear,,,0,1,2025-12-25,,,,
1925405,George Brett #400,Baseball Cards 1987 Topps,140,Ungraded,Normal wear,,,0,1,2025-10-08,,,,
8563308,Hunter Feduccia #68,Baseball Cards 2025 Topps,100,Ungraded,Normal wear,,,0,1,2025-10-14,,,,
1882516,Lou Piniella #45,Baseball Cards 1981 Fleer Star Stickers,130,Ungraded,Normal wear,,,0,1,2026-03-08,,,,
8704784,Pavel Dorofeyev #437,Hockey Cards 2024 Upper Deck,73,Ungraded,Normal wear,,,0,1,2025-10-08,,,,
1880785,Luis Tiant #35,Baseball Cards 1980 Topps,138,Ungraded,Normal wear,,,0,1,2026-01-16,2026-01-16,,,
9941816,T.J. McConnell #129,Basketball Cards 2024 Panini Mosaic,133,Ungraded,Normal wear,,,0,1,2025-10-02,,,,
10217431,Austin Cindric #35,Racing Cards 2025 Panini Donruss NASCAR,314,Ungraded,Normal wear,,,0,1,2025-10-07,,,,
8783368,Cameron Thomas #18,Basketball Cards 2024 Panini Donruss Franchise Features,129,Ungraded,Normal wear,,,0,1,2025-10-08,,,,
9099144,Tyler Lockett #142,Football Cards 2024 Panini Phoenix,157,Ungraded,Normal wear,,,0,1,2025-10-02,,,,
10218372,Matt DiBenedetto #67,Racing Cards 2025 Panini Donruss NASCAR,100,Ungraded,Normal wear,,,0,1,2025-10-07,,,,
7611721,Paolo Banchero [Ice Prizm] #295,Basketball Cards 2023 Panini Hoops Premium Stock,175,Ungraded,Normal wear,,,0,1,2025-10-08,,,,
9266596,Reed Sheppard #15,Basketball Cards 2024 Panini Revolution New Wave,100,Ungraded,Normal wear,,,0,1,2026-02-21,2026-02-21,,,
8704549,Morgan Rielly #415,Hockey Cards 2024 Upper Deck,108,Ungraded,Normal wear,,,0,1,2025-10-02,,,,
7609430,Dariq Whitehead #238,Basketball Cards 2023 Panini Hoops Premium Stock,25,Ungraded,Normal wear,,,0,1,2025-10-08,,,,
1886160,Willie Wilson #427,Baseball Cards 1982 Fleer,121,Ungraded,Normal wear,,,0,1,2025-11-02,,,,
9492184,Bo Jackson #39,Football Cards 2024 Topps Signature Class,160,Ungraded,Normal wear,,,0,1,2025-10-07,,,,
8786087,Stephen Curry #6,Basketball Cards 2024 Panini Donruss Magicians,149,Ungraded,Normal wear,,,0,1,2025-10-08,,,,
9758440,Myles Garrett #24,Football Cards 2024 Panini Contenders,99,Ungraded,Normal wear,,,0,1,2025-10-07,,,,
8703709,Nils Lundkvist #301,Hockey Cards 2024 Upper Deck,130,Ungraded,Normal wear,,,0,1,2025-10-08,,,,
10732986,Jarquez Hunter #352,Football Cards 2025 Panini Donruss,26,Ungraded,Normal wear,,,0,1,2025-11-21,,,,
5408207,Ricky Henderson #163,Baseball Cards 2002 Topps Opening Day,125,Ungraded,Normal wear,,,0,1,2025-12-06,,,,
5868778,Sophie Cunningham #2,Basketball Cards 2023 Panini Prizm WNBA,605,Ungraded,Normal wear,,,0,1,2025-10-04,,,,
1964896,Jack McDowell #344,Baseball Cards 1993 Topps,131,Ungraded,Normal wear,,,0,1,2026-03-07,,,,
6910176,Zane Smith #130,Racing Cards 2024 Donruss NASCAR,99,Ungraded,Normal wear,,,0,1,2026-03-07,,,,
8318211,Karlie Samuelson #33,Basketball Cards 2024 Panini Prizm Monopoly WNBA,100,Ungraded,Normal wear,,,0,1,2025-10-02,,,,
11012065,Five Elders [Alternate Art] OP13-082,One Piece Carrying on His Will,1200,Graded 8,Normal wear,,,1000,1,2025-11-22,,,,
1159628,Jerry Rice #177,Football Cards 1995 Collector's Edge,150,Ungraded,Normal wear,,,0,1,2026-01-09,,,,ACoolAUCTION - $7 Lot of Football
1895868,Fred Lynn #7,Baseball Cards 1984 Topps All Star Glossy Set of 22,99,Ungraded,Normal wear,,,0,1,2025-10-08,,,,
8846291,Trayce Jackson-Davis [Green] #188,Basketball Cards 2024 Panini Prizm,85,Ungraded,Normal wear,,,0,1,2025-10-03,,,,
7652538,De'Von Achane #186,Football Cards 2024 Panini Prestige,99,Ungraded,Normal wear,,,0,1,2025-10-02,,,,
9262518,Tyrese Haliburton #91,Basketball Cards 2024 Panini Revolution,100,Ungraded,Normal wear,,,0,1,2025-10-02,,,,
1968995,Boston Red Sox Checklist #318,Baseball Cards 1994 Score,141,Ungraded,Normal wear,,,0,1,2026-03-08,,,,
1902894,Frank Viola #710,Baseball Cards 1985 Topps,137,Ungraded,Normal wear,,,0,1,2025-10-08,,,,
6076712,Michael Sgarbossa #645,Hockey Cards 2020 Upper Deck Extended Series,280,Ungraded,Normal wear,,,0,1,2025-10-04,,,,
7353091,Jaylen Warren #82,Football Cards 2023 Panini Select,136,Ungraded,Normal wear,,,0,1,2025-10-02,,,,
5872066,Natasha Howard #8,Basketball Cards 2023 Panini Prizm WNBA Get Hyped,198,Ungraded,Normal wear,,,0,1,2025-12-01,,,,
8544604,Kevin Huerter #165,Basketball Cards 2024 Panini Prizm,99,Ungraded,Normal wear,,,0,1,2025-10-02,,,,
8707186,Michael Matheson #C165,Hockey Cards 2024 Upper Deck Canvas,92,Ungraded,Normal wear,,,0,1,2025-10-04,,,,
8777520,Trayce Jackson-Davis #186,Basketball Cards 2024 Panini Donruss,53,Ungraded,Normal wear,,,0,1,2025-10-08,,,,
9758699,Aidan Hutchinson #34,Football Cards 2024 Panini Contenders,47,Ungraded,Normal wear,,,0,1,2025-10-07,,,,
8320167,Caitlin Clark #WNBA27,Basketball Cards 2024 Panini Prizm Monopoly WNBA Insert,838,Ungraded,Normal wear,,,0,1,2025-08-30,,,,
9946954,Tristen Newton [Red Fluorescent] #220,Basketball Cards 2024 Panini Mosaic,0,Ungraded,Normal wear,,,0,1,2026-01-16,,,,
7354973,Will Anderson Jr. #125,Football Cards 2023 Panini Select,152,Ungraded,Normal wear,,,0,1,2025-10-02,,,,
9045479,Cameron Johnson [Millionaire Club] #53,Basketball Cards 2024 Panini Prizm Monopoly,233,Ungraded,Normal wear,,,0,1,2025-10-04,,,,
9794246,Adem Bona #196,Basketball Cards 2024 Panini Select,102,Ungraded,Normal wear,,,0,1,2025-10-04,,,,
9045600,Jamal Murray [Millionaire Club] #57,Basketball Cards 2024 Panini Prizm Monopoly,200,Ungraded,Normal wear,,,0,1,2025-10-04,,,,
9940243,OG Anunoby #123,Basketball Cards 2024 Panini Mosaic,99,Ungraded,Normal wear,,,0,1,2025-10-02,,,,
9636640,Dominique Wilkins #39,Basketball Cards 2024 Topps Chrome,150,Ungraded,Normal wear,,,0,1,2025-10-07,,,,
4514410,Jon Jones #65,Ufc Cards 2022 Panini Donruss Optic UFC,168,Ungraded,Normal wear,,,0,1,2025-10-02,,,,
11143463,Drake London #126,Football Cards 2025 Panini Phoenix,12,Ungraded,Normal wear,,,0,1,2026-03-05,,,,2025 Panini Phoenix
9937472,Josh Giddey #71,Basketball Cards 2024 Panini Mosaic,179,Ungraded,Normal wear,,,0,1,2025-10-02,,,,
1091182,Otis Taylor #362,Football Cards 1976 Topps,181,Ungraded,Normal wear,,,0,1,2025-12-25,,,,
9385927,Alex Jimenez #73,Soccer Cards 2024 Topps Chrome UEFA,299,Ungraded,Normal wear,,,0,1,2025-10-02,,,,
8542730,Karl-Anthony Towns #141,Basketball Cards 2024 Panini Prizm,46,Ungraded,Normal wear,,,0,1,2025-08-31,,,,
9637100,Vince Carter #54,Basketball Cards 2024 Topps Chrome,150,Ungraded,Normal wear,,,0,1,2025-10-07,,,,
9944450,Darius Garland #189,Basketball Cards 2024 Panini Mosaic,183,Ungraded,Normal wear,,,0,1,2025-10-02,,,,
9759375,Justin Jefferson #65,Football Cards 2024 Panini Contenders,82,Ungraded,Normal wear,,,0,1,2025-10-07,,,,
9266143,Stephon Castle #24,Basketball Cards 2024 Panini Revolution Hardwood Legacy,205,Ungraded,Normal wear,,,0,1,2026-01-16,2026-01-15,,,
7655594,Terrion Arnold #315,Football Cards 2024 Panini Prestige,119,Ungraded,Normal wear,,,0,1,2025-10-02,,,,
9758178,James Cook #10,Football Cards 2024 Panini Contenders,120,Ungraded,Normal wear,,,0,1,2025-10-07,,,,
10819179,Ben Simmons #147,Basketball Cards 2025 Topps,33,Ungraded,Normal wear,,,0,1,2026-03-10,,,,2025 - 26 TOPPS Flagship Basketball
9263177,Ron Holland II [Astro] #114,Basketball Cards 2024 Panini Revolution,163,Ungraded,Normal wear,,,0,1,2025-10-04,,,,
8772639,Brandon Ingram #98,Basketball Cards 2024 Panini Donruss,25,Ungraded,Normal wear,,,0,1,2025-10-08,,,,
10009195,Carlos Rodriguez #201,Baseball Cards 2025 Topps Chrome,160,Ungraded,Normal wear,,,0,1,2025-10-07,,,,
1702340,Jesus Sanchez #BCP-11,Baseball Cards 2020 Bowman Chrome Prospects,179,Ungraded,Normal wear,,,3,1,2026-01-16,,,,
9959492,Zaccharie Risacher #8,Basketball Cards 2024 Panini Mosaic Elevate,100,Ungraded,Normal wear,,,0,1,2026-01-16,,,,
7307092,Speed and Power: Jose Canseco #628,Baseball Cards 1989 Fleer,83,Ungraded,Normal wear,,,0,1,2026-01-16,2026-01-15,,,
8536746,Immanuel Quickley #78,Basketball Cards 2024 Panini Prizm,150,Ungraded,Normal wear,,,0,1,2025-08-31,,,,
8317409,Allisha Gray #6,Basketball Cards 2024 Panini Prizm Monopoly WNBA,167,Ungraded,Normal wear,,,0,1,2025-10-02,,,,
9637432,Pascal Siakam #64,Basketball Cards 2024 Topps Chrome,89,Ungraded,Normal wear,,,0,1,2025-10-07,,,,
10005072,Nico Hoerner #107,Baseball Cards 2025 Topps Chrome,153,Ungraded,Normal wear,,,0,1,2025-08-09,,,,
9007309,Devin Singletary #146,Football Cards 2024 Panini Donruss Optic,131,Ungraded,Normal wear,,,0,1,2025-10-04,,,,
2036735,Mark McGwire #1,Baseball Cards 2000 Topps,170,Ungraded,Normal wear,,,0,1,2025-11-02,,,,
7604432,Kawhi Leonard #114,Basketball Cards 2023 Panini Hoops Premium Stock,175,Ungraded,Normal wear,,,0,1,2025-10-08,,,,
11825126,Christopher Robin #147,2025 Topps Chrome Disney,199,Ungraded,Normal wear,,,0,1,2026-03-10,,,,
9200413,Randy Moss #64,Football Cards 2024 Topps Resurgence,199,Ungraded,Normal wear,,,0,1,2025-10-02,,,,
10216747,Tyler Reddick [Optic Orange Velocity] #11,Racing Cards 2025 Panini Donruss NASCAR,199,Ungraded,Normal wear,,,0,1,2025-10-07,,,,
10740194,Omarion Hampton #WHR-OMH,Football Cards 2025 Panini Donruss White Hot Rookies,127,Ungraded,Normal wear,,,0,1,2025-11-22,,,,
1951473,Mark McGwire #174,Baseball Cards 1991 Upper Deck,150,Ungraded,Normal wear,,,0,1,2025-11-12,,,,
8704667,John Tavares #412,Hockey Cards 2024 Upper Deck,81,Ungraded,Normal wear,,,0,1,2025-10-08,,,,
7607338,Jordan Clarkson #186,Basketball Cards 2023 Panini Hoops Premium Stock,188,Ungraded,Normal wear,,,0,1,2025-10-08,,,,
9492112,Adrian Peterson #31,Football Cards 2024 Topps Signature Class,6,Ungraded,Normal wear,,,0,1,2025-10-07,,,,
3399696,Andrei Svechnikov #T-15,Hockey Cards 2020 Upper Deck 2005-06 Tribute,74,Ungraded,Normal wear,,,0,1,2025-10-02,,,,
4785988,Kurt Abbott #226,Baseball Cards 2001 Topps,165,Ungraded,Normal wear,,,0,1,2026-03-07,,,,
5442550,Anthony Bonner #173,Basketball Cards 1994 Stadium Club,96,Ungraded,Normal wear,,,0,1,2026-03-08,,,,
9390235,George Ilenikhena #185,Soccer Cards 2024 Topps Chrome UEFA,149,Ungraded,Normal wear,,,0,1,2025-10-02,,,,
10218609,Connor Mosack #76,Racing Cards 2025 Panini Donruss NASCAR,99,Ungraded,Normal wear,,,0,1,2025-10-07,,,,
9389438,Hector Bellerin #161,Soccer Cards 2024 Topps Chrome UEFA,25,Ungraded,Normal wear,,,0,1,2025-10-02,,,,
8531596,Rui Hachimura #14,Basketball Cards 2024 Panini Prizm,99,Ungraded,Normal wear,,,0,1,2025-08-30,,,,
10266405,Perona OP12-034,One Piece Legacy of the Master,622,Ungraded,Normal wear,,,0,1,2026-03-02,,,,
1947023,Doc Gooden #866,Baseball Cards 1991 Score,165,Ungraded,Normal wear,,,0,1,2026-01-16,2026-01-15,,,
9645503,LaMelo Ball [Blue Basketball Refractor] #FS-10,Basketball Cards 2024 Topps Chrome Film Study,145,Ungraded,Normal wear,,,0,1,2025-10-07,,,,
1923012,Keith Hernandez #76,Baseball Cards 1987 Donruss,134,Ungraded,Normal wear,,,0,1,2026-03-08,,,,
9574736,Heung-Min Son #27,Soccer Cards 2024 Panini Select FIFA,38,Ungraded,Normal wear,,,0,1,2025-08-07,,,,
10970894,Kaleb Johnson #289,Football Cards 2025 Panini Mosaic,146,Ungraded,Normal wear,,,0,1,2026-03-05,,,,
11825168,Dash Parr #151,2025 Topps Chrome Disney,175,Ungraded,Normal wear,,,0,1,2026-03-10,,,,
1881490,Rollie Fingers #2,Baseball Cards 1981 Donruss,187,Ungraded,Normal wear,,,0,1,2025-11-02,,,,
9758220,Dalton Kincaid #12,Football Cards 2024 Panini Contenders,135,Ungraded,Normal wear,,,0,1,2025-10-07,,,,
8538047,Scoot Henderson #94,Basketball Cards 2024 Panini Prizm,90,Ungraded,Normal wear,,,0,1,2025-08-31,,,,
10956819,Brock Bowers #5,Football Cards 2025 Panini Mosaic,117,Ungraded,Normal wear,,,0,1,2026-03-05,,,,
9759417,Jacoby Brissett #67,Football Cards 2024 Panini Contenders,108,Ungraded,Normal wear,,,0,1,2025-10-07,,,,
9638774,Payton Pritchard #110,Basketball Cards 2024 Topps Chrome,129,Ungraded,Normal wear,,,0,1,2025-10-07,,,,
8707687,Alex Ovechkin #P-42,Hockey Cards 2024 Upper Deck UD Portraits,147,Ungraded,Normal wear,,,0,1,2025-10-08,,,,
1867455,Gaylord Perry #35,Baseball Cards 1974 Topps,280,Ungraded,Normal wear,,,0,1,2026-01-16,2026-01-15,,,
11012124,Smoker [SP] OP10-030,One Piece Carrying on His Will,6985,Ungraded,Normal wear,,,0,1,2026-01-09,,,,
1950718,Carlton Fisk #393,Baseball Cards 1991 Topps,130,Ungraded,Normal wear,,,0,1,2026-03-08,,,,
3134232,Jordan Binnington #655,Hockey Cards 2020 Upper Deck,137,Ungraded,Normal wear,,,0,1,2025-10-08,,,,
1937376,Joe Carter #420,Baseball Cards 1989 Topps,49,Ungraded,Normal wear,,,3,1,2026-01-16,2026-01-16,,,
8537884,Julian Strawther #92,Basketball Cards 2024 Panini Prizm,66,Ungraded,Normal wear,,,0,1,2025-08-31,,,,
7600889,Talen Horton-Tucker #26,Basketball Cards 2023 Panini Hoops Premium Stock,19,Ungraded,Normal wear,,,0,1,2025-10-08,,,,
9945302,Jose Alvarado #199,Basketball Cards 2024 Panini Mosaic,159,Ungraded,Normal wear,,,0,1,2025-10-02,,,,
9387331,Noni Madueke #113,Soccer Cards 2024 Topps Chrome UEFA,1,Ungraded,Normal wear,,,0,1,2025-10-02,,,,
9644694,Jimmy Butler [Topps Green Refractor] #BOD-15,Basketball Cards 2024 Topps Chrome Ball of Duty,250,Ungraded,Normal wear,,,0,1,2025-10-07,,,,
9262598,Jarrett Allen #94,Basketball Cards 2024 Panini Revolution,119,Ungraded,Normal wear,,,0,1,2025-10-02,,,,
9945699,Terrence Shannon Jr. [Ice] #205,Basketball Cards 2024 Panini Mosaic,0,PSA 10,Normal wear,,,3,1,2026-01-16,2026-01-16,,,
8772816,Michael Porter Jr. #100,Basketball Cards 2024 Panini Donruss,6,Ungraded,Normal wear,,,0,1,2025-10-08,,,,
1879244,Dave Kingman #370,Baseball Cards 1979 Topps,169,Ungraded,Normal wear,,,0,1,2025-12-17,,,,
8543064,Shaedon Sharpe #144,Basketball Cards 2024 Panini Prizm,113,Ungraded,Normal wear,,,0,1,2025-10-02,,,,
1945677,John Smoltz #27,Baseball Cards 1991 Leaf,146,Ungraded,Normal wear,,,0,1,2026-03-07,,,,
9398321,Aleksandar Pavlovic #WK-7,Soccer Cards 2024 Topps Chrome UEFA Wonderkids,280,Ungraded,Normal wear,,,0,1,2025-10-07,,,,
8776297,Andrew Wiggins #169,Basketball Cards 2024 Panini Donruss,85,Ungraded,Normal wear,,,0,1,2025-10-08,,,,
1923425,Dave Magadan #575,Baseball Cards 1987 Donruss,142,Ungraded,Normal wear,,,0,1,2025-11-02,,,,
8537248,Trae Young [Red Ice] #84,Basketball Cards 2024 Panini Prizm,113,Ungraded,Normal wear,,,0,1,2025-10-02,,,,
9942902,Toumani Camara #157,Basketball Cards 2024 Panini Mosaic,150,Ungraded,Normal wear,,,0,1,2025-10-02,,,,
634260,Dan Marino #144,Football Cards 1991 Action Packed,168,Ungraded,Normal wear,,,0,1,2026-01-06,,,,ACoolAUCTION - $7 Lot of Football
10008558,JJ Bleday #183,Baseball Cards 2025 Topps Chrome,120,Ungraded,Normal wear,,,0,1,2025-08-09,,,,
9759525,Derek Carr #72,Football Cards 2024 Panini Contenders,50,Ungraded,Normal wear,,,0,1,2025-10-07,,,,
3134224,Conor Sheary #647,Hockey Cards 2020 Upper Deck,100,Ungraded,Normal wear,,,0,1,2025-10-08,,,,
9936836,Chet Holmgren #63,Basketball Cards 2024 Panini Mosaic,50,Ungraded,Normal wear,,,0,1,2025-10-02,,,,
8560279,Jayson Tatum #7,Basketball Cards 2024 Panini Prizm Deep Space,125,Ungraded,Normal wear,,,0,1,2025-10-08,,,,
10974111,LaJohntay Wester #366,Football Cards 2025 Panini Mosaic,149,Ungraded,Normal wear,,,0,1,2026-03-05,,,,
9199804,Earl Campbell #40,Football Cards 2024 Topps Resurgence,129,Ungraded,Normal wear,,,0,1,2025-10-02,,,,
8549899,Reggie Jackson [Red White Blue] #162,Basketball Cards 2024 Panini Prizm,25,Ungraded,Normal wear,,,0,1,2025-10-08,,,,
8546760,Dereck Lively II #214,Basketball Cards 2024 Panini Prizm,99,Ungraded,Normal wear,,,0,1,2025-10-08,,,,
8767987,Marcus Sasser #9,Basketball Cards 2024 Panini Donruss,99,Ungraded,Normal wear,,,0,1,2025-10-08,,,,
9492387,Doug Williams #58,Football Cards 2024 Topps Signature Class,164,Ungraded,Normal wear,,,0,1,2025-10-07,,,,
4647685,1996,Coins American Silver Eagle,30200,MS69,No blemishes,,,6800,1,2026-01-10,2025-12-26,NGC,1757791-089,ACoolCOIN - American Silver Eagle
8545189,Tobias Harris #178,Basketball Cards 2024 Panini Prizm,112,Ungraded,Normal wear,,,0,1,2025-10-02,,,,
8560666,Bub Carrington #20,Basketball Cards 2024 Panini Prizm Emergent,116,Ungraded,Normal wear,,,0,1,2025-10-08,,,,
9386859,Tosin Adarabioyo #102,Soccer Cards 2024 Topps Chrome UEFA,195,Ungraded,Normal wear,,,0,1,2025-10-02,,,,
1885793,Graig Nettles #46,Baseball Cards 1982 Fleer,153,Ungraded,Normal wear,,,0,1,2025-12-25,,,,
10217952,Austin Dillon #52,Racing Cards 2025 Panini Donruss NASCAR,124,Ungraded,Normal wear,,,0,1,2025-10-07,,,,
9491920,Emmitt Smith #11,Football Cards 2024 Topps Signature Class,88,Ungraded,Normal wear,,,0,1,2025-10-07,,,,
9949506,Ron Holland II #258,Basketball Cards 2024 Panini Mosaic,223,Ungraded,Normal wear,,,0,1,2025-10-03,,,,
8547903,Jamal Shead #241,Basketball Cards 2024 Panini Prizm,150,Ungraded,Normal wear,,,0,1,2025-10-02,,,,
9943357,Russell Westbrook #167,Basketball Cards 2024 Panini Mosaic,80,Ungraded,Normal wear,,,0,1,2025-10-02,,,,
7654177,Jerome Bettis #255,Football Cards 2024 Panini Prestige,166,Ungraded,Normal wear,,,0,1,2025-10-02,,,,
8560055,Chris Paul #132,Basketball Cards 2024 Panini Prizm,159,Ungraded,Normal wear,,,0,1,2025-08-31,,,,
8704443,Valtteri Puustinen #383,Hockey Cards 2024 Upper Deck,56,Ungraded,Normal wear,,,0,1,2025-10-08,,,,
8563375,Maikel Garcia #135,Baseball Cards 2025 Topps,157,Ungraded,Normal wear,,,0,1,2025-10-14,,,,
10739146,Cam Ward #2,Football Cards 2025 Panini Donruss Rated Rookie Retro,181,Ungraded,Normal wear,,,0,1,2025-11-21,,,,
7605117,Collin Sexton #131,Basketball Cards 2023 Panini Hoops Premium Stock,107,Ungraded,Normal wear,,,0,1,2025-10-08,,,,
7599959,Caris LeVert [Ice Prizm] #3,Basketball Cards 2023 Panini Hoops Premium Stock,79,Ungraded,Normal wear,,,0,1,2025-10-08,,,,
6954203,Gio Reyna [Purple Mojo] #180,Soccer Cards 2023 Panini Select Premier League,177,Ungraded,Normal wear,,,0,1,2025-10-07,,,,
10183834,Scottie Barnes #8,Basketball Cards 2024 Panini Donruss Optic,1,Ungraded,Normal wear,,,0,1,2025-10-08,,,,
9383606,Folarin Balogun #21,Soccer Cards 2024 Topps Chrome UEFA,25,Ungraded,Normal wear,,,0,1,2025-10-02,,,,
1896070,Tony Gwynn #251,Baseball Cards 1984 Topps Nestle,82900,PSA 10,Normal wear,,,0,1,2025-11-02,,,,ACoolROCK
10005714,Valente Bellozo #122,Baseball Cards 2025 Topps Chrome,100,Ungraded,Normal wear,,,0,1,2025-08-09,,,,
1902685,Mike Schmidt #500,Baseball Cards 1985 Topps,156,Ungraded,Normal wear,,,0,1,2025-12-25,,,,
9959758,Victor Wembanyama #8,Basketball Cards 2024 Panini Mosaic Thunder Road,224,Ungraded,Normal wear,,,0,1,2025-10-03,,,,
10008427,Yoshinobu Yamamoto #179,Baseball Cards 2025 Topps Chrome,165,Ungraded,Normal wear,,,0,1,2025-08-09,,,,
9932969,Coby White #3,Basketball Cards 2024 Panini Mosaic,199,Ungraded,Normal wear,,,0,1,2025-10-02,,,,
9575504,Won-Sang Um #53,Soccer Cards 2024 Panini Select FIFA,1,Ungraded,Normal wear,,,0,1,2025-08-07,,,,
8318151,Betnijah Laney-Hamilton #31,Basketball Cards 2024 Panini Prizm Monopoly WNBA,163,Ungraded,Normal wear,,,0,1,2025-10-02,,,,
6908764,Chase Briscoe #19,Racing Cards 2024 Donruss NASCAR,99,Ungraded,Normal wear,,,0,1,2026-03-07,,,,
10838689,Isaiah Hartenstein #80BK-15,Basketball Cards 2025 Topps 1980,106,Ungraded,Normal wear,,,0,1,2026-03-10,,,,2025 - 26 TOPPS Flagship Basketball
10818367,Karl-Anthony Towns #19,Basketball Cards 2025 Topps,105,Ungraded,Normal wear,,,0,1,2026-03-10,,,,2025 - 26 TOPPS Flagship Basketball
11825529,Clarabelle Cow #165,2025 Topps Chrome Disney,163,Ungraded,Normal wear,,,0,1,2026-03-10,,,,
10960685,Trey Benson #89,Football Cards 2025 Panini Mosaic,150,Ungraded,Normal wear,,,0,1,2026-03-05,,,,
10230873,Christian Eckes [Orange Ice] #5,Racing Cards 2025 Panini Donruss NASCAR Pedal to the Metal Materials,0,Ungraded,Normal wear,,,0,1,2025-10-07,,,,
1964936,Jim Leyritz #385,Baseball Cards 1993 Topps,140,Ungraded,Normal wear,,,0,1,2025-11-12,,,,
9856254,Jack Hermansson [Prism Refractor] #191,Ufc Cards 2025 Topps Chrome UFC,25,Ungraded,Normal wear,,,0,1,2025-10-07,,,,
8881943,Matthew Benning #575,Hockey Cards 2020 Upper Deck Extended Series,25,Ungraded,Normal wear,,,0,1,2025-10-04,,,,
2920102,Jim Abbott #1,Baseball Cards 1990 Topps Glossy Rookies,99,Ungraded,Normal wear,,,0,1,2025-10-08,,,,
8533773,Cade Cunningham [Red Ice] #41,Basketball Cards 2024 Panini Prizm,151,Ungraded,Normal wear,,,0,1,2025-10-02,,,,
8557353,Carmelo Anthony #285,Basketball Cards 2024 Panini Prizm,117,Ungraded,Normal wear,,,0,1,2025-10-02,,,,
8561267,Stephon Castle [Green] #4,Basketball Cards 2024 Panini Prizm Instant Impact,200,Ungraded,Normal wear,,,0,1,2025-08-31,,,,
6837725,Brett Favre #RS12,Football Cards 2021 Panini Donruss Retro Series,109,Ungraded,Normal wear,,,3,1,2026-01-09,,,,ACoolAUCTION - $7 Lot of Football
9790432,Victor Wembanyama #102,Basketball Cards 2024 Panini Select,172,Ungraded,Normal wear,,,0,1,2025-10-04,,,,
9209636,Drew Brees #GG-5,Football Cards 2024 Topps Resurgence Glimmer and Gleam,114,Ungraded,Normal wear,,,0,1,2025-10-03,,,,
1951547,George Brett #525,Baseball Cards 1991 Upper Deck,168,Ungraded,Normal wear,,,0,1,2026-03-07,,,,
7950058,Lawrence Taylor [Mosaic] #EP-LT,Football Cards 2024 Panini Mosaic Epic Performers,106,Ungraded,Normal wear,,,0,1,2025-10-04,,,,
9639586,Fred VanVleet #137,Basketball Cards 2024 Topps Chrome,25,Ungraded,Normal wear,,,0,1,2025-10-07,,,,
9259786,Keldon Johnson #7,Basketball Cards 2024 Panini Revolution,99,Ungraded,Normal wear,,,0,1,2025-10-02,,,,
9942547,Jaden Ivey #159,Basketball Cards 2024 Panini Mosaic,200,Ungraded,Normal wear,,,0,1,2025-10-02,,,,
9852116,Yazmin Jauregui #50,Ufc Cards 2025 Topps Chrome UFC,25,Ungraded,Normal wear,,,0,1,2025-10-07,,,,
5064944,Andre Rison #680,Football Cards 1991 Score Dream Team Autographs,0,PSA 10,Normal wear,,,0,1,2025-12-25,,,,ACoolROCK
7373051,De'Von Achane #CRO-DAC,Football Cards 2023 Panini Select Certified Rookie,117,Ungraded,Normal wear,,,0,1,2025-10-02,,,,
9859185,Brian Ortega #AAG-24,Ufc Cards 2025 Topps Chrome UFC Allen & Ginter,172,Ungraded,Normal wear,,,0,1,2025-10-07,,,,
9759713,A.J. Brown #81,Football Cards 2024 Panini Contenders,120,Ungraded,Normal wear,,,0,1,2025-10-07,,,,
9266020,Giannis Antetokounmpo #6,Basketball Cards 2024 Panini Revolution Hardwood Legacy,156,Ungraded,Normal wear,,,0,1,2025-08-13,,,,
1945752,Sammy Sosa #321,Baseball Cards 1991 Leaf,123,Ungraded,Normal wear,,,0,1,2026-03-07,,,,
4514391,Matt Hughes #47,Ufc Cards 2022 Panini Donruss Optic UFC,99,Ungraded,Normal wear,,,0,1,2025-10-02,,,,
9959521,Giannis Antetokounmpo #9,Basketball Cards 2024 Panini Mosaic Thunder Road,181,Ungraded,Normal wear,,,0,1,2025-10-03,,,,
8551209,Allen Iverson [Red Ice] #291,Basketball Cards 2024 Panini Prizm,175,Ungraded,Normal wear,,,0,1,2025-10-02,,,,
4785503,Felipe Alou #344,Baseball Cards 2001 Topps,144,Ungraded,Normal wear,,,0,1,2026-03-05,,,,
9946436,Jaylon Tyson #217,Basketball Cards 2024 Panini Mosaic,148,Ungraded,Normal wear,,,0,1,2025-10-02,,,,
8703898,Mikey Anderson #325,Hockey Cards 2024 Upper Deck,104,Ungraded,Normal wear,,,0,1,2025-10-02,,,,
8320053,Dearica Hamby [Millionaire Club] #WNBA23,Basketball Cards 2024 Panini Prizm Monopoly WNBA Insert,2500,Ungraded,Normal wear,,,0,1,2026-01-16,2026-01-15,,,
6909909,Dale Earnhardt Jr #109,Racing Cards 2024 Donruss NASCAR,124,Ungraded,Normal wear,,,0,1,2026-03-07,,,,
9574091,Lamine Yamal #7,Soccer Cards 2024 Panini Select FIFA,217,Ungraded,Normal wear,,,0,1,2025-10-07,,,,
1945721,Paul O'Neill #219,Baseball Cards 1991 Leaf,96,Ungraded,Normal wear,,,0,1,2026-03-07,,,,
5826870,Derrick Coleman #359,Basketball Cards 1994 Stadium Club,99,Ungraded,Normal wear,,,0,1,2026-03-08,,,,
9575214,Tijjani Reijnders #42,Soccer Cards 2024 Panini Select FIFA,83,Ungraded,Normal wear,,,0,1,2025-10-07,,,,
8540317,Luguentz Dort [Red White Blue] #119,Basketball Cards 2024 Panini Prizm,150,Ungraded,Normal wear,,,0,1,2025-10-02,,,,
9640107,Andrew Wiggins #155,Basketball Cards 2024 Topps Chrome,319,Ungraded,Normal wear,,,0,1,2025-10-07,,,,
10972333,Mason Taylor #324,Football Cards 2025 Panini Mosaic,125,Ungraded,Normal wear,,,0,1,2026-03-05,,,,
8320293,A'ja Wilson [Black] #WNBA3,Basketball Cards 2024 Panini Prizm Monopoly WNBA Insert,269,Ungraded,Normal wear,,,0,1,2025-08-09,,,,
8703778,Jeff Petry #310,Hockey Cards 2024 Upper Deck,175,Ungraded,Normal wear,,,0,1,2025-10-02,,,,
1937345,Ozzie Smith #389,Baseball Cards 1989 Topps,113,Ungraded,Normal wear,,,0,1,2025-12-06,,,,
8533677,Bennedict Mathurin #40,Basketball Cards 2024 Panini Prizm,113,Ungraded,Normal wear,,,0,1,2025-08-30,,,,
8775479,Kyle Anderson #155,Basketball Cards 2024 Panini Donruss,174,Ungraded,Normal wear,,,0,1,2025-10-08,,,,
10007305,Adam Mazur #157,Baseball Cards 2025 Topps Chrome,99,Ungraded,Normal wear,,,0,1,2025-08-09,,,,
10819661,Rasheer Fleming #231,Basketball Cards 2025 Topps,64,Ungraded,Normal wear,,,0,1,2026-03-10,,,,2025 - 26 TOPPS Flagship Basketball
8703811,Adam Henrique #314,Hockey Cards 2024 Upper Deck,115,Ungraded,Normal wear,,,0,1,2025-10-02,,,,
1944189,Gary Carter #790,Baseball Cards 1990 Topps,125,Ungraded,Normal wear,,,0,1,2025-11-12,,,,
9793605,Jaylon Tyson #182,Basketball Cards 2024 Panini Select,174,Ungraded,Normal wear,,,0,1,2025-10-04,,,,
10003442,Richard Fitts #72,Baseball Cards 2025 Topps Chrome,129,Ungraded,Normal wear,,,0,1,2025-08-09,,,,
7613906,Jalen Brunson #21,Basketball Cards 2023 Panini Hoops Premium Stock City Edition,126,Ungraded,Normal wear,,,0,1,2025-10-08,,,,
9261832,Kyle Kuzma #71,Basketball Cards 2024 Panini Revolution,25,Ungraded,Normal wear,,,0,1,2025-10-02,,,,
1887135,Joe Niekro #167,Baseball Cards 1982 Donruss,136,Ungraded,Normal wear,,,0,1,2025-12-06,,,,
10084631,Dalton Knecht [Mosaic] #271,Basketball Cards 2024 Panini Mosaic,175,Ungraded,Normal wear,,,3,1,2026-01-16,,,,
8770529,Jalen Suggs #59,Basketball Cards 2024 Panini Donruss,99,Ungraded,Normal wear,,,0,1,2025-10-08,,,,
6910330,Josh Williams #142,Racing Cards 2024 Donruss NASCAR,25,Ungraded,Normal wear,,,0,1,2026-03-07,,,,
1969000,New York Yankees Checklist #326,Baseball Cards 1994 Score,100,Ungraded,Normal wear,,,0,1,2026-03-08,,,,
8560494,Donovan Mitchell [Green] #23,Basketball Cards 2024 Panini Prizm Dominance,115,Ungraded,Normal wear,,,0,1,2025-10-02,,,,
10819230,Kevin Durant #157,Basketball Cards 2025 Topps,99,Ungraded,Normal wear,,,0,1,2026-03-10,,,,2025 - 26 TOPPS Flagship Basketball
9551961,Rutger McGroarty [Green] #DZ-137,Hockey Cards 2024 Upper Deck Dazzlers,123,Ungraded,Normal wear,,,0,1,2025-10-02,,,,
7606738,Keegan Murray #171,Basketball Cards 2023 Panini Hoops Premium Stock,158,Ungraded,Normal wear,,,0,1,2025-10-08,,,,
11012011,Roronoa Zoro OP13-037,One Piece Carrying on His Will,103,Ungraded,Normal wear,,,0,1,2026-03-02,,,,
9759417,Jacoby Brissett #67,Football Cards 2024 Panini Contenders,108,Ungraded,Normal wear,,,0,1,2025-10-07,,,,
8775953,Obi Toppin #168,Basketball Cards 2024 Panini Donruss,109,Ungraded,Normal wear,,,0,1,2025-10-08,,,,
8536343,Cole Anthony #73,Basketball Cards 2024 Panini Prizm,99,Ungraded,Normal wear,,,0,1,2025-08-31,,,,
1863971,Willie Stargell [Boyhood Photo] #343,Baseball Cards 1972 Topps,205,Ungraded,Normal wear,,,0,1,2026-01-16,2026-01-16,,,
8317355,Nika Muhl #4,Basketball Cards 2024 Panini Prizm Monopoly WNBA,166,Ungraded,Normal wear,,,0,1,2025-10-02,,,,
9574156,Jan Oblak #9,Soccer Cards 2024 Panini Select FIFA,25,Ungraded,Normal wear,,,0,1,2025-10-07,,,,
8705945,Lucas Raymond #EC-13,Hockey Cards 2024 Upper Deck ElectriCITY,128,Ungraded,Normal wear,,,0,1,2025-10-04,,,,
8707027,Sidney Crosby #PL-7,Hockey Cards 2024 Upper Deck Playlist,151,Ungraded,Normal wear,,,0,1,2025-10-04,,,,
7611395,Bilal Coulibaly [Ice Prizm] #287,Basketball Cards 2023 Panini Hoops Premium Stock,99,Ungraded,Normal wear,,,0,1,2025-10-08,,,,
5252736,Javy Lopez #147,Baseball Cards 2002 Topps Opening Day,151,Ungraded,Normal wear,,,0,1,2025-11-12,,,,
9261996,Cason Wallace #75,Basketball Cards 2024 Panini Revolution,178,Ungraded,Normal wear,,,0,1,2025-10-02,,,,
10009237,Carlos Rodriguez [Sepia] #201,Baseball Cards 2025 Topps Chrome,117,Ungraded,Normal wear,,,0,1,2025-08-09,,,,
10976547,Damien Martinez [Mosaic Reactive Yellow] #360,Football Cards 2025 Panini Mosaic,149,Ungraded,Normal wear,,,0,1,2026-03-05,,,,
5868787,Elena Delle Donne #11,Basketball Cards 2023 Panini Prizm WNBA,23,Ungraded,Normal wear,,,0,1,2025-12-01,,,,
8704352,Sidney Crosby #380,Hockey Cards 2024 Upper Deck,147,Ungraded,Normal wear,,,0,1,2025-10-08,,,,
10820029,Bernard King #268,Basketball Cards 2025 Topps,113,Ungraded,Normal wear,,,0,1,2026-03-10,,,,2025 - 26 TOPPS Flagship Basketball
10217912,Bubba Wallace [Lime Green] #51,Racing Cards 2025 Panini Donruss NASCAR,0,Ungraded,Normal wear,,,0,1,2025-10-07,,,,
8318712,Cynthia Cooper-Dyke #50,Basketball Cards 2024 Panini Prizm Monopoly WNBA,180,Ungraded,Normal wear,,,0,1,2025-10-02,,,,
9492317,James Harrison #48,Football Cards 2024 Topps Signature Class,83,Ungraded,Normal wear,,,0,1,2025-10-07,,,,
8560227,Jrue Holiday #171,Basketball Cards 2024 Panini Prizm,99,Ungraded,Normal wear,,,0,1,2025-10-02,,,,
11011977,Ace & Sabo & Luffy [Alternate Art] OP13-007,One Piece Carrying on His Will,12675,PSA 10,Normal wear,,,0,1,2025-11-22,,,,
9508469,Leroy Kelly #ZO-23,Football Cards 2024 Topps Signature Class Zone Out,161,Ungraded,Normal wear,,,0,1,2025-10-07,,,,
1885427,Joe Niekro #722,Baseball Cards 1981 Topps,115,Ungraded,Normal wear,,,0,1,2025-11-02,,,,
8882384,Janne Kuokkanen #582,Hockey Cards 2020 Upper Deck Extended Series,25,Ungraded,Normal wear,,,0,1,2025-10-04,,,,
8546449,Tyus Jones [Red White Blue] #207,Basketball Cards 2024 Panini Prizm,92,Ungraded,Normal wear,,,0,1,2025-10-08,,,,
10266403,Tashigi OP12-031,One Piece Legacy of the Master,157,Ungraded,Normal wear,,,0,1,2026-03-02,,,,
8705213,Jett Luchanko #484,Hockey Cards 2024 Upper Deck,412,Ungraded,Normal wear,,,0,1,2025-10-04,,,,
8551242,Julius Erving #292,Basketball Cards 2024 Panini Prizm,144,Ungraded,Normal wear,,,0,1,2025-10-02,,,,
7943388,Quinyon Mitchell #322,Football Cards 2024 Panini Mosaic,125,Ungraded,Normal wear,,,0,1,2025-10-04,,,,
9637799,Khris Middleton #75,Basketball Cards 2024 Topps Chrome,25,Ungraded,Normal wear,,,0,1,2025-10-07,,,,
8704582,Brayden Point #407,Hockey Cards 2024 Upper Deck,99,Ungraded,Normal wear,,,0,1,2025-10-02,,,,
11012011,Roronoa Zoro OP13-037,One Piece Carrying on His Will,103,Ungraded,Normal wear,,,0,1,2026-03-02,,,,
10488474,Trae Young [Holo] #9,Basketball Cards 2024 Panini Donruss Optic Splash,99,Ungraded,Normal wear,,,0,1,2025-10-08,,,,
10820125,Nikola Jokic #286,Basketball Cards 2025 Topps,125,Ungraded,Normal wear,,,0,1,2026-03-10,,,,2025 - 26 TOPPS Flagship Basketball
8319811,Jackie Young #WNBA15,Basketball Cards 2024 Panini Prizm Monopoly WNBA Insert,198,Ungraded,Normal wear,,,0,1,2025-10-07,,,,
9635715,Alonzo Mourning #9,Basketball Cards 2024 Topps Chrome,124,Ungraded,Normal wear,,,0,1,2025-10-07,,,,
11703314,Monkey.D.Luffy [College Basketball US Voyage] P-055,One Piece Promo,30250,Ungraded,Normal wear,,,0,1,2026-03-10,,,,
9852087,Caio Borralho #49,Ufc Cards 2025 Topps Chrome UFC,142,Ungraded,Normal wear,,,0,1,2025-10-07,,,,
9095810,Josh Allen #86,Football Cards 2024 Panini Phoenix,172,Ungraded,Normal wear,,,0,1,2025-10-02,,,,
1937119,Tom Glavine #157,Baseball Cards 1989 Topps,132,Ungraded,Normal wear,,,0,1,2026-03-08,,,,
10217098,Erik Jones #23,Racing Cards 2025 Panini Donruss NASCAR,163,Ungraded,Normal wear,,,0,1,2025-10-07,,,,
9109993,Saquon Barkley #CON-SBY,Football Cards 2024 Panini Phoenix Contours,200,Ungraded,Normal wear,,,0,1,2025-10-02,,,,
9198819,Andre Rison #2,Football Cards 2024 Topps Resurgence,159,Ungraded,Normal wear,,,0,1,2025-10-02,,,,
9098188,Romeo Doubs #125,Football Cards 2024 Panini Phoenix,99,Ungraded,Normal wear,,,0,1,2025-10-02,,,,
9201767,Caleb Williams #117,Football Cards 2024 Topps Resurgence,213,Ungraded,Normal wear,,,0,1,2025-10-03,,,,
9198793,Kurt Warner #1,Football Cards 2024 Topps Resurgence,40,Ungraded,Normal wear,,,0,1,2025-10-02,,,,
8320116,Rickea Jackson [Silver] #WNBA25,Basketball Cards 2024 Panini Prizm Monopoly WNBA Insert,169,Ungraded,Normal wear,,,0,1,2025-08-09,,,,
8769100,Cam Reddish #30,Basketball Cards 2024 Panini Donruss,84,Ungraded,Normal wear,,,0,1,2025-10-08,,,,
9783251,Oso Ighodaro [Blue] #75,Basketball Cards 2024 Panini Select,99,Ungraded,Normal wear,,,0,1,2025-08-09,,,,
9389385,Maximilian Beier #159,Soccer Cards 2024 Topps Chrome UEFA,399,Ungraded,Normal wear,,,0,1,2025-10-02,,,,
8560211,Antonio Reeves #253,Basketball Cards 2024 Panini Prizm,117,Ungraded,Normal wear,,,0,1,2025-10-02,,,,
9948959,Stephon Castle #236,Basketball Cards 2024 Panini Mosaic,200,Ungraded,Normal wear,,,0,1,2025-08-15,,,,
8555515,Charles Barkley [Red Ice] #280,Basketball Cards 2024 Panini Prizm,199,Ungraded,Normal wear,,,0,1,2025-10-02,,,,
9260437,Paul George [Astro] #29,Basketball Cards 2024 Panini Revolution,239,Ungraded,Normal wear,,,0,1,2025-10-02,,,,
634893,Joe Montana #479,Football Cards 1991 Bowman,175,Ungraded,Normal wear,,,0,1,2026-01-06,,,,ACoolAUCTION - $7 Lot of Football
1965361,Mackey Sasser #788,Baseball Cards 1993 Topps,140,Ungraded,Normal wear,,,0,1,2026-03-07,,,,
8705556,Ilya Sorokin [Orange] #DZ-56,Hockey Cards 2024 Upper Deck Dazzlers,139,Ungraded,Normal wear,,,0,1,2025-10-04,,,,
3862078,Brett Favre [Astral] #113,Football Cards 2022 Panini Prestige,167,Ungraded,Normal wear,,,33,1,2026-01-06,,,,ACoolAUCTION - $7 Lot of Football
8704330,Ryan Graves [Outburst Silver] #379,Hockey Cards 2024 Upper Deck,149,Ungraded,Normal wear,,,0,1,2025-10-08,,,,
9096727,Kyle Pitts #99,Football Cards 2024 Panini Phoenix,115,Ungraded,Normal wear,,,0,1,2025-10-02,,,,
7613327,Victor Wembanyama #3,Basketball Cards 2023 Panini Hoops Premium Stock Attack the Rack,627,Ungraded,Normal wear,,,0,1,2025-10-08,,,,
10819694,Buddy Hield #237,Basketball Cards 2025 Topps,134,Ungraded,Normal wear,,,0,1,2026-03-10,,,,2025 - 26 TOPPS Flagship Basketball
9854341,Shavkat Rakhmonov #125,Ufc Cards 2025 Topps Chrome UFC,25,Ungraded,Normal wear,,,0,1,2025-10-07,,,,
9956833,Anton Watson #15,Basketball Cards 2024 Panini Mosaic Rookie Scripts,325,Ungraded,Normal wear,,,3,1,2026-01-16,,,,
1931308,Rickey Henderson #60,Baseball Cards 1988 Topps,164,Ungraded,Normal wear,,,0,1,2025-12-25,,,,
8770119,Nicolas Batum #51,Basketball Cards 2024 Panini Donruss,25,Ungraded,Normal wear,,,0,1,2025-10-08,,,,
9951350,Stephon Castle #290,Basketball Cards 2024 Panini Mosaic,135,Ungraded,Normal wear,,,0,1,2025-08-15,,,,
3134296,Kevin Bahl #720,Hockey Cards 2020 Upper Deck,107,Ungraded,Normal wear,,,0,1,2025-10-04,,,,
8533759,Cade Cunningham #41,Basketball Cards 2024 Panini Prizm,149,Ungraded,Normal wear,,,0,1,2025-08-30,,,,
9147249,Michael Del Zotto #535,Hockey Cards 2020 Upper Deck Extended Series,25,Ungraded,Normal wear,,,0,1,2025-10-04,,,,
9493291,Brenden Rice #137,Football Cards 2024 Topps Signature Class,84,Ungraded,Normal wear,,,0,1,2025-10-07,,,,
9202012,Jonah Elliss [Sky Blue Pink Shock] #128,Football Cards 2024 Topps Resurgence,155,Ungraded,Normal wear,,,0,1,2025-10-03,,,,
7600243,Toumani Camara [Ice Prizm] #10,Basketball Cards 2023 Panini Hoops Premium Stock,197,Ungraded,Normal wear,,,0,1,2025-10-08,,,,
9790434,Victor Wembanyama [Blue] #102,Basketball Cards 2024 Panini Select,134,Ungraded,Normal wear,,,0,1,2025-08-08,,,,
1933584,Sandy Alomar Jr. #300,Baseball Cards 1989 Fleer,120,Ungraded,Normal wear,,,0,1,2025-12-25,,,,
8561183,Victor Wembanyama [Silver] #9,Basketball Cards 2024 Panini Prizm Global Reach,332,Ungraded,Normal wear,,,0,1,2025-10-02,,,,
10733156,Oluwafemi Oladejo #384,Football Cards 2025 Panini Donruss,100,Ungraded,Normal wear,,,0,1,2025-11-21,,,,
3134218,Alex Pietrangelo #641,Hockey Cards 2020 Upper Deck,1,Ungraded,Normal wear,,,0,1,2025-10-08,,,,
8539816,Kristaps Porzingis [Orange Ice] #114,Basketball Cards 2024 Panini Prizm,144,Ungraded,Normal wear,,,0,1,2025-10-03,,,,
3134235,Patrick Kane #658,Hockey Cards 2020 Upper Deck,124,Ungraded,Normal wear,,,0,1,2025-10-08,,,,
8549643,Gilbert Arenas #275,Basketball Cards 2024 Panini Prizm,99,Ungraded,Normal wear,,,0,1,2025-10-02,,,,
1885793,Graig Nettles #46,Baseball Cards 1982 Fleer,153,Ungraded,Normal wear,,,0,1,2025-12-25,,,,
8882511,Casey Cizikas #586,Hockey Cards 2020 Upper Deck Extended Series,99,Ungraded,Normal wear,,,0,1,2025-10-04,,,,
8551044,David Robinson #288,Basketball Cards 2024 Panini Prizm,129,Ungraded,Normal wear,,,0,1,2025-10-02,,,,
10008463,Chris Bassitt #184,Baseball Cards 2025 Topps Chrome,144,Ungraded,Normal wear,,,0,1,2025-10-07,,,,
8554326,Jakob Poeltl #198,Basketball Cards 2024 Panini Prizm,25,Ungraded,Normal wear,,,0,1,2025-10-02,,,,
9123114,Peyton Krebs [Standing Ovation] #O-35,Hockey Cards 2020 Upper Deck Ovation,0,Ungraded,Normal wear,,,0,1,2025-10-04,,,,
9796810,Brandon Ingram #359,Basketball Cards 2024 Panini Select,78,Ungraded,Normal wear,,,0,1,2025-10-04,,,,
10819395,Alperen Sengun #180,Basketball Cards 2025 Topps,106,Ungraded,Normal wear,,,0,1,2026-03-10,,,,2025 - 26 TOPPS Flagship Basketball
2845562,Jim Abbott #127,Baseball Cards 1994 Score,130,Ungraded,Normal wear,,,3,1,2026-01-16,2026-01-16,,,
1865710,Luis Tiant #270,Baseball Cards 1973 Topps,899990,PSA 10,Normal wear,,,0,10,2025-11-02,,Beckett,,
8532235,Aaron Nesmith #22,Basketball Cards 2024 Panini Prizm,112,Ungraded,Normal wear,,,0,1,2025-08-31,,,,
9262504,Dejounte Murray #93,Basketball Cards 2024 Panini Revolution,50,Ungraded,Normal wear,,,0,1,2025-10-02,,,,
8775767,Dorian Finney-Smith #156,Basketball Cards 2024 Panini Donruss,99,Ungraded,Normal wear,,,0,1,2025-10-08,,,,
4892652,Brett Favre #6,Football Cards 1996 Collector's Choice A Cut Above,121,Ungraded,Normal wear,,,33,1,2026-01-06,,,,
10818638,Kyle Kuzma #56,Basketball Cards 2025 Topps,125,Ungraded,Normal wear,,,0,1,2026-03-10,,,,2024 Topps Chrome
9960321,Giannis Antetokounmpo [Red Fluorescent] #14,Basketball Cards 2024 Panini Mosaic Jam Masters,1105,Ungraded,Normal wear,,,0,1,2025-10-03,,,,
8537967,Malik Monk #93,Basketball Cards 2024 Panini Prizm,99,Ungraded,Normal wear,,,0,1,2025-08-31,,,,
9262016,Nikola Vucevic #80,Basketball Cards 2024 Panini Revolution,25,Ungraded,Normal wear,,,0,1,2025-10-04,,,,
9203858,Will Shipley #175,Football Cards 2024 Topps Resurgence,189,Ungraded,Normal wear,,,0,1,2025-10-02,,,,
6915983,Kyle Busch #6,Racing Cards 2024 Donruss NASCAR Unleashed,118,Ungraded,Normal wear,,,0,1,2026-03-07,,,,
9260943,Myles Turner #44,Basketball Cards 2024 Panini Revolution,99,Ungraded,Normal wear,,,0,1,2025-10-02,,,,
9859484,Dricus DU Plessis #DBG-5,Ufc Cards 2025 Topps Chrome UFC Dare to Be Great,99,Ungraded,Normal wear,,,0,1,2025-10-07,,,,
9550080,Adam Fox #589,Hockey Cards 2024 Upper Deck,99,Ungraded,Normal wear,,,0,1,2025-10-02,,,,
10008929,Jake Bloss #188,Baseball Cards 2025 Topps Chrome,141,Ungraded,Normal wear,,,0,1,2025-08-10,,,,
10192757,Paolo Banchero #131,Basketball Cards 2024 Panini Donruss Optic,95,Ungraded,Normal wear,,,0,1,2025-10-08,,,,
8535858,Caleb Martin #67,Basketball Cards 2024 Panini Prizm,99,Ungraded,Normal wear,,,0,1,2025-08-31,,,,
8543282,Darius Garland #146,Basketball Cards 2024 Panini Prizm,75,Ungraded,Normal wear,,,0,1,2025-10-02,,,,
9574509,Alisson Becker #20,Soccer Cards 2024 Panini Select FIFA,99,Ungraded,Normal wear,,,0,1,2025-08-07,,,,
8704350,Matty Beniers #391,Hockey Cards 2024 Upper Deck,21,Ungraded,Normal wear,,,0,1,2025-10-08,,,,
8881841,Thomas Greiss #544,Hockey Cards 2020 Upper Deck Extended Series,149,Ungraded,Normal wear,,,0,1,2025-10-04,,,,
8530547,Dejounte Murray #1,Basketball Cards 2024 Panini Prizm,230,Ungraded,Normal wear,,,0,2,2025-08-30,,,,
9855221,Colby Covington #154,Ufc Cards 2025 Topps Chrome UFC,145,Ungraded,Normal wear,,,0,1,2025-10-07,,,,
8563276,Anthony Volpe #35,Baseball Cards 2025 Topps,86,Ungraded,Normal wear,,,0,1,2025-10-14,,,,
10266394,Kuina OP12-026,One Piece Legacy of the Master,638,Ungraded,Normal wear,,,0,1,2026-03-02,,,,
10960166,A.J. Brown [Mosaic Reactive Yellow] #78,Football Cards 2025 Panini Mosaic,196,Ungraded,Normal wear,,,0,1,2026-03-05,,,,
8780110,Harrison Ingram #234,Basketball Cards 2024 Panini Donruss,187,Ungraded,Normal wear,,,0,1,2025-10-08,,,,
8561401,Zaccharie Risacher #21,Basketball Cards 2024 Panini Prizm Instant Impact,99,Ungraded,Normal wear,,,0,1,2025-10-07,,,,
8317708,Kia Nurse #16,Basketball Cards 2024 Panini Prizm Monopoly WNBA,150,Ungraded,Normal wear,,,0,1,2025-10-02,,,,
8563523,DJ Herz #287,Baseball Cards 2025 Topps,63,Ungraded,Normal wear,,,0,1,2025-10-14,,,,
9947028,Matas Buzelis #223,Basketball Cards 2024 Panini Mosaic,154,Ungraded,Normal wear,,,0,1,2026-01-16,,,,
10218249,Martin Truex Jr. #61,Racing Cards 2025 Panini Donruss NASCAR,123,Ungraded,Normal wear,,,0,1,2025-10-07,,,,
10149881,The Going Merry Pirate Ship #75639,LEGO One Piece,10500,Pieces and Instructions in Sealed Box,Normal wear,,,3300,1,2025-11-22,,,,ACoolONEPIECE
10732919,Jaylin Lane #335,Football Cards 2025 Panini Donruss,99,Ungraded,Normal wear,,,0,1,2025-11-21,,,,
8560508,Anthony Davis #25,Basketball Cards 2024 Panini Prizm Dominance,100,Ungraded,Normal wear,,,0,1,2025-10-02,,,,
1933345,"Triple A's [Canseco, Steinbach, McGwire] #634",Baseball Cards 1989 Fleer Glossy,200,Ungraded,Normal wear,,,0,1,2025-11-12,,,,
8704808,Rasmus Sandin #440,Hockey Cards 2024 Upper Deck,299,Ungraded,Normal wear,,,0,1,2025-10-02,,,,
216075,Joe Montana [Blue Press Proof] #226,Football Cards 2019 Donruss,152,Ungraded,Normal wear,,,0,1,2026-01-06,,,,ACoolAUCTION - $7 Lot of Football
2578917,David Cone #154,Baseball Cards 1991 Donruss,99,Ungraded,Normal wear,,,0,1,2025-12-06,,,,
9959777,Dalton Knecht #18,Basketball Cards 2024 Panini Mosaic Thunder Road,130,Ungraded,Normal wear,,,0,1,2025-10-03,,,,
7610908,Karl-Anthony Towns [Ice Prizm] #275,Basketball Cards 2023 Panini Hoops Premium Stock,193,Ungraded,Normal wear,,,0,1,2025-10-08,,,,
9851053,Alexa Grasso #14,Ufc Cards 2025 Topps Chrome UFC,144,Ungraded,Normal wear,,,0,1,2025-10-07,,,,
10205495,Bobi Klintman #289,Basketball Cards 2024 Panini Donruss Optic,75,Ungraded,Normal wear,,,0,1,2025-10-08,,,,
8319702,Rhyne Howard [Silver] #WNBA11,Basketball Cards 2024 Panini Prizm Monopoly WNBA Insert,175,Ungraded,Normal wear,,,0,1,2025-08-09,,,,
9383358,Ibrahim Mbaye #15,Soccer Cards 2024 Topps Chrome UEFA,158,Ungraded,Normal wear,,,0,1,2025-10-02,,,,
1920351,Dennis Eckersley #538,Baseball Cards 1986 Topps,150,Ungraded,Normal wear,,,0,1,2026-03-05,,,,
8881116,Max Domi #536,Hockey Cards 2020 Upper Deck Extended Series,25,Ungraded,Normal wear,,,0,1,2025-10-04,,,,
8531029,Keegan Murray #7,Basketball Cards 2024 Panini Prizm,100,Ungraded,Normal wear,,,0,1,2025-08-30,,,,
287159,Joe Montana #1,Football Cards 2019 Panini Absolute NFL Icons,196,Ungraded,Normal wear,,,33,1,2026-01-06,,,,ACoolAUCTION - $7 Lot of Football
1925405,George Brett #400,Baseball Cards 1987 Topps,140,Ungraded,Normal wear,,,0,1,2026-03-07,,,,
6955382,Matheus Cunha #220,Soccer Cards 2023 Panini Select Premier League,249,Ungraded,Normal wear,,,0,1,2025-10-07,,,,
9261735,Jayson Tatum #68,Basketball Cards 2024 Panini Revolution,100,Ungraded,Normal wear,,,0,1,2025-10-02,,,,
1964874,Willie Randolph #324,Baseball Cards 1993 Topps,129,Ungraded,Normal wear,,,0,1,2026-03-07,,,,
3134200,Erik Cernak #623,Hockey Cards 2020 Upper Deck,150,Ungraded,Normal wear,,,0,1,2025-10-08,,,,
7353710,Will Levis #96,Football Cards 2023 Panini Select,55,Ungraded,Normal wear,,,0,1,2025-10-02,,,,
1925602,Mike Schmidt #597,Baseball Cards 1987 Topps,135,Ungraded,Normal wear,,,0,1,2025-10-08,,,,
8783713,Ja'Kobe Walter #10,Basketball Cards 2024 Panini Donruss Great X-Pectations,105,Ungraded,Normal wear,,,0,1,2025-10-08,,,,
9944949,Peyton Watson #194,Basketball Cards 2024 Panini Mosaic,300,Ungraded,Normal wear,,,0,1,2025-10-02,,,,
7603344,Anthony Edwards [Ice Prizm] #87,Basketball Cards 2023 Panini Hoops Premium Stock,145,Ungraded,Normal wear,,,0,1,2025-10-08,,,,
10004247,Clayton Kershaw #88,Baseball Cards 2025 Topps Chrome,156,Ungraded,Normal wear,,,0,1,2025-10-07,,,,
10818780,Donovan Mitchell #80,Basketball Cards 2025 Topps,100,Ungraded,Normal wear,,,0,1,2026-03-10,,,,
10266394,Kuina OP12-026,One Piece Legacy of the Master,638,Ungraded,Normal wear,,,0,1,2026-03-02,,,,
9778260,Chet Holmgren #1,Basketball Cards 2024 Panini Select,154,Ungraded,Normal wear,,,0,1,2025-10-04,,,,
10818388,Tyrese Maxey #21,Basketball Cards 2025 Topps,99,Ungraded,Normal wear,,,0,1,2026-03-10,,,,2025 - 26 TOPPS Flagship Basketball
8704800,Tom Wilson #439,Hockey Cards 2024 Upper Deck,273,Ungraded,Normal wear,,,0,1,2025-10-02,,,,
9937314,Desmond Bane #72,Basketball Cards 2024 Panini Mosaic,129,Ungraded,Normal wear,,,0,1,2025-10-02,,,,
1930097,Bert Blyleven #180,Baseball Cards 1988 Topps Big,125,Ungraded,Normal wear,,,0,1,2025-11-23,,,,
9264514,AJ Johnson [Green Storm] #140,Basketball Cards 2024 Panini Revolution,143,Ungraded,Normal wear,,,0,1,2026-02-21,2026-02-21,,,
6910789,Denny Hamlin [Red Blue] #178,Racing Cards 2024 Donruss NASCAR,25,Ungraded,Normal wear,,,0,1,2026-03-07,,,,
8143436,Maason Smith #148,Football Cards 2024 Panini Absolute,100,Ungraded,Normal wear,,,0,1,2025-10-02,,,,
3134235,Patrick Kane #658,Hockey Cards 2020 Upper Deck,124,Ungraded,Normal wear,,,0,1,2025-10-08,,,,
1920518,Willie McGee #707,Baseball Cards 1986 Topps,121,Ungraded,Normal wear,,,0,1,2026-01-16,2026-01-15,,,
8556024,Jose Alvarado [Red Ice] #167,Basketball Cards 2024 Panini Prizm,229,Ungraded,Normal wear,,,0,1,2025-10-02,,,,
11634235,I Have A Plan To Take Down One Of The Four Emperors OP14-019,One Piece Azure Sea's Seven,20,Ungraded,Normal wear,,,0,1,2026-02-14,,,,
9576816,Ferran Torres #91,Soccer Cards 2024 Panini Select FIFA,6,Ungraded,Normal wear,,,0,1,2025-10-07,,,,
6948917,Ryan Christie #2,Soccer Cards 2023 Panini Select Premier League,2,Ungraded,Normal wear,,,0,1,2025-10-07,,,,
7603666,Marvin Bagley III #95,Basketball Cards 2023 Panini Hoops Premium Stock,25,Ungraded,Normal wear,,,0,1,2025-10-08,,,,
6953394,Cody Gakpo #153,Soccer Cards 2023 Panini Select Premier League,44,Ungraded,Normal wear,,,0,1,2025-10-07,,,,
10193155,Kris Murray #136,Basketball Cards 2024 Panini Donruss Optic,100,Ungraded,Normal wear,,,0,1,2025-10-08,,,,
11162032,DK Metcalf #43,Football Cards 2025 Panini Phoenix Thunderbirds,161,Ungraded,Normal wear,,,0,1,2026-03-05,,,,2025 Panini Phoenix
10266393,Koushirou OP12-027,One Piece Legacy of the Master,20,Ungraded,Normal wear,,,0,1,2026-03-02,,,,
10819079,Keyonte George #131,Basketball Cards 2025 Topps,100,Ungraded,Normal wear,,,0,1,2026-03-10,,,,2025 - 26 TOPPS Flagship Basketball
10189788,Patrick Williams #92,Basketball Cards 2024 Panini Donruss Optic,22,Ungraded,Normal wear,,,0,1,2025-10-08,,,,
8704236,Brady Tkachuk #368,Hockey Cards 2024 Upper Deck,86,Ungraded,Normal wear,,,0,1,2025-10-02,,,,
10840266,VJ Edgecombe #GN-3,Basketball Cards 2025 Topps Generation Now,99,Ungraded,Normal wear,,,0,1,2026-03-10,,,,2025 - 26 TOPPS Flagship Basketball
10819799,Carmelo Anthony #256,Basketball Cards 2025 Topps,142,Ungraded,Normal wear,,,0,1,2026-03-10,,,,2025 - 26 TOPPS Flagship Basketball
8703391,Jordan Greenway #264,Hockey Cards 2024 Upper Deck,100,Ungraded,Normal wear,,,0,1,2025-10-08,,,,
2322999,Randy Myers #302,Baseball Cards 1993 Topps,117,Ungraded,Normal wear,,,0,1,2026-03-07,,,,
10738605,Jahan Dotson #CIH-JDN,Football Cards 2025 Panini Donruss Champ is Here,138,Ungraded,Normal wear,,,0,1,2025-11-22,,,,
10005449,Brenton Doyle [Sepia] #118,Baseball Cards 2025 Topps Chrome,142,Ungraded,Normal wear,,,0,1,2025-08-09,,,,
4516802,Khabib Nurmagomedov [Purple] #2,Ufc Cards 2022 Panini Donruss Optic UFC Also Known As,125,Ungraded,Normal wear,,,0,1,2025-10-04,,,,
640933,Joe Montana #251,Football Cards 1991 Ultra,153,Ungraded,Normal wear,,,0,1,2026-01-06,,,,ACoolAUCTION - $7 Lot of Football
7652777,Byron Murphy (CB) #196,Football Cards 2024 Panini Prestige,125,Ungraded,Normal wear,,,0,1,2025-10-02,,,,
1971071,Jimmy Key #120,Baseball Cards 1994 Topps,169,Ungraded,Normal wear,,,0,1,2026-03-08,2026-03-08,,,
8558788,Tidjane Salaun #262,Basketball Cards 2024 Panini Prizm,113,Ungraded,Normal wear,,,0,1,2025-10-02,,,,
11012041,Gol.D.Roger [Alternate Art] OP13-064,One Piece Carrying on His Will,12928,PSA 10,Normal wear,,,0,1,2026-01-09,,,,
9202157,Terrion Arnold #129,Football Cards 2024 Topps Resurgence,105,Ungraded,Normal wear,,,0,1,2025-10-02,,,,
9147242,Braydon Coburn #597,Hockey Cards 2020 Upper Deck Extended Series,25,Ungraded,Normal wear,,,0,1,2025-10-04,,,,
10340064,Victor Wembanyama [Mosaic] #8,Basketball Cards 2024 Panini Mosaic Thunder Road,445,Ungraded,Normal wear,,,0,1,2025-12-25,,,,
8563340,Nolan Arenado #101,Baseball Cards 2025 Topps,163,Ungraded,Normal wear,,,0,1,2025-10-14,,,,
8774799,Keegan Murray #139,Basketball Cards 2024 Panini Donruss,113,Ungraded,Normal wear,,,0,1,2025-10-08,,,,
1929068,Dwight Gooden #350,Baseball Cards 1988 Score,149,Ungraded,Normal wear,,,0,1,2025-11-02,,,,
10959771,Sam LaPorta #63,Football Cards 2025 Panini Mosaic,128,Ungraded,Normal wear,,,0,1,2026-03-05,,,,
8536182,Caris LeVert #71,Basketball Cards 2024 Panini Prizm,99,Ungraded,Normal wear,,,0,1,2025-08-31,,,,
1956987,Sammy Sosa #94,Baseball Cards 1992 Topps,149,Ungraded,Normal wear,,,3,1,2026-01-16,2026-01-16,,,
8535126,De'Aaron Fox #58,Basketball Cards 2024 Panini Prizm,100,Ungraded,Normal wear,,,0,1,2025-08-31,,,,
10004515,Aaron Judge #99,Baseball Cards 2025 Topps Chrome,381,Ungraded,Normal wear,,,0,1,2025-10-07,,,,
1947007,Roger Clemens #850,Baseball Cards 1991 Score,99,Ungraded,Normal wear,,,0,1,2025-11-02,,,,
9386542,Benjamin Sesko #95,Soccer Cards 2024 Topps Chrome UEFA,0,Ungraded,Normal wear,,,0,1,2025-10-02,,,,
1955754,Chuck Knoblauch #206,Baseball Cards 1992 Fleer,77,Ungraded,Normal wear,,,0,1,2026-01-16,2026-01-15,,,
2107056,Shohei Ohtani #150,Baseball Cards 2021 Topps,204,Ungraded,Normal wear,,,0,1,2025-10-31,,,,
8774844,Clint Capela #142,Basketball Cards 2024 Panini Donruss,76,Ungraded,Normal wear,,,0,1,2025-10-08,,,,
8533841,Precious Achiuwa #42,Basketball Cards 2024 Panini Prizm,174,Ungraded,Normal wear,,,0,1,2025-08-30,,,,
1871123,Frank White #569,Baseball Cards 1975 Topps,187,Ungraded,Normal wear,,,0,1,2025-12-10,2025-12-10,,,
7656712,Gabriel Murphy #363,Football Cards 2024 Panini Prestige,125,Ungraded,Normal wear,,,0,1,2025-10-02,,,,
11056878,Nico Robin #2137,Funko POP Animation,1539,Brand New,Normal wear,,,0,1,2025-11-22,,,,
8704422,Torey Krug #398,Hockey Cards 2024 Upper Deck,10,Ungraded,Normal wear,,,0,1,2025-10-02,,,,
9951608,Shai Gilgeous-Alexander #289,Basketball Cards 2024 Panini Mosaic,175,Ungraded,Normal wear,,,0,1,2025-10-03,,,,
9759293,Puka Nacua #59,Football Cards 2024 Panini Contenders,109,Ungraded,Normal wear,,,0,1,2025-10-07,,,,
10196204,Khris Middleton #177,Basketball Cards 2024 Panini Donruss Optic,12,Ungraded,Normal wear,,,0,1,2025-10-08,,,,
9644861,Kyrie Irving #BOD-10,Basketball Cards 2024 Topps Chrome Ball of Duty,100,Ungraded,Normal wear,,,0,1,2025-10-07,,,,
8543086,Shaedon Sharpe [Red White Blue] #144,Basketball Cards 2024 Panini Prizm,134,Ungraded,Normal wear,,,0,1,2025-10-08,,,,
7604147,Jarace Walker [Ice Prizm] #107,Basketball Cards 2023 Panini Hoops Premium Stock,99,Ungraded,Normal wear,,,0,1,2025-10-08,,,,
7605642,Tyrese Maxey #144,Basketball Cards 2023 Panini Hoops Premium Stock,100,Ungraded,Normal wear,,,0,1,2025-10-08,,,,
1937534,Randy Velarde #584,Baseball Cards 1989 Topps,139,Ungraded,Normal wear,,,0,1,2026-03-07,,,,
1104131,Lawrence Taylor #552,Football Cards 1990 Panini Score,156,Ungraded,Normal wear,,,0,1,2026-01-09,,,,ACoolAUCTION - $7 Lot of Football
7610663,DeMar DeRozan #269,Basketball Cards 2023 Panini Hoops Premium Stock,25,Ungraded,Normal wear,,,0,1,2025-10-08,,,,
9492340,Joe Greene #50,Football Cards 2024 Topps Signature Class,77,Ungraded,Normal wear,,,0,1,2025-10-07,,,,
9759656,Garrett Wilson #77,Football Cards 2024 Panini Contenders,135,Ungraded,Normal wear,,,0,1,2025-10-07,,,,
9944825,Ja Morant #195,Basketball Cards 2024 Panini Mosaic,157,Ungraded,Normal wear,,,0,1,2025-10-02,,,,
8561297,Rob Dillingham #8,Basketball Cards 2024 Panini Prizm Instant Impact,138,Ungraded,Normal wear,,,0,1,2025-10-07,,,,
8775790,Tobias Harris #161,Basketball Cards 2024 Panini Donruss,99,Ungraded,Normal wear,,,0,1,2025-10-08,,,,
10003556,Luis De Los Santos #74,Baseball Cards 2025 Topps Chrome,108,Ungraded,Normal wear,,,0,1,2025-10-07,,,,
8561305,Jaylon Tyson #9,Basketball Cards 2024 Panini Prizm Instant Impact,35,Ungraded,Normal wear,,,0,1,2025-08-31,,,,
1879087,Willie McCovey #215,Baseball Cards 1979 Topps,275,Ungraded,Normal wear,,,0,1,2025-12-17,,,,
7607983,Bruce Brown #202,Basketball Cards 2023 Panini Hoops Premium Stock,75,Ungraded,Normal wear,,,0,1,2025-10-08,,,,
8537722,Damian Lillard #90,Basketball Cards 2024 Panini Prizm,149,Ungraded,Normal wear,,,0,1,2025-08-31,,,,
10018675,Elly De La Cruz #FS-7,Baseball Cards 2025 Topps Chrome Future Stars,179,Ungraded,Normal wear,,,0,1,2025-08-09,,,,
7614177,Shai Gilgeous-Alexander #4,Basketball Cards 2023 Panini Hoops Premium Stock Hoopla,162,Ungraded,Normal wear,,,0,1,2025-10-08,,,,
8546034,Zach Collins #197,Basketball Cards 2024 Panini Prizm,25,Ungraded,Normal wear,,,0,1,2025-10-02,,,,
4631750,Dan Marino [Orange] #LL5,Football Cards 2020 Panini Illusions Living Legends,425,Ungraded,Normal wear,,,0,1,2026-01-06,,,,ACoolAUCTION - $7 Lot of Football
9594712,Roki Sasaki #558,Baseball Cards 2025 Topps Series 2,163,Ungraded,Normal wear,,,0,1,2025-08-09,,,,
10733419,Carson Schwesinger #392,Football Cards 2025 Panini Donruss,149,Ungraded,Normal wear,,,0,1,2025-11-21,,,,
9262326,LaMelo Ball #89,Basketball Cards 2024 Panini Revolution,99,Ungraded,Normal wear,,,0,1,2025-10-02,,,,
8537250,Trae Young [Red White Blue] #84,Basketball Cards 2024 Panini Prizm,117,Ungraded,Normal wear,,,0,1,2025-10-02,,,,
6912931,AJ Allmendinger [Optic] #149,Racing Cards 2024 Donruss NASCAR,25,Ungraded,Normal wear,,,0,1,2026-03-07,,,,
10738080,Justin Jefferson #DTH-JJN,Football Cards 2025 Panini Donruss Threads,300,Ungraded,Normal wear,,,0,1,2025-11-22,,,,ACoolPACK - YoBoyTMac Packers 
9549417,Sam Lafferty #514,Hockey Cards 2024 Upper Deck,199,Ungraded,Normal wear,,,0,1,2025-10-02,,,,
9384400,Viggo Gebel #40,Soccer Cards 2024 Topps Chrome UEFA,300,Ungraded,Normal wear,,,0,1,2025-10-02,,,,
8546401,Bobby Portis #206,Basketball Cards 2024 Panini Prizm,148,Ungraded,Normal wear,,,0,1,2025-10-02,,,,
8703499,Jaccob Slavin #274,Hockey Cards 2024 Upper Deck,99,Ungraded,Normal wear,,,0,1,2025-10-02,,,,
1920373,Dave Righetti #560,Baseball Cards 1986 Topps,148,Ungraded,Normal wear,,,0,1,2026-01-16,2026-01-15,,,
1882692,Tommy John #81,Baseball Cards 1981 Fleer,160,Ungraded,Normal wear,,,0,1,2026-01-16,2026-01-15,,,
8560543,Ron Holland II #4,Basketball Cards 2024 Panini Prizm Emergent,110,Ungraded,Normal wear,,,0,1,2025-10-08,,,,
6909350,Erik Jones #65,Racing Cards 2024 Donruss NASCAR,25,Ungraded,Normal wear,,,0,1,2026-03-07,,,,
3134187,Mark Jankowski #610,Hockey Cards 2020 Upper Deck,112,Ungraded,Normal wear,,,0,1,2025-10-08,,,,
8318329,Sophie Cunningham #37,Basketball Cards 2024 Panini Prizm Monopoly WNBA,263,Ungraded,Normal wear,,,0,1,2025-10-02,,,,
9854030,Katlyn Cerminara #114,Ufc Cards 2025 Topps Chrome UFC,25,Ungraded,Normal wear,,,0,1,2025-10-07,,,,
8320021,Brittney Griner #WNBA22,Basketball Cards 2024 Panini Prizm Monopoly WNBA Insert,166,Ungraded,Normal wear,,,0,1,2025-08-09,,,,
9262114,Nikola Jokic #76,Basketball Cards 2024 Panini Revolution,153,Ungraded,Normal wear,,,0,1,2025-10-04,,,,
8555577,Hakeem Olajuwon #296,Basketball Cards 2024 Panini Prizm,106,Ungraded,Normal wear,,,0,1,2025-10-02,,,,
7604552,Jalen Williams #117,Basketball Cards 2023 Panini Hoops Premium Stock,94,Ungraded,Normal wear,,,0,1,2025-10-08,,,,
9262695,Jonas Valanciunas #99,Basketball Cards 2024 Panini Revolution,99,Ungraded,Normal wear,,,0,1,2025-10-04,,,,
9638774,Payton Pritchard #110,Basketball Cards 2024 Topps Chrome,129,Ungraded,Normal wear,,,0,1,2025-10-07,,,,
1964829,Tom Glavine #280,Baseball Cards 1993 Topps,138,Ungraded,Normal wear,,,0,1,2026-03-07,,,,
8091680,Gol.D.Roger [Foil] OP09-118,One Piece Emperors in the New World,22000,Graded 9.5,Normal wear,,,0,1,2025-11-22,,,,
8563502,Ryan Thompson #265,Baseball Cards 2025 Topps,204,Ungraded,Normal wear,,,0,1,2025-10-14,,,,
9579941,Warren Zaire-Emery #170,Soccer Cards 2024 Panini Select FIFA,199,Ungraded,Normal wear,,,0,1,2025-10-07,,,,
10216753,Darrell Waltrip #14,Racing Cards 2025 Panini Donruss NASCAR,127,Ungraded,Normal wear,,,0,1,2025-10-07,,,,
9758050,Kirk Cousins #4,Football Cards 2024 Panini Contenders,209,Ungraded,Normal wear,,,0,1,2025-10-07,,,,
9259627,CJ McCollum #2,Basketball Cards 2024 Panini Revolution,99,Ungraded,Normal wear,,,0,1,2025-10-02,,,,
9941551,Fred VanVleet #135,Basketball Cards 2024 Panini Mosaic,25,Ungraded,Normal wear,,,0,1,2025-10-02,,,,
9260273,Damian Lillard #22,Basketball Cards 2024 Panini Revolution,152,Ungraded,Normal wear,,,0,1,2025-10-02,,,,
8772848,CJ McCollum #102,Basketball Cards 2024 Panini Donruss,58,Ungraded,Normal wear,,,0,1,2025-10-08,,,,
11012015,Edward.Newgate OP13-042,One Piece Carrying on His Will,246,Ungraded,Normal wear,,,0,1,2025-11-22,,,,
7351536,Tank Bigsby #47,Football Cards 2023 Panini Select,121,Ungraded,Normal wear,,,0,1,2025-10-02,,,,
6915904,Terry Labonte #20,Racing Cards 2024 Donruss NASCAR Retro Series,125,Ungraded,Normal wear,,,0,1,2026-03-06,2026-03-06,,,2024 DonRuss Racing NASCAR
9851142,Chase Hooper #17,Ufc Cards 2025 Topps Chrome UFC,169,Ungraded,Normal wear,,,0,1,2025-10-07,,,,
1925079,Dan Pasqua #74,Baseball Cards 1987 Topps,113,Ungraded,Normal wear,,,0,1,2026-03-07,,,,
8707789,Conor Geekie [Speckle] #WA-14,Hockey Cards 2024 Upper Deck Welcome Aboard,130,Ungraded,Normal wear,,,0,1,2025-10-04,,,,
8538920,Jayson Tatum #103,Basketball Cards 2024 Panini Prizm,144,Ungraded,Normal wear,,,0,1,2025-08-31,,,,
9937036,Trey Murphy III #68,Basketball Cards 2024 Panini Mosaic,298,Ungraded,Normal wear,,,0,1,2025-10-03,,,,
9006978,JuJu Smith-Schuster #136,Football Cards 2024 Panini Donruss Optic,153,Ungraded,Normal wear,,,0,1,2025-10-04,,,,
9491920,Emmitt Smith #11,Football Cards 2024 Topps Signature Class,88,Ungraded,Normal wear,,,0,1,2025-10-07,,,,
3141426,Derick Brassard #505,Hockey Cards 2020 Upper Deck Extended Series,99,Ungraded,Normal wear,,,0,1,2025-10-04,,,,
3134221,Zdeno Chara #644,Hockey Cards 2020 Upper Deck,150,Ungraded,Normal wear,,,0,1,2025-10-08,,,,
8533046,Taylor Hendricks [Orange Ice] #32,Basketball Cards 2024 Panini Prizm,195,Ungraded,Normal wear,,,0,1,2025-10-03,,,,
11012117,Sabo OP13-120,One Piece Carrying on His Will,660,Ungraded,Normal wear,,,0,1,2026-01-09,,,,
9549376,Nikita Zadorov #509,Hockey Cards 2024 Upper Deck,182,Ungraded,Normal wear,,,0,1,2025-10-04,,,,
8776779,T.J. McConnell #181,Basketball Cards 2024 Panini Donruss,99,Ungraded,Normal wear,,,0,1,2025-10-08,,,,
6909859,Carson Hocevar #105,Racing Cards 2024 Donruss NASCAR,99,Ungraded,Normal wear,,,0,1,2026-03-07,,,,
8556860,Donovan Mitchell [Red White Blue] #155,Basketball Cards 2024 Panini Prizm,149,Ungraded,Normal wear,,,0,1,2025-10-02,,,,
9781572,Cameron Thomas #50,Basketball Cards 2024 Panini Select,25,Ungraded,Normal wear,,,0,1,2025-10-04,,,,
8546804,Toumani Camara #215,Basketball Cards 2024 Panini Prizm,99,Ungraded,Normal wear,,,0,1,2025-10-02,,,,
8774124,Malik Monk #126,Basketball Cards 2024 Panini Donruss,99,Ungraded,Normal wear,,,0,1,2025-10-08,,,,
10739651,Jalen Hurts [Championship] #1,Football Cards 2025 Panini Donruss Road to the Super Bowl,152,Ungraded,Normal wear,,,0,1,2025-11-22,,,,
9505951,Anthony Richardson #AI-2,Football Cards 2024 Topps Signature Class After Image,150,Ungraded,Normal wear,,,0,1,2025-10-07,,,,
1088615,Rick Redman #118,Football Cards 1970 Topps,168,Ungraded,Normal wear,,,0,1,2025-12-25,,,,
10819321,Dereck Lively II #172,Basketball Cards 2025 Topps,125,Ungraded,Normal wear,,,0,1,2026-03-10,,,,2025 - 26 TOPPS Flagship Basketball
8704699,Nils Hoglander #426,Hockey Cards 2024 Upper Deck,73,Ungraded,Normal wear,,,0,1,2025-10-08,,,,
6413451,Cade Cunningham #25,Basketball Cards 2023 Panini Prizm Monopoly,149,Ungraded,Normal wear,,,0,1,2025-10-04,,,,
3368803,Ivan Calderon #607,Baseball Cards 1988 Score,125,Ungraded,Normal wear,,,3,1,2026-01-16,,,,
9045731,Zion Williamson [Red] #61,Basketball Cards 2024 Panini Prizm Monopoly,199,Ungraded,Normal wear,,,0,1,2025-10-04,,,,
9952434,Larry Bird #299,Basketball Cards 2024 Panini Mosaic,150,Ungraded,Normal wear,,,0,1,2025-10-03,,,,
1964646,Moises Alou #123,Baseball Cards 1993 Topps,175,Ungraded,Normal wear,,,0,1,2026-03-07,,,,
1951422,Chuck Knoblauch #40,Baseball Cards 1991 Upper Deck,104,Ungraded,Normal wear,,,0,1,2026-03-07,,,,
8319160,Caitlin Clark #65,Basketball Cards 2024 Panini Prizm Monopoly WNBA,2823,Ungraded,Normal wear,,,0,3,2025-08-09,,,,ACoolWNBA - 2024 Panini Prizm Monopoly
5872215,Sabrina Ionescu #7,Basketball Cards 2023 Panini Prizm WNBA Top Tier,274,Ungraded,Normal wear,,,0,1,2025-10-04,,,,
9708890,Don Mattingly #70,Baseball Cards 2008 Upper Deck Yankee Stadium Legacy,199,Ungraded,Normal wear,,,3,1,2026-01-16,2026-01-16,,,
9641022,Sandro Mamukelashvili #186,Basketball Cards 2024 Topps Chrome,125,Ungraded,Normal wear,,,0,1,2025-12-04,,,,
7349989,O'Cyrus Torrence #12,Football Cards 2023 Panini Select,140,Ungraded,Normal wear,,,0,1,2025-10-02,,,,
1782708,Yadier Molina #130,Baseball Cards 2020 Topps Opening Day,175,Ungraded,Normal wear,,,0,1,2026-03-07,,,,
11141284,Jaycee Horn #106,Football Cards 2025 Panini Phoenix,159,Ungraded,Normal wear,,,0,1,2026-03-05,,,,2025 Panini Phoenix
6949718,Mike Tresor #29,Soccer Cards 2023 Panini Select Premier League,25,Ungraded,Normal wear,,,0,1,2025-10-07,,,,
1937359,Kirby Puckett #403,Baseball Cards 1989 Topps,99,Ungraded,Normal wear,,,0,1,2026-01-16,2026-01-15,,,
1956921,Chuck Knoblauch #23,Baseball Cards 1992 Topps,121,Ungraded,Normal wear,,,0,1,2026-01-16,2026-01-16,,,
10819505,Kon Knueppel #204,Basketball Cards 2025 Topps,253,Ungraded,Normal wear,,,0,1,2026-03-10,,,,2025 - 26 TOPPS Flagship Basketball
8770760,Vince Williams Jr. #61,Basketball Cards 2024 Panini Donruss,99,Ungraded,Normal wear,,,0,1,2025-10-08,,,,
8541636,Draymond Green #131,Basketball Cards 2024 Panini Prizm,8,Ungraded,Normal wear,,,0,1,2025-08-31,,,,
8682616,Aari McDonald [Red Classic Icon] #30,Basketball Cards 2024 Panini Prizm Monopoly WNBA,100,Ungraded,Normal wear,,,0,1,2025-08-09,,,,
8682595,Ezi Magbegor [Red Classic Icon] #8,Basketball Cards 2024 Panini Prizm Monopoly WNBA,127,Ungraded,Normal wear,,,0,1,2025-08-09,,,,
7655388,Malik Nabers #306,Football Cards 2024 Panini Prestige,118,Ungraded,Normal wear,,,0,1,2025-10-02,,,,
9636160,Rasheed Wallace #23,Basketball Cards 2024 Topps Chrome,107,Ungraded,Normal wear,,,0,1,2025-10-07,,,,
9575257,Alex Jimenez #43,Soccer Cards 2024 Panini Select FIFA,226,Ungraded,Normal wear,,,0,1,2025-08-07,,,,
8703366,Mason Lohrei #257,Hockey Cards 2024 Upper Deck,137,Ungraded,Normal wear,,,0,1,2025-10-08,,,,
8561297,Rob Dillingham #8,Basketball Cards 2024 Panini Prizm Instant Impact,138,Ungraded,Normal wear,,,0,1,2025-10-07,,,,
8557906,Zach Collins [Red Ice] #197,Basketball Cards 2024 Panini Prizm,135,Ungraded,Normal wear,,,0,1,2025-10-02,,,,
1922306,Don Sutton #153,Baseball Cards 1987 Leaf,111,Ungraded,Normal wear,,,0,1,2025-12-10,2025-12-10,,,
8563271,Pedro Leon #30,Baseball Cards 2025 Topps,138,Ungraded,Normal wear,,,0,1,2025-10-14,,,,
9758306,D'Andre Swift #16,Football Cards 2024 Panini Contenders,135,Ungraded,Normal wear,,,0,1,2025-10-07,,,,
3134219,Nicolas Roy #642,Hockey Cards 2020 Upper Deck,140,Ungraded,Normal wear,,,0,1,2025-10-08,,,,
1104135,Jerry Rice #556,Football Cards 1990 Panini Score,157,Ungraded,Normal wear,,,0,1,2026-01-09,,,,ACoolAUCTION - $7 Lot of Football
8544911,Victor Wembanyama #172,Basketball Cards 2024 Panini Prizm,225,Ungraded,Normal wear,,,0,1,2025-08-31,,,,
9390469,Raul Asencio #186,Soccer Cards 2024 Topps Chrome UEFA,182,Ungraded,Normal wear,,,0,1,2025-10-02,,,,
8148737,Marvin Harrison Jr. #BS-MHJ,Football Cards 2024 Panini Absolute By Storm,104,Ungraded,Normal wear,,,0,1,2025-10-02,,,,
8317917,Sydney Colson #23,Basketball Cards 2024 Panini Prizm Monopoly WNBA,199,Ungraded,Normal wear,,,0,1,2025-10-02,,,,
9492250,Jason Kelce #43,Football Cards 2024 Topps Signature Class,136,Ungraded,Normal wear,,,0,1,2025-10-07,,,,
3533985,Joe Montana [Orange Ice Prizm] #60,Football Cards 2021 Panini Prizm,340,Ungraded,Normal wear,,,33,1,2026-01-06,,,,ACoolAUCTION - $7 Lot of Football
9492204,Tim Brown #40,Football Cards 2024 Topps Signature Class,6,Ungraded,Normal wear,,,0,1,2025-10-07,,,,
7658160,Jack Campbell #102,Football Cards 2024 Panini Prestige,165,Ungraded,Normal wear,,,0,1,2025-10-02,,,,
1937348,Andy Van Slyke #392,Baseball Cards 1989 Topps,117,Ungraded,Normal wear,,,0,1,2026-03-08,,,,
1959803,David Justice #5,Baseball Cards 1993 Flair,111,Ungraded,Normal wear,,,0,1,2025-12-06,,,,
9851207,Waldo Cortes Acosta [Prism Refractor] #19,Ufc Cards 2025 Topps Chrome UFC,179,Ungraded,Normal wear,,,0,1,2025-10-07,,,,
7608141,Seth Lundy #206,Basketball Cards 2023 Panini Hoops Premium Stock,200,Ungraded,Normal wear,,,0,1,2025-10-08,,,,
1090892,Charley Johnson #68,Football Cards 1976 Topps,162,Ungraded,Normal wear,,,0,1,2025-12-25,,,,
1970800,Cal Ripken Jr. #200,Baseball Cards 1994 Topps Gold,200,Ungraded,Normal wear,,,0,1,2025-12-06,,,,
10968009,Christian Watson #242,Football Cards 2025 Panini Mosaic,136,Ungraded,Normal wear,,,0,1,2026-03-05,,,,
3134262,Elias Pettersson #685,Hockey Cards 2020 Upper Deck,67,Ungraded,Normal wear,,,0,1,2025-10-08,,,,
391792,Barry Sanders [Pink Pulsar Prizm] #11,Football Cards 2020 Panini Prizm Draft Picks,217,Ungraded,Normal wear,,,0,1,2026-01-09,,,,ACoolAUCTION - $7 Lot of Football
633176,Joe Montana #381,Football Cards 1989 Pro Set,194,Ungraded,Normal wear,,,0,1,2026-03-08,,,,
7600282,Deandre Ayton #11,Basketball Cards 2023 Panini Hoops Premium Stock,6,Ungraded,Normal wear,,,0,1,2025-10-08,,,,
629656,Eric Dickerson #1,Football Cards 1984 Topps,190,Ungraded,Normal wear,,,0,1,2026-01-16,2026-01-16,,,
9383564,Lois Openda #20,Soccer Cards 2024 Topps Chrome UEFA,25,Ungraded,Normal wear,,,0,1,2025-10-02,,,,
9783697,Tristan da Silva #83,Basketball Cards 2024 Panini Select,170,Ungraded,Normal wear,,,0,1,2025-10-04,,,,
1931226,Robin Ventura #124T,Baseball Cards 1988 Topps Traded,133,Ungraded,Normal wear,,,0,1,2025-11-02,,,,
9758242,Josey Jewell #13,Football Cards 2024 Panini Contenders,91,Ungraded,Normal wear,,,0,1,2025-10-07,,,,
9492500,Devontez Walker #69,Football Cards 2024 Topps Signature Class,127,Ungraded,Normal wear,,,0,1,2025-10-07,,,,
10216820,Cole Custer #13,Racing Cards 2025 Panini Donruss NASCAR,200,Ungraded,Normal wear,,,0,1,2025-10-07,,,,
8775386,Scottie Barnes #153,Basketball Cards 2024 Panini Donruss,51,Ungraded,Normal wear,,,0,1,2025-10-08,,,,
2481070,Benny Santiago #893,Baseball Cards 1991 Score,135,Ungraded,Normal wear,,,0,1,2026-01-16,2026-01-15,,,
1170146,Joe Montana #153,Football Cards 1995 Playoff Prime,180,Ungraded,Normal wear,,,0,1,2026-01-06,,,,ACoolAUCTION - $7 Lot of Football
3105142,Kevin Shattenkirk #504,Hockey Cards 2020 Upper Deck Extended Series,99,Ungraded,Normal wear,,,0,1,2025-10-04,,,,
9576237,Robin Koch #75,Soccer Cards 2024 Panini Select FIFA,4,Ungraded,Normal wear,,,0,1,2025-10-07,,,,
9942217,Myles Turner #153,Basketball Cards 2024 Panini Mosaic,117,Ungraded,Normal wear,,,0,1,2025-10-02,,,,
1542753,Noah Syndergaard [All Star Game Edition] #600,Baseball Cards 2018 Topps Complete Set,0,Ungraded,Normal wear,,,0,1,2025-12-06,,,,
1103910,Bo Jackson #330,Football Cards 1990 Panini Score,190,Ungraded,Normal wear,,,0,1,2026-01-08,,,,ACoolAUCTION - $7 Lot of Football
8557308,Tyler Smith #270,Basketball Cards 2024 Panini Prizm,149,Ungraded,Normal wear,,,0,1,2025-10-02,,,,
259631,Jerry Rice [Silver Prizm] #287,Football Cards 2019 Panini Prizm,299,Ungraded,Normal wear,,,0,1,2026-01-09,,,,
3141427,Drake Caggiula #506,Hockey Cards 2020 Upper Deck Extended Series,100,Ungraded,Normal wear,,,0,1,2025-10-04,,,,
9199571,Terrell Davis #33,Football Cards 2024 Topps Resurgence,123,Ungraded,Normal wear,,,0,1,2025-10-02,,,,
1958173,Ivan Rodriguez #245,Baseball Cards 1992 Upper Deck,125,Ungraded,Normal wear,,,0,1,2026-03-07,,,,
1932784,Ron Gant #274,Baseball Cards 1989 Bowman,127,Ungraded,Normal wear,,,3,1,2026-01-16,,,,
1933538,Barry Bonds #202,Baseball Cards 1989 Fleer,123,Ungraded,Normal wear,,,0,1,2026-03-05,,,,
4516897,Francis Ngannou #22,Ufc Cards 2022 Panini Donruss Optic UFC Dominators,113,Ungraded,Normal wear,,,0,1,2025-10-04,,,,
9585430,Rico Lewis [Blue Pulsar] #16,Soccer Cards 2024 Panini Select FIFA Future,125,Ungraded,Normal wear,,,0,1,2025-08-07,,,,
1103591,Dan Marino #13,Football Cards 1990 Panini Score,150,Ungraded,Normal wear,,,0,1,2025-12-06,,,,
9386881,Joao Palhinha #98,Soccer Cards 2024 Topps Chrome UEFA,200,Ungraded,Normal wear,,,0,1,2025-10-02,,,,
1104131,Lawrence Taylor #552,Football Cards 1990 Panini Score,156,Ungraded,Normal wear,,,0,1,2026-01-09,,,,ACoolAUCTION - $7 Lot of Football
9764009,Dan Hampton / Kellen Winslow #3,Football Cards 2024 Panini Contenders Historic Draft Class,131,Ungraded,Normal wear,,,0,1,2025-10-07,,,,
7611559,Dereck Lively II [Ice Prizm] #291,Basketball Cards 2023 Panini Hoops Premium Stock,111,Ungraded,Normal wear,,,0,1,2025-10-08,,,,
9045956,Ja'Kobe Walter [Sparkle] #69,Basketball Cards 2024 Panini Prizm Monopoly,0,Ungraded,Normal wear,,,0,1,2025-10-04,,,,
9637867,Mark Williams #78,Basketball Cards 2024 Topps Chrome,25,Ungraded,Normal wear,,,0,1,2025-10-07,,,,
9758775,Jordan Love #37,Football Cards 2024 Panini Contenders,104,Ungraded,Normal wear,,,0,1,2025-10-07,,,,
9552327,Rutger McGroarty #RR-10,Hockey Cards 2024 Upper Deck Rookie Reflections,161,Ungraded,Normal wear,,,0,1,2025-10-02,,,,
9637439,Pascal Siakam [Pink Refractor] #64,Basketball Cards 2024 Topps Chrome,399,Ungraded,Normal wear,,,0,1,2025-10-07,,,,
2001838,Curt Schilling #128,Baseball Cards 1996 Topps,33,Ungraded,Normal wear,,,0,1,2026-03-08,,,,
8704776,Keegan Kolesar #436,Hockey Cards 2024 Upper Deck,94,Ungraded,Normal wear,,,0,1,2025-10-08,,,,
8563303,Jon Gray #62,Baseball Cards 2025 Topps,47,Ungraded,Normal wear,,,0,1,2025-10-14,,,,
8557736,Russell Westbrook #157,Basketball Cards 2024 Panini Prizm,25,Ungraded,Normal wear,,,0,1,2025-10-02,,,,
9266439,Johnny Furphy [Blue Astro] #1,Basketball Cards 2024 Panini Revolution New Wave,573,Ungraded,Normal wear,,,0,1,2026-01-16,2026-01-16,,,
8550926,Rob Dillingham #250,Basketball Cards 2024 Panini Prizm,149,Ungraded,Normal wear,,,0,1,2025-10-02,,,,
10014901,Angel Martinez #RA-AMA,Baseball Cards 2025 Topps Chrome Rookie Autograph,991,Ungraded,Normal wear,,,0,1,2025-08-09,,,,
8546956,Anthony Black #219,Basketball Cards 2024 Panini Prizm,111,Ungraded,Normal wear,,,0,1,2025-10-02,,,,
8531758,Scottie Barnes #16,Basketball Cards 2024 Panini Prizm,250,Ungraded,Normal wear,,,0,1,2025-08-30,,,,
8540519,Ayo Dosunmu #121,Basketball Cards 2024 Panini Prizm,117,Ungraded,Normal wear,,,0,1,2025-08-31,,,,
1888844,Ken Singleton #552,Baseball Cards 1982 Topps,111,Ungraded,Normal wear,,,0,1,2025-11-12,,,,
8537397,Domantas Sabonis #86,Basketball Cards 2024 Panini Prizm,99,Ungraded,Normal wear,,,0,1,2025-08-31,,,,
8771948,Taylor Hendricks #84,Basketball Cards 2024 Panini Donruss,99,Ungraded,Normal wear,,,0,1,2025-10-08,,,,
1118665,Lawrence Taylor #756,Football Cards 1992 Topps,169,Ungraded,Normal wear,,,0,1,2026-01-09,,,,ACoolAUCTION - $7 Lot of Football
9044148,Khris Middleton [Sparkle] #9,Basketball Cards 2024 Panini Prizm Monopoly,0,Ungraded,Normal wear,,,0,1,2025-10-04,,,,
7601814,Colby Jones #49,Basketball Cards 2023 Panini Hoops Premium Stock,137,Ungraded,Normal wear,,,0,1,2025-10-08,,,,
9638238,Zach Lavine [Topps Green Refractor] #84,Basketball Cards 2024 Topps Chrome,25,Ungraded,Normal wear,,,0,1,2025-10-07,,,,
1920530,Carlton Fisk #719,Baseball Cards 1986 Topps,137,Ungraded,Normal wear,,,0,1,2026-03-05,,,,
11139848,Chris Olave #87,Football Cards 2025 Panini Phoenix,142,Ungraded,Normal wear,,,0,1,2026-03-05,,,,2025 Panini Phoenix
8549690,Dwyane Wade #276,Basketball Cards 2024 Panini Prizm,100,Ungraded,Normal wear,,,0,1,2025-10-02,,,,
9574249,Ethan Nwaneri #12,Soccer Cards 2024 Panini Select FIFA,131,Ungraded,Normal wear,,,0,1,2025-08-07,,,,
3134133,Slater Koekkoek #553,Hockey Cards 2020 Upper Deck,25,Ungraded,Normal wear,,,0,1,2025-10-02,,,,
9904922,Matvei Michkov #OPC-49,Hockey Cards 2024 Upper Deck O-Pee-Chee Glossy,200,Ungraded,Normal wear,,,0,1,2025-10-08,,,,
9002766,Kirk Cousins #7,Football Cards 2024 Panini Donruss Optic,100,Ungraded,Normal wear,,,0,1,2025-10-04,,,,
3393113,Benny Santiago #870,Baseball Cards 1991 Score,64,Ungraded,Normal wear,,,0,1,2025-12-25,,,,
1931677,Joe Niekro #473,Baseball Cards 1988 Topps,110,Ungraded,Normal wear,,,0,1,2025-12-06,,,,
6910775,Michael McDowell #177,Racing Cards 2024 Donruss NASCAR,102,Ungraded,Normal wear,,,0,1,2026-03-07,,,,
8317355,Nika Muhl #4,Basketball Cards 2024 Panini Prizm Monopoly WNBA,166,Ungraded,Normal wear,,,0,1,2025-10-02,,,,
5868918,Zia Cooke #142,Basketball Cards 2023 Panini Prizm WNBA,125,Ungraded,Normal wear,,,0,1,2025-10-04,,,,
1104131,Lawrence Taylor #552,Football Cards 1990 Panini Score,156,Ungraded,Normal wear,,,0,1,2026-01-09,,,,ACoolAUCTION - $7 Lot of Football
7941008,Amon-Ra St. Brown #263,Football Cards 2024 Panini Mosaic,150,Ungraded,Normal wear,,,0,1,2025-10-04,,,,
10045669,Nick Bonino #567,Hockey Cards 2020 Upper Deck Extended Series,1050,Ungraded,Normal wear,,,0,1,2025-10-04,,,,
9951128,Jayson Tatum #287,Basketball Cards 2024 Panini Mosaic,177,Ungraded,Normal wear,,,0,1,2025-10-03,,,,
10739945,Brock Bowers #TES-BBO,Football Cards 2025 Panini Donruss The Elite Series,123,Ungraded,Normal wear,,,0,1,2025-11-22,,,,
3134273,Brady Tkachuk #696,Hockey Cards 2020 Upper Deck,100,Ungraded,Normal wear,,,0,1,2025-10-04,,,,
9780260,LaMelo Ball #31,Basketball Cards 2024 Panini Select,100,Ungraded,Normal wear,,,0,1,2025-10-04,,,,
10818706,Zaccharie Risacher #62,Basketball Cards 2025 Topps,91,Ungraded,Normal wear,,,0,1,2026-03-10,,,,2024-25 Topps Chrome UEFA Club Competitions 
6413605,Jonathan Kuminga #30,Basketball Cards 2023 Panini Prizm Monopoly,149,Ungraded,Normal wear,,,0,1,2025-10-04,,,,
8556943,P.J. Washington Jr. [Red White Blue] #174,Basketball Cards 2024 Panini Prizm,379,Ungraded,Normal wear,,,0,1,2025-10-02,,,,
8538455,Tyrese Haliburton #99,Basketball Cards 2024 Panini Prizm,152,Ungraded,Normal wear,,,0,1,2025-08-31,,,,
6957927,Jean-Philippe Mateta #8,Soccer Cards 2023 Panini Select Premier League Equalizers,113,Ungraded,Normal wear,,,0,1,2025-10-07,,,,
8705884,Travis Konecny [Speckle] #EC-28,Hockey Cards 2024 Upper Deck ElectriCITY,282,Ungraded,Normal wear,,,0,1,2025-10-04,,,,
8557210,KJ Simpson Jr. #247,Basketball Cards 2024 Panini Prizm,126,Ungraded,Normal wear,,,0,1,2025-10-02,,,,
8531272,Zion Williamson #10,Basketball Cards 2024 Panini Prizm,18,Ungraded,Normal wear,,,0,1,2025-08-30,,,,
4514357,Shogun Rua #13,Ufc Cards 2022 Panini Donruss Optic UFC,392,Ungraded,Normal wear,,,0,1,2025-10-04,,,,
7352650,Bryan Bresee #72,Football Cards 2023 Panini Select,130,Ungraded,Normal wear,,,0,1,2025-10-02,,,,
9550141,Blake Lizotte #602,Hockey Cards 2024 Upper Deck,153,Ungraded,Normal wear,,,0,1,2025-10-02,,,,
637092,Brett Favre #611,Football Cards 1991 Score,179,Ungraded,Normal wear,,,33,1,2026-01-06,,,,ACoolAUCTION - $7 Lot of Football
9387684,Deniz Gul #117,Soccer Cards 2024 Topps Chrome UEFA,99,Ungraded,Normal wear,,,0,1,2025-10-02,,,,
1880755,Garry Templeton #5,Baseball Cards 1980 Topps,150,Ungraded,Normal wear,,,0,1,2025-10-08,,,,
9389514,Fermin Lopez [Wave Refractor] #162,Soccer Cards 2024 Topps Chrome UEFA,158,Ungraded,Normal wear,,,0,1,2025-10-07,,,,
9758090,Drake London #5,Football Cards 2024 Panini Contenders,113,Ungraded,Normal wear,,,0,1,2025-10-07,,,,
3937994,Rafael Palmeiro #819,Baseball Cards 2002 Topps Total,25,Ungraded,Normal wear,,,0,1,2025-10-08,,,,
10219420,Anthony Alfredo #78,Racing Cards 2025 Panini Donruss NASCAR,114,Ungraded,Normal wear,,,0,1,2025-10-07,,,,
10819091,Isaiah Collier #133,Basketball Cards 2025 Topps,23,Ungraded,Normal wear,,,0,1,2026-03-10,,,,2025 - 26 TOPPS Flagship Basketball
8027604,Kyogo Furuhashi #140,Soccer Cards 2024 Topps UEFA,1,Ungraded,Normal wear,,,0,1,2025-10-07,,,,2024-25 Topps Chrome UEFA Club Competitions 
6910365,Jack Wood #145,Racing Cards 2024 Donruss NASCAR,99,Ungraded,Normal wear,,,0,1,2026-03-07,,,,
9779463,Jordan Clarkson #19,Basketball Cards 2024 Panini Select,249,Ungraded,Normal wear,,,0,1,2025-10-04,,,,
8318329,Sophie Cunningham #37,Basketball Cards 2024 Panini Prizm Monopoly WNBA,263,Ungraded,Normal wear,,,0,1,2025-10-02,,,,
10199822,Julius Randle [Purple] #224,Basketball Cards 2024 Panini Donruss Optic,19,Ungraded,Normal wear,,,0,1,2025-10-08,,,,
9939912,Bradley Beal #114,Basketball Cards 2024 Panini Mosaic,25,Ungraded,Normal wear,,,0,1,2025-10-02,,,,
1103104,Jerry Rice #2,Football Cards 1990 Fleer All Pro,150,Ungraded,Normal wear,,,0,1,2026-01-09,,,,ACoolAUCTION - $7 Lot of Football
9388139,Viktor Gyokeres [Aqua Prism Refractor] #131,Soccer Cards 2024 Topps Chrome UEFA,499,Ungraded,Normal wear,,,0,1,2025-10-07,,,,
9386970,Karim Adeyemi #105,Soccer Cards 2024 Topps Chrome UEFA,1,Ungraded,Normal wear,,,0,1,2025-10-02,,,,
8536263,Grayson Allen #72,Basketball Cards 2024 Panini Prizm,99,Ungraded,Normal wear,,,0,1,2025-08-31,,,,
8561134,Tidjane Salaun #3,Basketball Cards 2024 Panini Prizm Global Reach,85,Ungraded,Normal wear,,,0,1,2025-10-02,,,,
6908674,Todd Gilliland #12,Racing Cards 2024 Donruss NASCAR,109,Ungraded,Normal wear,,,0,1,2026-03-07,,,,
8551550,Steve Nash #298,Basketball Cards 2024 Panini Prizm,199,Ungraded,Normal wear,,,0,1,2025-10-02,,,,
10608144,New Jersey Nets #17,Basketball Cards 1993 Stadium Club Super Team,25,Ungraded,Normal wear,,,0,1,2026-03-08,,,,
9198897,Terrell Suggs #6,Football Cards 2024 Topps Resurgence,99,Ungraded,Normal wear,,,0,1,2025-10-02,,,,
11135166,Russell Wilson #28,Football Cards 2025 Panini Phoenix,112,Ungraded,Normal wear,,,0,1,2026-03-05,,,,2025 Panini Phoenix
3134233,Connor Hellebuyck #656,Hockey Cards 2020 Upper Deck,115,Ungraded,Normal wear,,,0,1,2025-10-08,,,,
8778686,Tristen Newton #216,Basketball Cards 2024 Panini Donruss,39,Ungraded,Normal wear,,,0,1,2025-10-08,,,,
7601050,Nicolas Batum [Ice Prizm] #30,Basketball Cards 2023 Panini Hoops Premium Stock,99,Ungraded,Normal wear,,,0,1,2025-10-08,,,,
3572889,Andruw Jones #110,Baseball Cards 2002 Topps,116,Ungraded,Normal wear,,,0,1,2026-01-29,2026-01-29,,,
9388839,Aingeru Olabarrieta #146,Soccer Cards 2024 Topps Chrome UEFA,347,Ungraded,Normal wear,,,0,1,2025-10-02,,,,
9387558,Kjell Watjen #118,Soccer Cards 2024 Topps Chrome UEFA,25,Ungraded,Normal wear,,,0,1,2025-10-02,,,,
10818488,Scottie Barnes #31,Basketball Cards 2025 Topps,111,Ungraded,Normal wear,,,0,1,2026-03-10,,,,2025 - 26 TOPPS Flagship Basketball
8703819,Corey Perry #315,Hockey Cards 2024 Upper Deck,108,Ungraded,Normal wear,,,0,1,2025-10-02,,,,
9552259,Jared McCann #PP-17,Hockey Cards 2024 Upper Deck Pros and Prospects,99,Ungraded,Normal wear,,,0,1,2025-10-02,,,,
8551602,Larry Bird #299,Basketball Cards 2024 Panini Prizm,149,Ungraded,Normal wear,,,0,1,2025-10-08,,,,
9578354,Christian Pulisic #141,Soccer Cards 2024 Panini Select FIFA,167,Ungraded,Normal wear,,,0,1,2025-08-07,,,,
636480,Joe Montana #1,Football Cards 1991 Score,167,Ungraded,Normal wear,,,33,1,2026-01-06,,,,ACoolAUCTION - $7 Lot of Football
9644885,Cody Williams #CC-18,Basketball Cards 2024 Topps Chrome Countdown Complete,125,Ungraded,Normal wear,,,0,1,2025-10-07,,,,
3134265,Frederik Andersen #688,Hockey Cards 2020 Upper Deck,6,Ungraded,Normal wear,,,0,1,2025-10-08,,,,
9259593,Jalen Brunson #1,Basketball Cards 2024 Panini Revolution,164,Ungraded,Normal wear,,,0,1,2025-10-02,,,,
9637799,Khris Middleton #75,Basketball Cards 2024 Topps Chrome,25,Ungraded,Normal wear,,,0,1,2025-10-07,,,,
10217080,Chase Elliott #24,Racing Cards 2025 Panini Donruss NASCAR,125,Ungraded,Normal wear,,,0,1,2025-10-07,,,,
5556828,Pedro Martinez #85,Baseball Cards 2002 Topps Opening Day,155,Ungraded,Normal wear,,,0,1,2025-12-06,,,,
9946267,Tyler Kolek #208,Basketball Cards 2024 Panini Mosaic,157,Ungraded,Normal wear,,,0,1,2025-10-02,,,,
9705808,2025 P [EAGLE PRIVY],Coins American Silver Eagle,95600,MS69,No blemishes,,,6800,1,2026-01-10,2025-12-26,PCGS,326317792,ACoolCOIN - American Silver Eagle
1925616,Cal Ripken Jr. #609,Baseball Cards 1987 Topps,104,Ungraded,Normal wear,,,0,1,2026-03-07,,,,
8317917,Sydney Colson #23,Basketball Cards 2024 Panini Prizm Monopoly WNBA,199,Ungraded,Normal wear,,,0,1,2025-10-02,,,,
8538666,Joel Embiid #28,Basketball Cards 2024 Panini Prizm,111,Ungraded,Normal wear,,,0,1,2025-08-30,,,,
1925535,Tony Gwynn #530,Baseball Cards 1987 Topps,183,Ungraded,Normal wear,,,0,1,2026-03-07,,,,
8774963,Derrick White #144,Basketball Cards 2024 Panini Donruss,118,Ungraded,Normal wear,,,0,1,2025-10-08,,,,
9636117,LeBron James #22,Basketball Cards 2024 Topps Chrome,131,Ungraded,Normal wear,,,0,1,2025-10-07,,,,
9639845,Calvin Murphy #142,Basketball Cards 2024 Topps Chrome,99,Ungraded,Normal wear,,,0,1,2025-10-07,,,,
8560610,Donovan Clingan #13,Basketball Cards 2024 Panini Prizm Emergent,117,Ungraded,Normal wear,,,0,1,2025-10-08,,,,
276473,Barry Sanders [Silver Prizm] #33,Football Cards 2019 Panini Prizm Draft Picks,866,Ungraded,Normal wear,,,3,1,2026-01-09,,,,ACoolAUCTION - $7 Lot of Football
9383399,Pau Victor #16,Soccer Cards 2024 Topps Chrome UEFA,50,Ungraded,Normal wear,,,0,1,2025-10-02,,,,
10818774,Pelle Larsson #79,Basketball Cards 2025 Topps,53,Ungraded,Normal wear,,,0,1,2026-03-10,,,,
10733389,KeAndre Lambert-Smith #367,Football Cards 2025 Panini Donruss,46,Ungraded,Normal wear,,,0,1,2025-11-21,,,,
9853065,Natalia Cristina da Silva [Prism Refractor] #82,Ufc Cards 2025 Topps Chrome UFC,99,Ungraded,Normal wear,,,0,1,2025-10-07,,,,
9759948,Baker Mayfield #92,Football Cards 2024 Panini Contenders,6,Ungraded,Normal wear,,,0,1,2025-10-07,,,,
1963529,Sandy Alomar #85,Baseball Cards 1993 Topps Gold,150,Ungraded,Normal wear,,,0,1,2026-03-08,,,,
9759050,Patrick Mahomes II #50,Football Cards 2024 Panini Contenders,135,Ungraded,Normal wear,,,0,1,2025-10-07,,,,
9758962,Evan Engram #45,Football Cards 2024 Panini Contenders,134,Ungraded,Normal wear,,,0,1,2025-10-07,,,,
10819073,Cody Williams #130,Basketball Cards 2025 Topps,53,Ungraded,Normal wear,,,0,1,2026-03-10,,,,2025 - 26 TOPPS Flagship Basketball
9504097,Jaden Hicks [Teal] #RCA-JH,Football Cards 2024 Topps Signature Class Rookies Class Autograph Variation,467,Ungraded,Normal wear,,,0,1,2025-10-07,,,,
9549581,James van Riemsdyk #536,Hockey Cards 2024 Upper Deck,89,Ungraded,Normal wear,,,0,1,2025-10-02,,,,
10217401,Parker Retzlaff #34,Racing Cards 2025 Panini Donruss NASCAR,123,Ungraded,Normal wear,,,0,1,2025-10-07,,,,
10190316,Kristaps Porzingis #94,Basketball Cards 2024 Panini Donruss Optic,34,Ungraded,Normal wear,,,0,1,2025-10-08,,,,
8704001,Kaiden Guhle [Outburst Silver] #339,Hockey Cards 2024 Upper Deck,295,Ungraded,Normal wear,,,0,1,2025-10-08,,,,
9637923,Trae Young #82,Basketball Cards 2024 Topps Chrome,100,Ungraded,Normal wear,,,0,1,2025-10-07,,,,
9550377,Christopher Tanev #623,Hockey Cards 2024 Upper Deck,200,Ungraded,Normal wear,,,0,1,2025-10-02,,,,
8704721,Conor Garland #429,Hockey Cards 2024 Upper Deck,204,Ungraded,Normal wear,,,0,1,2025-10-02,,,,
9636456,Bam Adebayo #33,Basketball Cards 2024 Topps Chrome,203,Ungraded,Normal wear,,,0,1,2025-10-07,,,,
8705591,Moritz Seider [Orange] #DZ-61,Hockey Cards 2024 Upper Deck Dazzlers,132,Ungraded,Normal wear,,,0,1,2025-10-04,,,,
8355864,Frank Gifford #FL-1,Football Cards 2006 Topps Heritage Flashbacks,135,Ungraded,Normal wear,,,0,1,2026-03-08,,,,
8705015,Declan Carlile #467,Hockey Cards 2024 Upper Deck,154,Ungraded,Normal wear,,,0,1,2025-10-04,,,,
1964591,Brett Butler #65,Baseball Cards 1993 Topps,138,Ungraded,Normal wear,,,0,1,2026-01-16,2026-01-15,,,
10818579,Miles McBride #17,Basketball Cards 2025 Topps,99,Ungraded,Normal wear,,,0,1,2026-03-10,,,,2025 - 26 TOPPS Flagship Basketball
8704024,Josh Anderson #341,Hockey Cards 2024 Upper Deck,118,Ungraded,Normal wear,,,0,1,2025-10-02,,,,
10217854,Tanner Gray #49,Racing Cards 2025 Panini Donruss NASCAR,119,Ungraded,Normal wear,,,0,1,2025-10-07,,,,
9933620,Giannis Antetokounmpo #13,Basketball Cards 2024 Panini Mosaic,100,Ungraded,Normal wear,,,0,1,2025-10-02,,,,
9855507,Azamat Murzakanov #168,Ufc Cards 2025 Topps Chrome UFC,239,Ungraded,Normal wear,,,0,1,2025-10-07,,,,
8768993,Joel Embiid #28,Basketball Cards 2024 Panini Donruss,90,Ungraded,Normal wear,,,0,1,2025-10-08,,,,
7605520,Desmond Bane #141,Basketball Cards 2023 Panini Hoops Premium Stock,25,Ungraded,Normal wear,,,0,1,2025-10-08,,,,
9949698,Donovan Clingan [Silver] #261,Basketball Cards 2024 Panini Mosaic,100,Ungraded,Normal wear,,,0,1,2025-12-25,,,,
9262038,Devin Booker #83,Basketball Cards 2024 Panini Revolution,99,Ungraded,Normal wear,,,0,1,2025-10-02,,,,
8319643,Napheesa Collier [Silver] #WNBA9,Basketball Cards 2024 Panini Prizm Monopoly WNBA Insert,212,Ungraded,Normal wear,,,0,1,2025-08-09,,,,
9261702,Paolo Banchero #67,Basketball Cards 2024 Panini Revolution,168,Ungraded,Normal wear,,,0,1,2025-08-13,,,,
8143008,Keon Coleman #133,Football Cards 2024 Panini Absolute,113,Ungraded,Normal wear,,,0,1,2025-10-02,,,,
9398278,Chido Obi #WK-3,Soccer Cards 2024 Topps Chrome UEFA Wonderkids,89,Ungraded,Normal wear,,,0,1,2025-10-07,,,,
8704511,Oskar Sundqvist #403,Hockey Cards 2024 Upper Deck,100,Ungraded,Normal wear,,,0,1,2025-10-02,,,,
9578446,Geny Catamo #144,Soccer Cards 2024 Panini Select FIFA,25,Ungraded,Normal wear,,,0,1,2025-10-07,,,,
8140646,Travis Kelce #51,Football Cards 2024 Panini Absolute,100,Ungraded,Normal wear,,,0,1,2025-10-02,,,,
7609714,Brandon Miller #245,Basketball Cards 2023 Panini Hoops Premium Stock,129,Ungraded,Normal wear,,,0,1,2025-10-08,,,,
11160125,Brock Purdy #28,Football Cards 2025 Panini Phoenix Contours,135,Ungraded,Normal wear,,,0,1,2026-03-05,,,,2025 Panini Phoenix
2075449,Chipper Jones #90,Baseball Cards 2006 Topps Heritage,194,Ungraded,Normal wear,,,0,1,2026-03-08,2026-03-08,,,
11824648,Belle #129,2025 Topps Chrome Disney,250,Ungraded,Normal wear,,,0,1,2026-03-10,,,,
10981418,Dan Fouts #17,Football Cards 2025 Panini Mosaic Touchdown Masters,100,Ungraded,Normal wear,,,0,1,2026-03-05,,,,
3134081,Maxime Comtois #501,Hockey Cards 2020 Upper Deck,99,Ungraded,Normal wear,,,0,1,2025-10-04,,,,
276465,Big Al [Silver Prizm] #25,Football Cards 2019 Panini Prizm Draft Picks,281,Ungraded,Normal wear,,,0,1,2025-11-12,,,,
9791632,Nikola Jokic #140,Basketball Cards 2024 Panini Select,234,Ungraded,Normal wear,,,0,1,2025-10-04,,,,
9859646,Max Holloway #FUP-24,Ufc Cards 2025 Topps Chrome UFC Fired Up,260,Ungraded,Normal wear,,,0,1,2025-10-07,,,,
11821622,Loto #12,2025 Topps Chrome Disney,150,Ungraded,Normal wear,,,0,1,2026-03-10,,,,
8704387,Lars Eller #381,Hockey Cards 2024 Upper Deck,82,Ungraded,Normal wear,,,0,1,2025-10-08,,,,
8882509,Ryan Murray #585,Hockey Cards 2020 Upper Deck Extended Series,25,Ungraded,Normal wear,,,0,1,2025-10-04,,,,
8561345,Matas Buzelis #14,Basketball Cards 2024 Panini Prizm Instant Impact,159,Ungraded,Normal wear,,,2143,1,2025-08-31,,,,
8778293,Bobi Klintman #207,Basketball Cards 2024 Panini Donruss,149,Ungraded,Normal wear,,,0,1,2025-10-08,,,,
1100388,Cris Collinsworth #21,Football Cards 1987 Topps 1000 Yard Club,163,Ungraded,Normal wear,,,0,1,2026-01-16,2026-01-15,,,
9779694,Anthony Edwards #23,Basketball Cards 2024 Panini Select,101,Ungraded,Normal wear,,,0,1,2025-10-04,,,,
8879990,Craig Smith #510,Hockey Cards 2020 Upper Deck Extended Series,215,Ungraded,Normal wear,,,0,1,2025-10-04,,,,
6636112,Manny Machado #US253,Baseball Cards 2018 Topps Update,124,Ungraded,Normal wear,,,0,1,2026-03-07,,,,
7602100,Maxwell Lewis #56,Basketball Cards 2023 Panini Hoops Premium Stock,22,Ungraded,Normal wear,,,0,1,2025-10-08,,,,
9947322,Kyle Filipowski #231,Basketball Cards 2024 Panini Mosaic,133,Ungraded,Normal wear,,,0,1,2025-10-02,,,,
9856243,Jack Hermansson #191,Ufc Cards 2025 Topps Chrome UFC,25,Ungraded,Normal wear,,,0,1,2025-10-07,,,,
1094801,Randy White [All Pro] #70,Football Cards 1980 Topps,194,Ungraded,Normal wear,,,0,1,2025-12-25,,,,
9638950,Anton Watson #107,Basketball Cards 2024 Topps Chrome,135,Ungraded,Normal wear,,,0,1,2025-10-07,,,,
9959672,Alexandre Sarr #19,Basketball Cards 2024 Panini Mosaic Thunder Road,100,Ungraded,Normal wear,,,0,1,2025-10-03,,,,
9959667,Stephen Curry [Green] #5,Basketball Cards 2024 Panini Mosaic Thunder Road,233,Ungraded,Normal wear,,,0,1,2025-10-03,,,,
8563405,Joey Ortiz #165,Baseball Cards 2025 Topps,129,Ungraded,Normal wear,,,0,1,2025-10-14,,,,
9261220,Anfernee Simons #52,Basketball Cards 2024 Panini Revolution,118,Ungraded,Normal wear,,,0,1,2025-10-02,,,,
7649521,Zack Moss #58,Football Cards 2024 Panini Prestige,99,Ungraded,Normal wear,,,0,1,2025-10-02,,,,
8319901,Sabrina Ionescu #WNBA18,Basketball Cards 2024 Panini Prizm Monopoly WNBA Insert,110,Ungraded,Normal wear,,,0,1,2025-10-07,,,,
8556211,Anthony Black [Red Ice] #219,Basketball Cards 2024 Panini Prizm,102,Ungraded,Normal wear,,,0,1,2025-10-02,,,,
9103675,Maason Smith #219,Football Cards 2024 Panini Phoenix,215,Ungraded,Normal wear,,,0,1,2025-10-02,,,,
7604795,Malik Monk [Ice Prizm] #123,Basketball Cards 2023 Panini Hoops Premium Stock,40,Ungraded,Normal wear,,,0,1,2025-10-08,,,,
9147119,Kiefer Sherwood #533,Hockey Cards 2020 Upper Deck Extended Series,210,Ungraded,Normal wear,,,0,1,2025-10-04,,,,
9854712,Payton Talbott #141,Ufc Cards 2025 Topps Chrome UFC,175,Ungraded,Normal wear,,,0,1,2025-10-07,,,,
8589439,Marcell Ozuna #237,Baseball Cards 2025 Topps,110,Ungraded,Normal wear,,,0,1,2025-10-14,,,,
8882530,Matt Martin #589,Hockey Cards 2020 Upper Deck Extended Series,133,Ungraded,Normal wear,,,0,1,2025-10-04,,,,
10969413,Will Dissly #114,Football Cards 2025 Panini Mosaic,99,Ungraded,Normal wear,,,0,1,2026-03-05,,,,
7610988,Jordan Poole #277,Basketball Cards 2023 Panini Hoops Premium Stock,4,Ungraded,Normal wear,,,3,1,2026-01-16,,,,
8704290,Garnet Hathaway #375,Hockey Cards 2024 Upper Deck,144,Ungraded,Normal wear,,,0,1,2025-10-02,,,,
8539418,Brandon Miller [Red Ice] #109,Basketball Cards 2024 Panini Prizm,100,Ungraded,Normal wear,,,0,1,2025-10-02,,,,
8777100,OG Anunoby #185,Basketball Cards 2024 Panini Donruss,105,Ungraded,Normal wear,,,0,1,2025-10-08,,,,
9853975,Daniel Marcos #113,Ufc Cards 2025 Topps Chrome UFC,25,Ungraded,Normal wear,,,0,1,2025-10-07,,,,
8541209,Jusuf Nurkic [Red Ice] #127,Basketball Cards 2024 Panini Prizm,169,Ungraded,Normal wear,,,0,1,2025-10-02,,,,
8542397,Jaime Jaquez Jr. #138,Basketball Cards 2024 Panini Prizm,100,Ungraded,Normal wear,,,0,1,2025-08-31,,,,
3134201,Barclay Goodrow #624,Hockey Cards 2020 Upper Deck,185,Ungraded,Normal wear,,,0,1,2025-10-08,,,,
9147246,Josh Anderson #572,Hockey Cards 2020 Upper Deck Extended Series,100,Ungraded,Normal wear,,,0,1,2025-10-04,,,,
1888410,Fred Lynn #252,Baseball Cards 1982 Topps,142,Ungraded,Normal wear,,,0,1,2025-11-12,,,,
8029536,Jayden Danns #193,Soccer Cards 2024 Topps UEFA,50,Ungraded,Normal wear,,,0,1,2025-10-07,,,,
9855879,Kyler Phillips #181,Ufc Cards 2025 Topps Chrome UFC,239,Ungraded,Normal wear,,,0,1,2025-10-07,,,,
9007415,Dexter Lawrence #151,Football Cards 2024 Panini Donruss Optic,70,Ungraded,Normal wear,,,0,1,2025-10-04,,,,
11148052,Tyler Warren #185,Football Cards 2025 Panini Phoenix,147,Ungraded,Normal wear,,,0,1,2026-03-05,,,,2025 Panini Phoenix
3134209,Joe Thornton #632,Hockey Cards 2020 Upper Deck,53,Ungraded,Normal wear,,,0,1,2025-10-08,,,,
9493494,Quinyon Mitchell #165,Football Cards 2024 Topps Signature Class,140,Ungraded,Normal wear,,,0,1,2025-10-07,,,,
8035326,Tony Tony Chopper [SE Flocked] #99,Funko POP Animation,4350,Loose/OOB,Normal wear,,,0,1,2026-01-02,,,,
632896,John Elway [Error] #100,Football Cards 1989 Pro Set,667,Ungraded,Normal wear,,,0,1,2025-12-25,,,,
9934183,Terry Rozier III #22,Basketball Cards 2024 Panini Mosaic,101,Ungraded,Normal wear,,,0,1,2025-10-02,,,,
1951515,Don Mattingly #354,Baseball Cards 1991 Upper Deck,117,Ungraded,Normal wear,,,0,1,2025-11-02,,,,
1957176,Don Mattingly #300,Baseball Cards 1992 Topps,153,Ungraded,Normal wear,,,0,1,2026-03-07,,,,
276473,Barry Sanders [Silver Prizm] #33,Football Cards 2019 Panini Prizm Draft Picks,866,Ungraded,Normal wear,,,3,1,2026-01-09,,,,ACoolAUCTION - $7 Lot of Football
8319960,Diana Taurasi #WNBA20,Basketball Cards 2024 Panini Prizm Monopoly WNBA Insert,163,Ungraded,Normal wear,,,0,1,2025-10-07,,,,
8558275,Rasheed Wallace [Red Ice] #293,Basketball Cards 2024 Panini Prizm,215,Ungraded,Normal wear,,,0,1,2025-10-02,,,,
8536513,Lonzo Ball [Orange Ice] #75,Basketball Cards 2024 Panini Prizm,163,Ungraded,Normal wear,,,0,1,2025-10-03,,,,
6950543,Thomas Kaminski #57,Soccer Cards 2023 Panini Select Premier League,25,Ungraded,Normal wear,,,0,1,2025-10-07,,,,
8318388,Cameron Brink #39,Basketball Cards 2024 Panini Prizm Monopoly WNBA,390,Ungraded,Normal wear,,,0,3,2025-08-09,,,,
8706434,Vitek Vanecek #OLL-6,Hockey Cards 2024 Upper Deck Ooh La La,181,Ungraded,Normal wear,,,0,1,2025-10-04,,,,
8320204,Kelsey Mitchell [Silver] #WNBA28,Basketball Cards 2024 Panini Prizm Monopoly WNBA Insert,140,Ungraded,Normal wear,,,0,1,2025-08-09,,,,
8563347,Mitch Keller #108,Baseball Cards 2025 Topps,108,Ungraded,Normal wear,,,0,1,2025-10-14,,,,
7351848,Kobie Turner #54,Football Cards 2023 Panini Select,129,Ungraded,Normal wear,,,0,1,2025-10-02,,,,
8552069,Gary Payton #286,Basketball Cards 2024 Panini Prizm,99,Ungraded,Normal wear,,,0,1,2025-10-02,,,,
9641420,Jalen Green #199,Basketball Cards 2024 Topps Chrome,0,Ungraded,Normal wear,,,0,1,2025-10-07,,,,
11137462,DeAngelo Hall #54,Football Cards 2025 Panini Phoenix,200,Ungraded,Normal wear,,,0,1,2026-03-05,,,,2025 Panini Phoenix
7606130,Kevin Love [Ice Prizm] #156,Basketball Cards 2023 Panini Hoops Premium Stock,209,Ungraded,Normal wear,,,0,1,2025-10-08,,,,
8531045,Keegan Murray [Red White Blue] #7,Basketball Cards 2024 Panini Prizm,146,Ungraded,Normal wear,,,0,1,2025-08-30,,,,
9759930,DK Metcalf [Game Ticket Red] #91,Football Cards 2024 Panini Contenders,161,Ungraded,Normal wear,,,0,1,2025-10-07,,,,
9574457,Noni Madueke [Purple Mojo] #18,Soccer Cards 2024 Panini Select FIFA,25,Ungraded,Normal wear,,,0,1,2025-08-07,,,,
10009842,Jacob deGrom [Raywave] #214,Baseball Cards 2025 Topps Chrome,149,Ungraded,Normal wear,,,0,1,2025-08-09,,,,
10266409,Demon Aura Nine Sword Style Asura Blades Drawn Dead Man's Game OP12-037,One Piece Legacy of the Master,300,Ungraded,Normal wear,,,0,1,2026-03-02,,,,
7656526,Malachi Corley #355,Football Cards 2024 Panini Prestige,117,Ungraded,Normal wear,,,0,1,2025-10-02,,,,
10005838,Drew Romo #124,Baseball Cards 2025 Topps Chrome,117,Ungraded,Normal wear,,,0,1,2025-08-09,,,,
8533759,Cade Cunningham #41,Basketball Cards 2024 Panini Prizm,149,Ungraded,Normal wear,,,0,1,2025-08-30,,,,
8560438,Tyrese Haliburton #16,Basketball Cards 2024 Panini Prizm Dominance,99,Ungraded,Normal wear,,,0,1,2025-10-02,,,,
3134264,Matthew Tkachuk #687,Hockey Cards 2020 Upper Deck,150,Ungraded,Normal wear,,,0,1,2025-10-04,,,,
9259593,Jalen Brunson #1,Basketball Cards 2024 Panini Revolution,164,Ungraded,Normal wear,,,0,1,2025-10-02,,,,
9765133,Brenden Rice / Jaheim Bell #22,Football Cards 2024 Panini Contenders Round Numbers,103,Ungraded,Normal wear,,,0,1,2025-10-07,,,,
11136676,Jaylon Johnson #45,Football Cards 2025 Panini Phoenix,99,Ungraded,Normal wear,,,0,1,2026-03-05,,,,2025 Panini Phoenix
4514438,Jose Aldo #94,Ufc Cards 2022 Panini Donruss Optic UFC,99,Ungraded,Normal wear,,,0,1,2025-10-02,,,,
8883351,Ryan Strome #595,Hockey Cards 2020 Upper Deck Extended Series,99,Ungraded,Normal wear,,,0,1,2025-10-04,,,,
9384696,Phil Foden #47,Soccer Cards 2024 Topps Chrome UEFA,249,Ungraded,Normal wear,,,0,1,2025-10-02,,,,
10197328,Nicolas Batum #193,Basketball Cards 2024 Panini Donruss Optic,25,Ungraded,Normal wear,,,0,1,2025-10-08,,,,
9199413,Jason Witten #25,Football Cards 2024 Topps Resurgence,162,Ungraded,Normal wear,,,0,1,2025-10-02,,,,
9044931,Cody Williams [Silver] #35,Basketball Cards 2024 Panini Prizm Monopoly,149,Ungraded,Normal wear,,,0,1,2025-10-07,,,,
1102763,Lawrence Taylor #77,Football Cards 1990 Fleer,102,Ungraded,Normal wear,,,0,1,2026-01-09,,,,ACoolAUCTION - $7 Lot of Football
7660602,Charles Haley #LL-CHY,Football Cards 2024 Panini Prestige Living Legends,147,Ungraded,Normal wear,,,0,1,2025-10-02,,,,
10045670,Kaapo Kahkonen #569,Hockey Cards 2020 Upper Deck Extended Series,99,Ungraded,Normal wear,,,0,1,2025-10-04,,,,
7351228,Will Anderson Jr. #40,Football Cards 2023 Panini Select,155,Ungraded,Normal wear,,,0,1,2025-10-02,,,,
9853149,Nate Landwehr [Sepia Refractor] #85,Ufc Cards 2025 Topps Chrome UFC,195,Ungraded,Normal wear,,,0,1,2025-10-07,,,,
10028598,Nick Ritchie #509,Hockey Cards 2020 Upper Deck Extended Series,122,Ungraded,Normal wear,,,0,1,2025-10-04,,,,
8560366,Victor Wembanyama #7,Basketball Cards 2024 Panini Prizm Dominance,209,Ungraded,Normal wear,,,0,1,2025-10-02,,,,
11134754,Alvin Kamara #22,Football Cards 2025 Panini Phoenix,125,Ungraded,Normal wear,,,0,1,2026-03-05,,,,2025 Panini Phoenix
6910685,Stefan Parsons #170,Racing Cards 2024 Donruss NASCAR,149,Ungraded,Normal wear,,,0,1,2026-03-07,,,,
5869704,Nikolina Milic [Green] #28,Basketball Cards 2023 Panini Prizm WNBA,25,Ungraded,Normal wear,,,0,1,2025-12-01,,,,
8535532,Kentavious Caldwell-Pope #63,Basketball Cards 2024 Panini Prizm,172,Ungraded,Normal wear,,,0,1,2025-10-08,,,,
10841834,Khaman Maluach #PP-20,Basketball Cards 2025 Topps Power Player,119,Ungraded,Normal wear,,,0,1,2026-03-10,,,,2025 - 26 TOPPS Flagship Basketball
4517230,Brock Lesnar [Holo] #21,Ufc Cards 2022 Panini Donruss Optic UFC My House,294,Ungraded,Normal wear,,,0,1,2025-10-04,,,,
9790663,Nikola Vucevic #117,Basketball Cards 2024 Panini Select,1249,Ungraded,Normal wear,,,0,1,2025-10-04,,,,
8317498,Diamond Miller #9,Basketball Cards 2024 Panini Prizm Monopoly WNBA,125,Ungraded,Normal wear,,,0,1,2025-10-02,,,,
9389208,Joao Simoes #156,Soccer Cards 2024 Topps Chrome UEFA,25,Ungraded,Normal wear,,,0,1,2025-10-02,,,,
1925289,Doug Drabek #283,Baseball Cards 1987 Topps,155,Ungraded,Normal wear,,,0,1,2026-03-07,,,,
10216498,Bret Holmes #2,Racing Cards 2025 Panini Donruss NASCAR,110,Ungraded,Normal wear,,,0,1,2025-10-07,,,,
8022862,Vini Jr. #7,Soccer Cards 2024 Topps UEFA,148,Ungraded,Normal wear,,,0,1,2025-10-07,,,,
637663,Lawrence Taylor #81,Football Cards 1991 Pro Set Platinum,110,Ungraded,Normal wear,,,0,1,2026-01-09,,,,ACoolAUCTION - $7 Lot of Football
8704381,Eeli Tolvanen #394,Hockey Cards 2024 Upper Deck,36,Ungraded,Normal wear,,,0,1,2025-10-02,,,,
90480,Kobe Bryant #19,Basketball Cards 1997 UD3,1911,Ungraded,Normal wear,,Bought. on Hi-Bid ELITE Collectibles Auction 12/26/2025,2500,1,2026-01-08,2025-12-26,,,
9387331,Noni Madueke #113,Soccer Cards 2024 Topps Chrome UEFA,1,Ungraded,Normal wear,,,0,1,2025-10-02,,,,
1864328,Bobby Murcer [In Action] #700,Baseball Cards 1972 Topps,137388,PSA 10,Normal wear,,,0,1,2025-11-12,,,,
3134209,Joe Thornton #632,Hockey Cards 2020 Upper Deck,53,Ungraded,Normal wear,,,0,1,2025-10-08,,,,
9640351,Chris Paul #162,Basketball Cards 2024 Topps Chrome,22250,Ungraded,Normal wear,,,0,1,2025-10-07,,,,
8318123,Aari McDonald #30,Basketball Cards 2024 Panini Prizm Monopoly WNBA,125,Ungraded,Normal wear,,,0,1,2025-10-02,,,,
10001676,Jameson Taillon #33,Baseball Cards 2025 Topps Chrome,123,Ungraded,Normal wear,,,0,1,2025-08-09,,,,
9780676,Darius Garland #39,Basketball Cards 2024 Panini Select,140,Ungraded,Normal wear,,,0,1,2025-10-04,,,,
10819696,Ryan Kalkbrenner #234,Basketball Cards 2025 Topps,99,Ungraded,Normal wear,,,0,1,2026-03-10,,,,2025 - 26 TOPPS Flagship Basketball
6908766,Chase Briscoe [Red Blue] #19,Racing Cards 2024 Donruss NASCAR,99,Ungraded,Normal wear,,,0,1,2026-03-07,,,,
8545318,James Harden [Red Ice] #181,Basketball Cards 2024 Panini Prizm,112,Ungraded,Normal wear,,,0,1,2025-10-02,,,,
9939010,Gradey Dick #98,Basketball Cards 2024 Panini Mosaic,99,Ungraded,Normal wear,,,0,1,2025-10-02,,,,
8551151,Shaquille O'Neal [Red Ice] #290,Basketball Cards 2024 Panini Prizm,146,Ungraded,Normal wear,,,0,1,2025-10-02,,,,
9260912,Donovan Mitchell #42,Basketball Cards 2024 Panini Revolution,114,Ungraded,Normal wear,,,0,1,2025-10-02,,,,
3465824,Jim Thome #41,Baseball Cards 2002 Stadium Club,128,Ungraded,Normal wear,,,0,1,2025-10-08,,,,
1964903,Joe Carter #350,Baseball Cards 1993 Topps,124,Ungraded,Normal wear,,,0,1,2026-03-07,,,,
9850703,Alex Pereira #2,Ufc Cards 2025 Topps Chrome UFC,129,Ungraded,Normal wear,,,0,1,2025-10-07,,,,
8774348,Damian Lillard #125,Basketball Cards 2024 Panini Donruss,83,Ungraded,Normal wear,,,0,1,2025-10-08,,,,
9759094,Maxx Crosby [Game Ticket Bronze] #52,Football Cards 2024 Panini Contenders,150,Ungraded,Normal wear,,,0,1,2025-10-07,,,,
8141111,De'Von Achane #67,Football Cards 2024 Panini Absolute,125,Ungraded,Normal wear,,,0,1,2025-10-02,,,,
10962696,Aaron Jones #128,Football Cards 2025 Panini Mosaic,117,Ungraded,Normal wear,,,0,1,2026-03-05,,,,
1898965,Andre Dawson #394,Baseball Cards 1985 Fleer,156,Ungraded,Normal wear,,,0,1,2025-12-06,,,,
9938899,Grayson Allen #96,Basketball Cards 2024 Panini Mosaic,167,Ungraded,Normal wear,,,0,1,2025-10-02,,,,
1894796,Steve Carlton #214,Baseball Cards 1984 O Pee Chee,199,Ungraded,Normal wear,,,0,1,2025-12-25,,,,
9385324,Maghnes Akliouche #64,Soccer Cards 2024 Topps Chrome UEFA,100,Ungraded,Normal wear,,,0,1,2025-10-02,,,,
10000940,Corbin Burnes [Sepia] #17,Baseball Cards 2025 Topps Chrome,186,Ungraded,Normal wear,,,0,1,2025-08-09,,,,
9264222,Tristan da Silva [Blue Storm] #142,Basketball Cards 2024 Panini Revolution,106,Ungraded,Normal wear,,,0,1,2026-02-21,2026-02-21,,,
10028598,Nick Ritchie #509,Hockey Cards 2020 Upper Deck Extended Series,122,Ungraded,Normal wear,,,0,1,2025-10-04,,,,
8767926,Karl-Anthony Towns [Holo Green Laser] #8,Basketball Cards 2024 Panini Donruss,130,Ungraded,Normal wear,,,3,1,2026-01-16,2026-01-16,,,
1964774,Matt Williams #225,Baseball Cards 1993 Topps,125,Ungraded,Normal wear,,,0,1,2026-03-07,,,,
10740022,Quinshon Judkins #26,Football Cards 2025 Panini Donruss The Rookies,153,Ungraded,Normal wear,,,0,1,2025-11-22,,,,
9852686,Charles Jourdain #67,Ufc Cards 2025 Topps Chrome UFC,73,Ungraded,Normal wear,,,0,1,2025-10-07,,,,
1934731,Fernando Valenzuela #250,Baseball Cards 1989 Donruss,174,Ungraded,Normal wear,,,0,1,2026-01-16,2026-01-15,,,
8557972,Kyle Lowry #210,Basketball Cards 2024 Panini Prizm,108,Ungraded,Normal wear,,,0,1,2025-10-02,,,,
8551906,Bronny James Jr. #243,Basketball Cards 2024 Panini Prizm,153,Ungraded,Normal wear,,,0,1,2025-08-31,,,,
10732742,Tyleik Williams #360,Football Cards 2025 Panini Donruss,90,Ungraded,Normal wear,,,0,1,2025-11-21,,,,
9387940,Kai Havertz #125,Soccer Cards 2024 Topps Chrome UEFA,123,Ungraded,Normal wear,,,0,1,2025-10-02,,,,
7614042,Cade Cunningham #29,Basketball Cards 2023 Panini Hoops Premium Stock City Edition,195,Ungraded,Normal wear,,,0,1,2025-10-08,,,,
9262114,Nikola Jokic #76,Basketball Cards 2024 Panini Revolution,153,Ungraded,Normal wear,,,0,1,2025-10-04,,,,
8140763,Davante Adams #55,Football Cards 2024 Panini Absolute,11,Ungraded,Normal wear,,,0,1,2025-10-02,,,,
9759636,Jalen Hurts #79,Football Cards 2024 Panini Contenders,156,Ungraded,Normal wear,,,0,1,2025-10-07,,,,
8769671,Grayson Allen #41,Basketball Cards 2024 Panini Donruss,99,Ungraded,Normal wear,,,0,1,2025-10-08,,,,
9758002,James Conner #2,Football Cards 2024 Panini Contenders,184,Ungraded,Normal wear,,,0,1,2025-10-07,,,,
9853473,Jeff Molina [Red White Blue Refractor] #90,Ufc Cards 2025 Topps Chrome UFC,284,Ungraded,Normal wear,,,0,1,2025-10-07,,,,
9759442,Rhamondre Stevenson [Game Ticket Red] #68,Football Cards 2024 Panini Contenders,25,Ungraded,Normal wear,,,0,1,2025-10-07,,,,
8706454,John Gibson #OLL-11,Hockey Cards 2024 Upper Deck Ooh La La,151,Ungraded,Normal wear,,,0,1,2025-10-08,,,,
10186812,Keegan Murray [Purple] #47,Basketball Cards 2024 Panini Donruss Optic,175,Ungraded,Normal wear,,,0,1,2025-10-08,,,,
6909083,Jamie McMurray #44,Racing Cards 2024 Donruss NASCAR,25,Ungraded,Normal wear,,,0,1,2026-03-07,,,,
1932882,Ron Darling #372,Baseball Cards 1989 Bowman,99,Ungraded,Normal wear,,,0,1,2026-03-07,,,,
9259700,Khris Middleton #5,Basketball Cards 2024 Panini Revolution,123,Ungraded,Normal wear,,,0,1,2025-10-02,,,,
9735440,Kujyaku [Alternate Art] OP11-004,One Piece Fist of Divine Speed,1363,Ungraded,Normal wear,,,0,1,2025-11-22,,,,
7950962,Josh Allen #4,Football Cards 2024 Panini Mosaic Notoriety,196,Ungraded,Normal wear,,,0,1,2025-10-04,,,,
9576348,Randal Kolo Muani #73,Soccer Cards 2024 Panini Select FIFA,1,Ungraded,Normal wear,,,0,1,2025-10-07,,,,
8704174,Noah Dobson #360,Hockey Cards 2024 Upper Deck,74,Ungraded,Normal wear,,,0,1,2025-10-08,,,,
9947970,Nikola Topic #242,Basketball Cards 2024 Panini Mosaic,94,Ungraded,Normal wear,,,0,1,2025-10-02,,,,
9758501,Nick Chubb #23,Football Cards 2024 Panini Contenders,44,Ungraded,Normal wear,,,0,1,2025-10-07,,,,
9199447,Michael Irvin #26,Football Cards 2024 Topps Resurgence,150,Ungraded,Normal wear,,,0,1,2025-10-02,,,,
9259786,Keldon Johnson #7,Basketball Cards 2024 Panini Revolution,99,Ungraded,Normal wear,,,0,1,2025-10-02,,,,
8540632,Dyson Daniels #122,Basketball Cards 2024 Panini Prizm,99,Ungraded,Normal wear,,,0,1,2025-08-31,,,,
8539741,Shai Gilgeous-Alexander [Red White Blue] #113,Basketball Cards 2024 Panini Prizm,299,Ungraded,Normal wear,,,0,1,2025-10-02,,,,
7360026,Kyler Murray [Green Yellow Prizm Die-Cut] #243,Football Cards 2023 Panini Select,91,Ungraded,Normal wear,,,0,1,2025-10-02,,,,
6952037,Martin Odegaard #107,Soccer Cards 2023 Panini Select Premier League,145,Ungraded,Normal wear,,,0,1,2025-10-07,,,,
9551046,Charlie McAvoy / Moritz Seider #700,Hockey Cards 2024 Upper Deck,68,Ungraded,Normal wear,,,0,1,2025-10-02,,,,
9856190,Amanda Ribas #184,Ufc Cards 2025 Topps Chrome UFC,25,Ungraded,Normal wear,,,0,1,2025-10-07,,,,
8703874,Uvis Balinskis #322,Hockey Cards 2024 Upper Deck,150,Ungraded,Normal wear,,,0,1,2025-10-02,,,,
1095062,"Passing Leaders [Fouts, Staubach] #331",Football Cards 1980 Topps,188,Ungraded,Normal wear,,,0,1,2026-03-08,,,,
1894653,Phil Niekro #29,Baseball Cards 1984 O Pee Chee,145,Ungraded,Normal wear,,,0,1,2025-10-08,,,,
8535949,Patrick Williams [Ice] #68,Basketball Cards 2024 Panini Prizm,99,Ungraded,Normal wear,,,0,1,2025-10-03,,,,
1953285,"The Indispensables II: Cal Ripken, Jr. / Joe Carter #703",Baseball Cards 1992 Fleer,28,Ungraded,Normal wear,,,0,1,2026-01-16,2026-01-15,,,
9960812,Shai Gilgeous-Alexander #6,Basketball Cards 2024 Panini Mosaic Epic Performers,176,Ungraded,Normal wear,,,0,1,2025-10-03,,,,
1944437,Randy Johnson #563,Baseball Cards 1990 Upper Deck,105,Ungraded,Normal wear,,,0,1,2025-12-25,,,,
8557963,GG Jackson II [Red Ice] #208,Basketball Cards 2024 Panini Prizm,109,Ungraded,Normal wear,,,0,1,2025-10-02,,,,
8563307,Trey Sweeney #67,Baseball Cards 2025 Topps,157,Ungraded,Normal wear,,,0,1,2025-10-14,,,,
5252483,Kevin Mitchell #715,Baseball Cards 1990 Donruss,99,Ungraded,Normal wear,,,0,1,2025-12-06,,,,
8563596,Lars Nootbaar #203,Baseball Cards 2025 Topps,99,Ungraded,Normal wear,,,0,1,2025-10-14,,,,
9758455,Amari Cooper [Game Ticket Bronze] #22,Football Cards 2024 Panini Contenders,114,Ungraded,Normal wear,,,0,1,2025-10-07,,,,
10218373,Denny Hamlin #69,Racing Cards 2025 Panini Donruss NASCAR,163,Ungraded,Normal wear,,,0,1,2025-10-07,,,,
1919478,Dave Winfield #717,Baseball Cards 1986 Topps Tiffany,281,Ungraded,Normal wear,,,0,1,2026-03-08,2026-03-08,,,
8778201,Reed Sheppard #202,Basketball Cards 2024 Panini Donruss,169,Ungraded,Normal wear,,,0,1,2025-10-08,,,,
8563445,Jacob deGrom #208,Baseball Cards 2025 Topps,178,Ungraded,Normal wear,,,0,1,2025-10-14,,,,
1917759,Phil Niekro #580,Baseball Cards 1986 Donruss,146,Ungraded,Normal wear,,,0,1,2025-12-06,,,,
9260990,RJ Barrett #45,Basketball Cards 2024 Panini Revolution,87,Ungraded,Normal wear,,,0,1,2025-10-02,,,,
9549647,Jordan Harris #540,Hockey Cards 2024 Upper Deck,104,Ungraded,Normal wear,,,0,1,2025-10-02,,,,
9266531,Zach Edey #10,Basketball Cards 2024 Panini Revolution New Wave,152,Ungraded,Normal wear,,,0,1,2025-10-04,,,,
10003831,Willson Contreras [Sepia] #82,Baseball Cards 2025 Topps Chrome,100,Ungraded,Normal wear,,,0,1,2025-08-09,,,,
9387703,Lucas Bergvall #112,Soccer Cards 2024 Topps Chrome UEFA,125,Ungraded,Normal wear,,,0,1,2025-10-02,,,,
10005186,Gerrit Cole #110,Baseball Cards 2025 Topps Chrome,125,Ungraded,Normal wear,,,0,1,2025-08-09,,,,
8551200,Allen Iverson #291,Basketball Cards 2024 Panini Prizm,149,Ungraded,Normal wear,,,0,1,2025-10-02,,,,
9791428,Scoot Henderson #119,Basketball Cards 2024 Panini Select,139,Ungraded,Normal wear,,,0,1,2025-10-04,,,,
9934888,Spencer Dinwiddie #34,Basketball Cards 2024 Panini Mosaic,101,Ungraded,Normal wear,,,0,1,2025-10-02,,,,
8548078,Oso Ighodaro [Red White Blue] #245,Basketball Cards 2024 Panini Prizm,169,Ungraded,Normal wear,,,0,1,2025-10-02,,,,
3896049,Tony Gwynn #1,Baseball Cards 1992 Ultra Commemorative Series,174,Ungraded,Normal wear,,,0,1,2025-12-01,,,,
7352471,Demario Douglas #68,Football Cards 2023 Panini Select,147,Ungraded,Normal wear,,,0,1,2025-10-02,,,,
10971651,Quinn Ewers #308,Football Cards 2025 Panini Mosaic,125,Ungraded,Normal wear,,,0,1,2026-03-05,,,,
5859343,Connor McDavid #CM-7,Hockey Cards 2020 Upper Deck McDavid MMXXI,281,Ungraded,Normal wear,,,0,1,2025-10-04,,,,
1932417,Doc Gooden #376,Baseball Cards 1989 Bowman Tiffany,340,Ungraded,Normal wear,,,0,1,2025-12-01,,,,
1118665,Lawrence Taylor #756,Football Cards 1992 Topps,169,Ungraded,Normal wear,,,0,1,2026-01-09,,,,ACoolAUCTION - $7 Lot of Football
1964543,John Franco #25,Baseball Cards 1993 Topps,119,Ungraded,Normal wear,,,0,1,2026-03-07,,,,
1947025,Barry Bonds #868,Baseball Cards 1991 Score,129,Ungraded,Normal wear,,,0,1,2026-01-16,2026-01-15,,,
9803477,Kevin Durant #17,Basketball Cards 2024 Panini Select Certified,169,Ungraded,Normal wear,,,0,1,2025-10-04,,,,
9950483,Dalton Knecht #271,Basketball Cards 2024 Panini Mosaic,150,Ungraded,Normal wear,,,0,1,2025-10-03,,,,
8666759,Eustass Kid #1932,Funko POP Animation,653,Loose/OOB,Normal wear,,,0,1,2025-11-22,,,,
9552642,Zachary Bolduc #TDR-14,Hockey Cards 2024 Upper Deck Triple Dimensions Reflections,195,Ungraded,Normal wear,,,0,1,2025-10-02,,,,
7610182,Scottie Barnes #257,Basketball Cards 2023 Panini Hoops Premium Stock,1,Ungraded,Normal wear,,,0,1,2025-10-08,,,,
7608428,Julian Strawther #213,Basketball Cards 2023 Panini Hoops Premium Stock,51,Ungraded,Normal wear,,,0,1,2025-10-08,,,,
1109445,Dan Marino #71,Football Cards 1992 Action Packed Rookie Update,150,Ungraded,Normal wear,,,33,1,2026-01-06,,,,ACoolAUCTION - $7 Lot of Football
9383814,James Tavernier #26,Soccer Cards 2024 Topps Chrome UEFA,25,Ungraded,Normal wear,,,0,1,2025-10-02,,,,
9904884,Mavrik Bourque #OPC-30,Hockey Cards 2024 Upper Deck O-Pee-Chee Glossy,115,Ungraded,Normal wear,,,0,1,2025-10-08,,,,
8534564,Donte DiVincenzo #51,Basketball Cards 2024 Panini Prizm,29,Ungraded,Normal wear,,,0,1,2025-08-31,,,,
8319811,Jackie Young #WNBA15,Basketball Cards 2024 Panini Prizm Monopoly WNBA Insert,198,Ungraded,Normal wear,,,0,1,2025-08-09,,,,
1863953,Mel Stottlemyre #325,Baseball Cards 1972 Topps,172,Ungraded,Normal wear,,,0,1,2025-11-12,,,,
1925603,Ozzie Smith #598,Baseball Cards 1987 Topps,125,Ungraded,Normal wear,,,0,1,2026-03-07,,,,
8539893,Myles Turner #115,Basketball Cards 2024 Panini Prizm,80,Ungraded,Normal wear,,,0,1,2025-08-31,,,,
7607822,Kevin Huerter [Ice Prizm] #198,Basketball Cards 2023 Panini Hoops Premium Stock,149,Ungraded,Normal wear,,,0,1,2025-10-08,,,,
9263746,Jared McCain [Blue Astro] #124,Basketball Cards 2024 Panini Revolution,999,Ungraded,Normal wear,,,0,1,2025-08-13,,,,
10004441,Seth Lugo [Refractor] #94,Baseball Cards 2025 Topps Chrome,141,Ungraded,Normal wear,,,0,1,2025-08-09,,,,
8318952,Kahleah Copper #58,Basketball Cards 2024 Panini Prizm Monopoly WNBA,157,Ungraded,Normal wear,,,0,1,2025-10-02,,,,
9947204,Kel'el Ware #232,Basketball Cards 2024 Panini Mosaic,169,Ungraded,Normal wear,,,0,1,2025-10-02,,,,
6908764,Chase Briscoe #19,Racing Cards 2024 Donruss NASCAR,99,Ungraded,Normal wear,,,0,1,2026-03-06,2026-03-06,,,2024 DonRuss Racing NASCAR
1891113,Hank Aaron #34,Baseball Cards 1983 Donruss Hall of Fame Heroes,147,Ungraded,Normal wear,,,0,1,2025-12-25,,,,
9262016,Nikola Vucevic #80,Basketball Cards 2024 Panini Revolution,25,Ungraded,Normal wear,,,0,1,2025-10-04,,,,
1920528,Dave Winfield #717,Baseball Cards 1986 Topps,149,Ungraded,Normal wear,,,0,1,2026-03-05,,,,
10006456,Hayden Birdsong #138,Baseball Cards 2025 Topps Chrome,120,Ungraded,Normal wear,,,0,1,2025-08-09,,,,
8704266,Artem Zub #372,Hockey Cards 2024 Upper Deck,149,Ungraded,Normal wear,,,0,1,2025-10-02,,,,
9263420,Dillon Jones [Blue Storm] #115,Basketball Cards 2024 Panini Revolution,125,Ungraded,Normal wear,,,0,1,2026-02-21,2026-02-21,,,
8556217,Donovan Clingan #221,Basketball Cards 2024 Panini Prizm,149,Ungraded,Normal wear,,,0,1,2025-10-02,,,,
2845388,Matt Williams / Wade Boggs #386,Baseball Cards 1994 Topps,135,Ungraded,Normal wear,,,0,1,2026-03-07,,,,
11012105,S-Snake [Alternate Art] OP13-114,One Piece Carrying on His Will,582,Ungraded,Normal wear,,,0,1,2026-01-09,,,,
8022862,Vini Jr. #7,Soccer Cards 2024 Topps UEFA,148,Ungraded,Normal wear,,,0,1,2026-01-16,,,,
891449,Lawrence Taylor #324,Football Cards 2005 Topps,155,Ungraded,Normal wear,,,0,1,2026-01-09,,,,ACoolAUCTION - $7 Lot of Football
1925608,Dwight Gooden #603,Baseball Cards 1987 Topps,130,Ungraded,Normal wear,,,0,1,2026-03-07,,,,
9492109,Eric Dickerson #26,Football Cards 2024 Topps Signature Class,22,Ungraded,Normal wear,,,0,1,2025-10-07,,,,
9013059,Tip Reiman [Green Hyper] #292,Football Cards 2024 Panini Donruss Optic,50,Ungraded,Normal wear,,,0,1,2025-10-04,,,,
10004102,Thomas Saggese #87,Baseball Cards 2025 Topps Chrome,142,Ungraded,Normal wear,,,0,1,2025-08-09,,,,
8319901,Sabrina Ionescu #WNBA18,Basketball Cards 2024 Panini Prizm Monopoly WNBA Insert,110,Ungraded,Normal wear,,,0,1,2025-10-07,,,,
9759545,Daniel Jones #73,Football Cards 2024 Panini Contenders,135,Ungraded,Normal wear,,,0,1,2025-10-07,,,,
8783336,Luka Doncic #17,Basketball Cards 2024 Panini Donruss Franchise Features,127,Ungraded,Normal wear,,,0,1,2025-10-08,,,,
9493369,Bub Means #157,Football Cards 2024 Topps Signature Class,41,Ungraded,Normal wear,,,0,1,2025-10-07,,,,
10819900,Tyler Kolek #20,Basketball Cards 2025 Topps,99,Ungraded,Normal wear,,,0,1,2026-03-10,,,,2025 - 26 TOPPS Flagship Basketball
3134270,Jonathan Huberdeau #693,Hockey Cards 2020 Upper Deck,6,Ungraded,Normal wear,,,0,1,2025-10-08,,,,
9199617,Herman Moore #35,Football Cards 2024 Topps Resurgence,150,Ungraded,Normal wear,,,0,1,2025-10-02,,,,
8563451,Tommy Edman #214,Baseball Cards 2025 Topps,99,Ungraded,Normal wear,,,0,1,2025-10-14,,,,
8541078,Robert Williams III #126,Basketball Cards 2024 Panini Prizm,92,Ungraded,Normal wear,,,0,1,2025-08-31,,,,
9552034,Lucas Raymond #E-11,Hockey Cards 2024 Upper Deck Encore,128,Ungraded,Normal wear,,,0,1,2025-10-02,,,,
10732743,Cam Ward #350,Football Cards 2025 Panini Donruss,137,Ungraded,Normal wear,,,0,1,2025-11-21,,,,
10005667,Coby Mayo [Raywave] #120,Baseball Cards 2025 Topps Chrome,157,Ungraded,Normal wear,,,0,1,2025-08-09,,,,
9854686,Joshua Van #136,Ufc Cards 2025 Topps Chrome UFC,150,Ungraded,Normal wear,,,0,1,2025-10-07,,,,
7933783,Quay Walker [Red] #83,Football Cards 2024 Panini Mosaic,153,Ungraded,Normal wear,,,0,1,2025-10-04,,,,
11822987,Wreck-It Ralph #65,2025 Topps Chrome Disney,177,Ungraded,Normal wear,,,0,1,2026-03-10,,,,
391792,Barry Sanders [Pink Pulsar Prizm] #11,Football Cards 2020 Panini Prizm Draft Picks,217,Ungraded,Normal wear,,,3,1,2026-01-09,,,,ACoolAUCTION - $7 Lot of Football
10818451,Nikola Vucevic #36,Basketball Cards 2025 Topps,150,Ungraded,Normal wear,,,0,1,2026-03-10,,,,2025 - 26 TOPPS Flagship Basketball
8318833,Nneka Ogwumike #54,Basketball Cards 2024 Panini Prizm Monopoly WNBA,140,Ungraded,Normal wear,,,0,1,2025-10-02,,,,
10819126,Quinten Post #139,Basketball Cards 2025 Topps,0,Ungraded,Normal wear,,,0,1,2026-03-10,,,,2025 - 26 TOPPS Flagship Basketball
9960752,Zaccharie Risacher [Green] #11,Basketball Cards 2024 Panini Mosaic Epic Performers,102,Ungraded,Normal wear,,,0,1,2025-10-03,,,,
9861023,Dricus Du Plessis #TTC-15,Ufc Cards 2025 Topps Chrome UFC Top of the Class,160,Ungraded,Normal wear,,,0,1,2025-10-07,,,,
9783248,Oso Ighodaro #75,Basketball Cards 2024 Panini Select,100,Ungraded,Normal wear,,,0,1,2025-10-04,,,,
9934059,Mike Conley #20,Basketball Cards 2024 Panini Mosaic,190,Ungraded,Normal wear,,,0,1,2025-10-02,,,,
1886362,Steve & Carlton #632,Baseball Cards 1982 Fleer,135,Ungraded,Normal wear,,,0,1,2025-11-12,,,,
7604434,Kawhi Leonard [Ice Prizm] #114,Basketball Cards 2023 Panini Hoops Premium Stock,78,Ungraded,Normal wear,,,0,1,2025-10-08,,,,
9758807,C.J. Stroud #39,Football Cards 2024 Panini Contenders,115,Ungraded,Normal wear,,,0,1,2025-10-07,,,,
6909174,Hailie Deegan #51,Racing Cards 2024 Donruss NASCAR,202,Ungraded,Normal wear,,,0,1,2026-03-07,,,,
8536906,Bol Bol #80,Basketball Cards 2024 Panini Prizm,99,Ungraded,Normal wear,,,0,1,2025-08-31,,,,
9948751,Jaylen Wells [Reactive Blue] #240,Basketball Cards 2024 Panini Mosaic,189,Ungraded,Normal wear,,,0,1,2025-10-03,,,,
3134167,Cal Clutterbuck #587,Hockey Cards 2020 Upper Deck,169,Ungraded,Normal wear,,,0,1,2025-10-04,,,,
8139556,Dalton Kincaid #13,Football Cards 2024 Panini Absolute,114,Ungraded,Normal wear,,,0,1,2025-10-02,,,,
9949946,Stephon Castle #267,Basketball Cards 2024 Panini Mosaic,245,Ungraded,Normal wear,,,0,1,2025-10-03,,,,
6413178,DeMar DeRozan #16,Basketball Cards 2023 Panini Prizm Monopoly,112,Ungraded,Normal wear,,,0,1,2025-10-04,,,,
8561345,Matas Buzelis #14,Basketball Cards 2024 Panini Prizm Instant Impact,159,Ungraded,Normal wear,,,2143,1,2025-08-31,,,,
3400043,Mathew Barzal #UV-11,Hockey Cards 2020 Upper Deck Ultimate Victory,130,Ungraded,Normal wear,,,0,1,2025-10-08,,,,
8767675,Anthony Davis #3,Basketball Cards 2024 Panini Donruss,133,Ungraded,Normal wear,,,0,1,2025-10-08,,,,
6736535,Cavendish EB01-012,One Piece Extra Booster Memorial Collection,179,Ungraded,Normal wear,,,0,1,2026-02-14,,,,ONE Piece GREEN Zoro Deck
1946964,Bo Jackson #692,Baseball Cards 1991 Score,131,Ungraded,Normal wear,,,0,1,2025-12-25,,,,
8541874,Peyton Watson [Red Ice] #133,Basketball Cards 2024 Panini Prizm,25,Ungraded,Normal wear,,,0,1,2025-10-02,,,,
9390440,Ethan Wheatley #180,Soccer Cards 2024 Topps Chrome UEFA,25,Ungraded,Normal wear,,,0,1,2025-10-02,,,,
9199110,Devin Hester #13,Football Cards 2024 Topps Resurgence,198,Ungraded,Normal wear,,,0,1,2025-10-02,,,,
8561369,Bub Carrington #17,Basketball Cards 2024 Panini Prizm Instant Impact,102,Ungraded,Normal wear,,,0,1,2025-08-31,,,,
8563449,Will Smith #212,Baseball Cards 2025 Topps,154,Ungraded,Normal wear,,,0,1,2025-10-14,,,,
8703906,Alex Turcotte #326,Hockey Cards 2024 Upper Deck,122,Ungraded,Normal wear,,,0,1,2025-10-02,,,,
4751061,Joe Montana #17,Football Cards 2020 Panini Illusions Clear Shots,239,Ungraded,Normal wear,,,0,1,2026-01-06,,,,ACoolAUCTION - $7 Lot of Football
9637382,Magic Johnson #59,Basketball Cards 2024 Topps Chrome,138,Ungraded,Normal wear,,,0,1,2025-10-07,,,,
1867591,Luis Tiant #167,Baseball Cards 1974 Topps,3370,Ungraded,Normal wear,,,0,10,2025-12-25,,,,
5868805,Crystal Dangerfield #29,Basketball Cards 2023 Panini Prizm WNBA,10,Ungraded,Normal wear,,,0,1,2025-12-01,,,,
9043897,Deandre Ayton [Red] #4,Basketball Cards 2024 Panini Prizm Monopoly,117,Ungraded,Normal wear,,,0,1,2025-10-04,,,,
10266405,Perona OP12-034,One Piece Legacy of the Master,622,Ungraded,Normal wear,,,0,1,2026-03-02,,,,
9859465,Chuck Liddell [Refractor] #DBG-3,Ufc Cards 2025 Topps Chrome UFC Dare to Be Great,290,Ungraded,Normal wear,,,0,1,2025-10-07,,,,
6911613,Kyle Larson [Orange Velocity Optic] #26,Racing Cards 2024 Donruss NASCAR,0,Ungraded,Normal wear,,,0,1,2026-03-07,,,,
1946910,Jose Canseco #441,Baseball Cards 1991 Score,127,Ungraded,Normal wear,,,0,1,2025-11-02,,,,
6246048,Gregg Jefferies #16,Baseball Cards 1990 Topps Glossy Rookies,169,Ungraded,Normal wear,,,0,1,2025-10-08,,,,
1875058,Dave Kingman #24,Baseball Cards 1977 Topps Cloth Stickers,316,Ungraded,Normal wear,,,0,1,2025-12-01,,,,
8544281,Julian Champagnie #158,Basketball Cards 2024 Panini Prizm,104,Ungraded,Normal wear,,,0,1,2025-10-02,,,,
9944951,Jayson Tatum #188,Basketball Cards 2024 Panini Mosaic,150,Ungraded,Normal wear,,,0,1,2025-10-02,,,,
9261220,Anfernee Simons #52,Basketball Cards 2024 Panini Revolution,118,Ungraded,Normal wear,,,0,1,2025-10-04,,,,
8780470,KJ Simpson Jr. #247,Basketball Cards 2024 Panini Donruss,145,Ungraded,Normal wear,,,0,1,2025-10-08,,,,
10184127,GG Jackson II #12,Basketball Cards 2024 Panini Donruss Optic,23,Ungraded,Normal wear,,,0,1,2025-10-08,,,,
8703740,Dylan Larkin #305,Hockey Cards 2024 Upper Deck,112,Ungraded,Normal wear,,,0,1,2025-10-02,,,,
9851848,Vitor Petrino #41,Ufc Cards 2025 Topps Chrome UFC,159,Ungraded,Normal wear,,,0,1,2025-10-07,,,,
9935352,Mikal Bridges #41,Basketball Cards 2024 Panini Mosaic,265,Ungraded,Normal wear,,,0,1,2025-10-02,,,,
6910660,Greg Biffle #168,Racing Cards 2024 Donruss NASCAR,99,Ungraded,Normal wear,,,0,1,2026-03-07,,,,
9579884,Lamine Yamal [Silver] #190,Soccer Cards 2024 Panini Select FIFA,1008,Ungraded,Normal wear,,,0,1,2025-08-07,,,,
7352211,Tyreek Hill [Green Yellow Prizm Die-Cut] #62,Football Cards 2023 Panini Select,135,Ungraded,Normal wear,,,0,1,2025-10-02,,,,
9935420,Herbert Jones #40,Basketball Cards 2024 Panini Mosaic,99,Ungraded,Normal wear,,,0,1,2025-10-02,,,,
9262409,DeMar DeRozan #85,Basketball Cards 2024 Panini Revolution,98,Ungraded,Normal wear,,,0,1,2025-10-02,,,,
9551391,Cutter Gauthier #733,Hockey Cards 2024 Upper Deck,192,Ungraded,Normal wear,,,0,1,2025-10-02,,,,
2044352,Todd Hundley #84,Baseball Cards 2001 Topps Gold,185,Ungraded,Normal wear,,,0,1,2025-11-02,,,,
8557854,Jordan Poole [Green Ice] #184,Basketball Cards 2024 Panini Prizm,227,Ungraded,Normal wear,,,0,1,2025-10-03,,,,
10028598,Nick Ritchie #509,Hockey Cards 2020 Upper Deck Extended Series,122,Ungraded,Normal wear,,,0,1,2025-10-04,,,,
9935827,Grant Williams #43,Basketball Cards 2024 Panini Mosaic,100,Ungraded,Normal wear,,,0,1,2025-10-02,,,,
8560543,Ron Holland II #4,Basketball Cards 2024 Panini Prizm Emergent,110,Ungraded,Normal wear,,,0,1,2025-10-08,,,,
8141195,Jordan Addison #70,Football Cards 2024 Panini Absolute,117,Ungraded,Normal wear,,,0,1,2025-10-02,,,,
8317768,Rebecca Allen #18,Basketball Cards 2024 Panini Prizm Monopoly WNBA,175,Ungraded,Normal wear,,,0,1,2025-10-02,,,,
9938264,De'Andre Hunter #86,Basketball Cards 2024 Panini Mosaic,100,Ungraded,Normal wear,,,0,1,2025-10-02,,,,
9383564,Lois Openda #20,Soccer Cards 2024 Topps Chrome UEFA,25,Ungraded,Normal wear,,,0,1,2025-10-02,,,,
8560469,Trae Young #20,Basketball Cards 2024 Panini Prizm Dominance,142,Ungraded,Normal wear,,,0,1,2025-10-02,,,,
1925204,Lee Mazzilli #198,Baseball Cards 1987 Topps,119,Ungraded,Normal wear,,,0,1,2026-03-07,,,,
9783953,Zaccharie Risacher #86,Basketball Cards 2024 Panini Select,147,Ungraded,Normal wear,,,0,1,2025-10-04,,,,
8561258,Nikola Topic #3,Basketball Cards 2024 Panini Prizm Instant Impact,105,Ungraded,Normal wear,,,0,1,2025-10-07,,,,
7373434,Travis Etienne Jr. #15,Football Cards 2023 Panini Select Numbers,138,Ungraded,Normal wear,,,0,1,2025-10-02,,,,
9199618,Barry Sanders #34,Football Cards 2024 Topps Resurgence,174,Ungraded,Normal wear,,,0,1,2025-10-02,,,,
8704880,Nathan MacKinnon / Auston Matthews #449,Hockey Cards 2024 Upper Deck,159,Ungraded,Normal wear,,,0,1,2025-10-08,,,,
1925026,Gary Carter #20,Baseball Cards 1987 Topps,100,Ungraded,Normal wear,,,0,1,2026-03-07,,,,
10266393,Koushirou OP12-027,One Piece Legacy of the Master,20,Ungraded,Normal wear,,,0,1,2026-03-02,,,,
10819468,Cooper Flagg #201,Basketball Cards 2025 Topps,525,Ungraded,Normal wear,,,0,1,2026-03-10,,,,2025 - 26 TOPPS Flagship Basketball
7357445,Davante Adams #182,Football Cards 2023 Panini Select,159,Ungraded,Normal wear,,,0,1,2025-10-02,,,,
8768401,Coby White #17,Basketball Cards 2024 Panini Donruss,99,Ungraded,Normal wear,,,0,1,2025-10-08,,,,
9260619,Kyrie Irving #33,Basketball Cards 2024 Panini Revolution,99,Ungraded,Normal wear,,,0,1,2025-10-04,,,,
9549388,Jason Zucker #510,Hockey Cards 2024 Upper Deck,99,Ungraded,Normal wear,,,0,1,2025-10-04,,,,
8317299,Kamilla Cardoso [Millionaire Club] #2,Basketball Cards 2024 Panini Prizm Monopoly WNBA,99,Ungraded,Normal wear,,,0,1,2025-08-09,,,,
3134234,Roman Josi #657,Hockey Cards 2020 Upper Deck,163,Ungraded,Normal wear,,,0,1,2025-10-08,,,,
8558764,Tristan da Silva #256,Basketball Cards 2024 Panini Prizm,157,Ungraded,Normal wear,,,0,1,2025-10-02,,,,
3134244,John Carlson #667,Hockey Cards 2020 Upper Deck,184,Ungraded,Normal wear,,,0,1,2025-10-08,,,,
1932692,Rickey Henderson #181,Baseball Cards 1989 Bowman,137,Ungraded,Normal wear,,,0,1,2025-10-08,,,,
636491,Randall Cunningham #12,Football Cards 1991 Score,133,Ungraded,Normal wear,,,0,1,2026-03-05,,,,
8545046,Jaden McDaniels #175,Basketball Cards 2024 Panini Prizm,102,Ungraded,Normal wear,,,0,1,2025-10-02,,,,
9854611,Tracy Cortez [Sepia Refractor] #134,Ufc Cards 2025 Topps Chrome UFC,202,Ungraded,Normal wear,,,0,1,2025-10-07,,,,
9943300,Clint Capela #173,Basketball Cards 2024 Panini Mosaic,299,Ungraded,Normal wear,,,0,1,2025-10-02,,,,
287160,Jerry Rice #2,Football Cards 2019 Panini Absolute NFL Icons,171,Ungraded,Normal wear,,,0,1,2026-01-09,,,,ACoolAUCTION - $7 Lot of Football
8881117,Patrik Laine #537,Hockey Cards 2020 Upper Deck Extended Series,99,Ungraded,Normal wear,,,0,1,2025-10-04,,,,
8549222,Cam Christie #242,Basketball Cards 2024 Panini Prizm,150,Ungraded,Normal wear,,,0,1,2025-10-02,,,,
9199722,Charles Woodson #38,Football Cards 2024 Topps Resurgence,90,Ungraded,Normal wear,,,0,1,2025-10-02,,,,
10732986,Jarquez Hunter #352,Football Cards 2025 Panini Donruss,26,Ungraded,Normal wear,,,0,1,2025-11-21,,,,
10819844,Manu Ginobili #262,Basketball Cards 2025 Topps,111,Ungraded,Normal wear,,,0,1,2026-03-10,,,,2025 - 26 TOPPS Flagship Basketball
8535450,Pascal Siakam #62,Basketball Cards 2024 Panini Prizm,105,Ungraded,Normal wear,,,0,1,2025-08-31,,,,
1937216,Rick Aguilera #257,Baseball Cards 1989 Topps,124,Ungraded,Normal wear,,,0,1,2026-03-07,,,,
1103910,Bo Jackson #330,Football Cards 1990 Panini Score,190,Ungraded,Normal wear,,,0,1,2026-01-08,,,,ACoolAUCTION - $7 Lot of Football
9855843,Joanderson Brito #176,Ufc Cards 2025 Topps Chrome UFC,100,Ungraded,Normal wear,,,0,1,2025-10-07,,,,
9639500,Devin Carter #134,Basketball Cards 2024 Topps Chrome,200,Ungraded,Normal wear,,,0,1,2025-10-07,,,,
6401129,John Smiley #12,Baseball Cards 1994 Topps Gold,125,Ungraded,Normal wear,,,0,1,2026-03-08,,,,
9937242,Tari Eason #70,Basketball Cards 2024 Panini Mosaic,161,Ungraded,Normal wear,,,0,1,2025-10-02,,,,
11703046,Terracotta EB04-024,One Piece Extra Booster EB04,10,Ungraded,Normal wear,,,0,1,2026-02-14,,,,
9644917,Devin Carter [Refractor] #CC-20,Basketball Cards 2024 Topps Chrome Countdown Complete,130,Ungraded,Normal wear,,,0,1,2026-01-16,2026-01-16,,,
8534886,Harrison Barnes #55,Basketball Cards 2024 Panini Prizm,99,Ungraded,Normal wear,,,0,1,2025-08-31,,,,
9262598,Jarrett Allen #94,Basketball Cards 2024 Panini Revolution,119,Ungraded,Normal wear,,,0,1,2025-10-04,,,,
6058916,Tony Fernandez #52,Baseball Cards 1989 Topps All Star Glossy Set of 60,0,Ungraded,Normal wear,,,0,1,2026-03-07,,,,
8771154,Caris LeVert #70,Basketball Cards 2024 Panini Donruss,99,Ungraded,Normal wear,,,0,1,2025-10-08,,,,
3141427,Drake Caggiula #506,Hockey Cards 2020 Upper Deck Extended Series,100,Ungraded,Normal wear,,,0,1,2025-10-04,,,,
1947010,George Brett #853,Baseball Cards 1991 Score,140,Ungraded,Normal wear,,,0,1,2026-03-08,,,,
8540967,Desmond Bane #125,Basketball Cards 2024 Panini Prizm,99,Ungraded,Normal wear,,,0,1,2025-08-31,,,,
9383315,Chido Obi #14,Soccer Cards 2024 Topps Chrome UEFA,176,Ungraded,Normal wear,,,0,1,2025-10-02,,,,
9959620,Anthony Edwards #4,Basketball Cards 2024 Panini Mosaic Thunder Road,167,Ungraded,Normal wear,,,0,1,2025-08-15,,,,
10266387,Roronoa Zoro OP12-020,One Piece Legacy of the Master,129,Ungraded,Normal wear,,,0,1,2026-03-02,,,,
9764256,J.J. McCarthy #8,Football Cards 2024 Panini Contenders Draft Class,112,Ungraded,Normal wear,,,0,1,2025-10-07,,,,
10965542,Greg Zuerlein [Mosaic Reactive Yellow] #191,Football Cards 2025 Panini Mosaic,0,Ungraded,Normal wear,,,0,1,2026-03-05,,,,
10210085,Trae Young #5,Basketball Cards 2024 Panini Donruss Optic Express Lane,143,Ungraded,Normal wear,,,0,1,2025-10-08,,,,
1932971,Tony Gwynn #461,Baseball Cards 1989 Bowman,100,Ungraded,Normal wear,,,0,1,2025-10-08,,,,
6908713,Denny Hamlin #15,Racing Cards 2024 Donruss NASCAR,25,Ungraded,Normal wear,,,0,1,2026-03-07,,,,
1937598,Sandy Alomar #648,Baseball Cards 1989 Topps,102,Ungraded,Normal wear,,,0,1,2026-03-07,,,,
6463486,Barry Sanders #LT-BS,Football Cards 2019 Panini Prizm Legendary Talents,133,Ungraded,Normal wear,,,0,1,2026-01-09,,,,ACoolAUCTION - $7 Lot of Football
9960726,Jayson Tatum #4,Basketball Cards 2024 Panini Mosaic Epic Performers,166,Ungraded,Normal wear,,,0,1,2025-10-03,,,,
9636669,Tyrese Maxey #40,Basketball Cards 2024 Topps Chrome,67,Ungraded,Normal wear,,,0,1,2025-10-07,,,,
9045983,Alperen Sengun [Sparkle] #70,Basketball Cards 2024 Panini Prizm Monopoly,0,Ungraded,Normal wear,,,0,1,2025-10-04,,,,
1929068,Dwight Gooden #350,Baseball Cards 1988 Score,149,Ungraded,Normal wear,,,3,1,2026-01-16,,,,
9384146,Kevin Zeroli #34,Soccer Cards 2024 Topps Chrome UEFA,25,Ungraded,Normal wear,,,0,1,2025-10-02,,,,
9760101,Terry McLaurin #99,Football Cards 2024 Panini Contenders,1,Ungraded,Normal wear,,,0,1,2025-10-07,,,,
9960201,Paolo Banchero #11,Basketball Cards 2024 Panini Mosaic Jam Masters,145,Ungraded,Normal wear,,,0,1,2025-08-15,,,,
10733156,Oluwafemi Oladejo #384,Football Cards 2025 Panini Donruss,100,Ungraded,Normal wear,,,0,1,2025-11-21,,,,
7608670,Ben Sheppard #219,Basketball Cards 2023 Panini Hoops Premium Stock,50,Ungraded,Normal wear,,,0,1,2025-10-08,,,,
1920150,Don Sutton #335,Baseball Cards 1986 Topps,101,Ungraded,Normal wear,,,3,1,2026-01-16,2026-01-16,,,
1925380,Ron Guidry #375,Baseball Cards 1987 Topps,152,Ungraded,Normal wear,,,0,1,2026-03-07,,,,
4652830,Jim Leyritz #198,Baseball Cards 1992 Stadium Club,42,Ungraded,Normal wear,,,0,1,2026-03-08,2026-03-08,,,
9386859,Tosin Adarabioyo #102,Soccer Cards 2024 Topps Chrome UEFA,195,Ungraded,Normal wear,,,0,1,2025-10-02,,,,
5870153,Brianna Turner [Ice] #27,Basketball Cards 2023 Panini Prizm WNBA,169,Ungraded,Normal wear,,,0,1,2025-12-01,,,,
7602787,Khris Middleton [Ice Prizm] #73,Basketball Cards 2023 Panini Hoops Premium Stock,119,Ungraded,Normal wear,,,0,1,2025-10-08,,,,
8707800,Zachary Bolduc #WA-17,Hockey Cards 2024 Upper Deck Welcome Aboard,191,Ungraded,Normal wear,,,0,1,2025-10-08,,,,
9549347,Charlie McAvoy #506,Hockey Cards 2024 Upper Deck,145,Ungraded,Normal wear,,,0,1,2025-10-02,,,,
8561384,Kyshawn George #19,Basketball Cards 2024 Panini Prizm Instant Impact,99,Ungraded,Normal wear,,,0,1,2025-10-07,,,,
8547776,Dalton Knecht #238,Basketball Cards 2024 Panini Prizm,119,Ungraded,Normal wear,,,0,1,2025-08-31,,,,
10266387,Roronoa Zoro OP12-020,One Piece Legacy of the Master,199,Ungraded,Normal wear,,,0,1,2026-03-02,,,,
1865453,Dave Kingman #23,Baseball Cards 1973 Topps,187,Ungraded,Normal wear,,,0,1,2025-11-02,,,,
10006402,Emmanuel Clase #135,Baseball Cards 2025 Topps Chrome,99,Ungraded,Normal wear,,,0,1,2025-08-09,,,,
1885787,Tommy John #40,Baseball Cards 1982 Fleer,155,Ungraded,Normal wear,,,0,1,2026-03-05,,,,
1863680,Bud Harrelson #53,Baseball Cards 1972 Topps,163,Ungraded,Normal wear,,,0,1,2026-03-08,2026-03-08,,,
2119007,Dale Murphy #KC-91,Baseball Cards 2011 Topps Kimball Champions,187,Ungraded,Normal wear,,,0,1,2025-12-10,2025-12-10,,,
9764037,Champ Bailey / Edgerrin James #18,Football Cards 2024 Panini Contenders Historic Draft Class,194,Ungraded,Normal wear,,,0,1,2025-10-07,,,,
9576500,Florian Wirtz #78,Soccer Cards 2024 Panini Select FIFA,139,Ungraded,Normal wear,,,0,1,2025-10-07,,,,
8561337,Ron Holland II #13,Basketball Cards 2024 Panini Prizm Instant Impact,118,Ungraded,Normal wear,,,0,1,2025-08-31,,,,
9491855,Thurman Thomas #5,Football Cards 2024 Topps Signature Class,24,Ungraded,Normal wear,,,0,1,2025-10-07,,,,
10734798,Harold Fannin Jr. [Holo Optic Preview] #373,Football Cards 2025 Panini Donruss,237,Ungraded,Normal wear,,,0,1,2025-11-22,,,,
9758159,Derrick Henry [Game Ticket Red] #9,Football Cards 2024 Panini Contenders,125,Ungraded,Normal wear,,,0,1,2025-10-07,,,,
8550522,Kevin Garnett [Red Ice] #283,Basketball Cards 2024 Panini Prizm,137,Ungraded,Normal wear,,,0,1,2025-10-02,,,,
8555360,Baylor Scheierman #236,Basketball Cards 2024 Panini Prizm,169,Ungraded,Normal wear,,,0,1,2025-10-02,,,,
8530085,Brad Marchand #T-7,Hockey Cards 2020 Upper Deck 2005-06 Tribute,205,Ungraded,Normal wear,,,0,1,2025-10-08,,,,
10266443,Vinsmoke Reiju OP12-063,One Piece Legacy of the Master,316,Ungraded,Normal wear,,,0,1,2026-03-02,,,,
1118605,Brett Favre #696,Football Cards 1992 Topps,190,Ungraded,Normal wear,,,33,1,2026-01-06,,,,ACoolAUCTION - $7 Lot of Football
9639749,Trey Murphy III #144,Basketball Cards 2024 Topps Chrome,25,Ungraded,Normal wear,,,0,1,2025-10-07,,,,
8533691,Bennedict Mathurin [Red Ice] #40,Basketball Cards 2024 Panini Prizm,99,Ungraded,Normal wear,,,0,1,2025-08-30,,,,
10958631,Larry Fitzgerald #47,Football Cards 2025 Panini Mosaic,34,Ungraded,Normal wear,,,0,1,2026-03-05,,,,
4636889,Darryl Strawberry #8,Baseball Cards 1989 Topps All Star Glossy Set of 60,199,Ungraded,Normal wear,,,0,1,2026-03-07,,,,
9640689,Norman Powell #176,Basketball Cards 2024 Topps Chrome,25,Ungraded,Normal wear,,,0,1,2025-10-07,,,,
1931793,Mike Schmidt #600,Baseball Cards 1988 Topps,131,Ungraded,Normal wear,,,0,1,2025-11-02,,,,
8767728,Trey Murphy III #4,Basketball Cards 2024 Panini Donruss,79,Ungraded,Normal wear,,,0,1,2025-10-08,,,,
11343600,Angel Martinez [Gold Orange] #RA-AMA,Baseball Cards 2025 Topps Chrome Update Rookie Lava Lamp Autograph,575,Ungraded,Normal wear,,,3,1,2026-01-16,2026-01-16,,,
9764833,Caleb Williams #1,Football Cards 2024 Panini Contenders Rookie Stallions,168,Ungraded,Normal wear,,,0,1,2025-10-07,,,,
9934183,Terry Rozier III #22,Basketball Cards 2024 Panini Mosaic,101,Ungraded,Normal wear,,,0,1,2025-10-02,,,,
9261154,Domantas Sabonis #49,Basketball Cards 2024 Panini Revolution,99,Ungraded,Normal wear,,,0,1,2025-10-02,,,,
7607987,Bruce Brown [Multi Wave Prizm] #202,Basketball Cards 2023 Panini Hoops Premium Stock,513,Ungraded,Normal wear,,,0,1,2025-10-08,,,,
1881490,Rollie Fingers #2,Baseball Cards 1981 Donruss,187,Ungraded,Normal wear,,,0,1,2025-10-08,,,,
8317708,Kia Nurse #16,Basketball Cards 2024 Panini Prizm Monopoly WNBA,150,Ungraded,Normal wear,,,0,1,2025-10-02,,,,
8549298,Adem Bona #267,Basketball Cards 2024 Panini Prizm,113,Ungraded,Normal wear,,,0,1,2025-10-02,,,,
6413792,Jarace Walker [Red Pattern] #36,Basketball Cards 2023 Panini Prizm Monopoly,399,Ungraded,Normal wear,,,0,1,2025-10-04,,,,
8703477,Nazem Kadri #271,Hockey Cards 2024 Upper Deck,101,Ungraded,Normal wear,,,0,1,2025-10-02,,,,
9641420,Jalen Green #199,Basketball Cards 2024 Topps Chrome,0,Ungraded,Normal wear,,,0,1,2025-10-07,,,,
8540427,Jalen Johnson [Red White Blue] #120,Basketball Cards 2024 Panini Prizm,178,Ungraded,Normal wear,,,0,1,2025-10-08,,,,
9491962,John Elway #13,Football Cards 2024 Topps Signature Class,150,Ungraded,Normal wear,,,0,1,2025-10-07,,,,
7373852,Bryce Young #TUR-BYO,Football Cards 2023 Panini Select Turbocharged,125,Ungraded,Normal wear,,,0,1,2025-10-02,,,,
728515,Brett Favre [Pinstripes] #52,Football Cards 2000 Pacific Aurora,275,Ungraded,Normal wear,,,0,1,2026-01-06,,,,ACoolAUCTION - $7 Lot of Football
9939010,Gradey Dick #98,Basketball Cards 2024 Panini Mosaic,99,Ungraded,Normal wear,,,0,1,2025-10-02,,,,
1964846,Cal Ripken Jr. #300,Baseball Cards 1993 Topps,189,Ungraded,Normal wear,,,0,1,2026-03-07,,,,
8705029,Aleksei Kolosov #490,Hockey Cards 2024 Upper Deck,118,Ungraded,Normal wear,,,0,1,2025-10-08,,,,
9007580,Breece Hall #156,Football Cards 2024 Panini Donruss Optic,11,Ungraded,Normal wear,,,0,1,2025-10-04,,,,
7933294,Jared Goff #71,Football Cards 2024 Panini Mosaic,100,Ungraded,Normal wear,,,0,1,2025-10-04,,,,
8534003,Saddiq Bey #44,Basketball Cards 2024 Panini Prizm,100,Ungraded,Normal wear,,,0,1,2025-08-30,,,,
9201808,Keon Coleman #111,Football Cards 2024 Topps Resurgence,100,Ungraded,Normal wear,,,0,1,2025-10-02,,,,
3134216,William Carrier #639,Hockey Cards 2020 Upper Deck,163,Ungraded,Normal wear,,,0,1,2025-10-08,,,,
8551674,Jrue Holiday [Orange Ice] #171,Basketball Cards 2024 Panini Prizm,142,Ungraded,Normal wear,,,0,1,2025-10-03,,,,
9577352,Thibaut Courtois #103,Soccer Cards 2024 Panini Select FIFA,99,Ungraded,Normal wear,,,0,1,2025-10-07,,,,
1936967,George Bell #1,Baseball Cards 1989 Topps,104,Ungraded,Normal wear,,,0,1,2025-10-08,,,,
6950987,Miguel Almiron #72,Soccer Cards 2023 Panini Select Premier League,99,Ungraded,Normal wear,,,0,1,2025-10-07,,,,
1920067,Dwight Gooden #250,Baseball Cards 1986 Topps,152,Ungraded,Normal wear,,,0,1,2026-01-16,2026-01-15,,,
9260007,Keyonte George #14,Basketball Cards 2024 Panini Revolution,99,Ungraded,Normal wear,,,0,1,2025-10-02,,,,
10216818,Jeff Gordon #15,Racing Cards 2025 Panini Donruss NASCAR,128,Ungraded,Normal wear,,,0,1,2025-10-07,,,,
9263705,Tyler Smith [Infinite] #128,Basketball Cards 2024 Panini Revolution,499,Ungraded,Normal wear,,,0,1,2025-08-13,,,,
10218150,Rajah Caruth #60,Racing Cards 2025 Panini Donruss NASCAR,114,Ungraded,Normal wear,,,0,1,2025-10-07,,,,
9260436,Paul George #29,Basketball Cards 2024 Panini Revolution,100,Ungraded,Normal wear,,,0,1,2025-10-02,,,,
8545429,Jordan Poole #184,Basketball Cards 2024 Panini Prizm,91,Ungraded,Normal wear,,,0,1,2025-10-08,,,,
8319160,Caitlin Clark #65,Basketball Cards 2024 Panini Prizm Monopoly WNBA,941,Ungraded,Normal wear,,,0,1,2025-08-31,,,,
8563538,Los Angeles Dodgers #302,Baseball Cards 2025 Topps,129,Ungraded,Normal wear,,,0,1,2025-10-14,,,,
9644959,Brandon Miller #BOD-14,Basketball Cards 2024 Topps Chrome Ball of Duty,137,Ungraded,Normal wear,,,0,1,2025-10-07,,,,
9934127,Jaime Jaquez Jr. #21,Basketball Cards 2024 Panini Mosaic,100,Ungraded,Normal wear,,,0,1,2025-10-02,,,,
9852978,Kai Kara-France #81,Ufc Cards 2025 Topps Chrome UFC,25,Ungraded,Normal wear,,,0,1,2025-10-07,,,,
1881841,Jim Rice #338,Baseball Cards 1981 Donruss,131,Ungraded,Normal wear,,,0,1,2026-03-08,,,,
9951065,Zaccharie Risacher #274,Basketball Cards 2024 Panini Mosaic,99,Ungraded,Normal wear,,,0,1,2025-10-03,,,,
1923191,Steve Sax #278,Baseball Cards 1987 Donruss,130,Ungraded,Normal wear,,,0,1,2025-12-10,2025-12-10,,,
3134243,Mathew Barzal #666,Hockey Cards 2020 Upper Deck,169,Ungraded,Normal wear,,,0,1,2025-10-08,,,,
276330,Big Al #25,Football Cards 2019 Panini Prizm Draft Picks,178,Ungraded,Normal wear,,,0,1,2026-01-16,2026-01-16,,,
8551143,Shaquille O'Neal #290,Basketball Cards 2024 Panini Prizm,99,Ungraded,Normal wear,,,0,1,2025-10-02,,,,
9936836,Chet Holmgren #63,Basketball Cards 2024 Panini Mosaic,50,Ungraded,Normal wear,,,0,1,2025-10-02,,,,
7601573,GG Jackson II #43,Basketball Cards 2023 Panini Hoops Premium Stock,41,Ungraded,Normal wear,,,0,1,2025-10-08,,,,
9944866,LaMelo Ball #190,Basketball Cards 2024 Panini Mosaic,228,Ungraded,Normal wear,,,0,1,2025-10-02,,,,
9758328,Keenan Allen #17,Football Cards 2024 Panini Contenders,99,Ungraded,Normal wear,,,0,1,2025-10-07,,,,
1956257,Andre Dawson [Winner] #460,Baseball Cards 1992 Topps Gold,141,Ungraded,Normal wear,,,0,1,2026-03-08,,,,
9635503,Damian Lillard #2,Basketball Cards 2024 Topps Chrome,100,Ungraded,Normal wear,,,0,1,2025-10-07,,,,
9266457,Dalton Knecht #4,Basketball Cards 2024 Panini Revolution New Wave,127,Ungraded,Normal wear,,,0,1,2026-01-16,2026-01-16,,,
9577686,Leandro Trossard #115,Soccer Cards 2024 Panini Select FIFA,223,Ungraded,Normal wear,,,0,1,2025-10-07,,,,
9508625,Isaac Bruce #ZO-20,Football Cards 2024 Topps Signature Class Zone Out,99,Ungraded,Normal wear,,,0,1,2025-10-07,,,,
9492234,Terrell Owens #42,Football Cards 2024 Topps Signature Class,16,Ungraded,Normal wear,,,0,1,2025-10-07,,,,
9267302,Ja Morant #2,Basketball Cards 2024 Panini Revolution Star Gazing,137,Ungraded,Normal wear,,,0,1,2026-02-21,2026-02-21,,,
9935827,Grant Williams #43,Basketball Cards 2024 Panini Mosaic,100,Ungraded,Normal wear,,,0,1,2025-10-02,,,,
8775441,Al Horford #150,Basketball Cards 2024 Panini Donruss,133,Ungraded,Normal wear,,,0,1,2025-10-08,,,,
8319491,Breanna Stewart #WNBA4,Basketball Cards 2024 Panini Prizm Monopoly WNBA Insert,182,Ungraded,Normal wear,,,0,1,2025-10-07,,,,
1881602,Tommy John #107,Baseball Cards 1981 Donruss,169,Ungraded,Normal wear,,,0,1,2025-10-08,,,,
9939570,Kevin Durant #112,Basketball Cards 2024 Panini Mosaic,135,Ungraded,Normal wear,,,0,1,2025-10-02,,,,
8768319,Derrick Jones Jr. #15,Basketball Cards 2024 Panini Donruss,50,Ungraded,Normal wear,,,0,1,2025-10-08,,,,
8563595,Pete Fairbanks #198,Baseball Cards 2025 Topps,99,Ungraded,Normal wear,,,0,1,2025-10-14,,,,
685836,Brett Favre #4,Football Cards 1998 Upper Deck UD Choice Starquest,152,Ungraded,Normal wear,,,3,1,2026-01-09,,,,ACoolAUCTION - $7 Lot of Football
7353797,Andre Jones #98,Football Cards 2023 Panini Select,99,Ungraded,Normal wear,,,0,1,2025-10-02,,,,
9904906,Moritz Seider #OPC-41,Hockey Cards 2024 Upper Deck O-Pee-Chee Glossy,111,Ungraded,Normal wear,,,0,1,2025-10-08,,,,
1932736,Nolan Ryan #225,Baseball Cards 1989 Bowman,145,Ungraded,Normal wear,,,0,1,2025-10-08,,,,
5827215,"Prospects: Girardi, Roomes #644",Baseball Cards 1989 Fleer,134,Ungraded,Normal wear,,,0,1,2026-03-07,,,,
7650671,Josh Jacobs #107,Football Cards 2024 Panini Prestige,123,Ungraded,Normal wear,,,0,1,2025-10-02,,,,
637872,Brett Favre #290,Football Cards 1991 Pro Set Platinum,158,Ungraded,Normal wear,,,33,1,2026-01-06,,,,ACoolAUCTION - $7 Lot of Football
9147118,Mark Borowiecki #576,Hockey Cards 2020 Upper Deck Extended Series,199,Ungraded,Normal wear,,,0,1,2025-10-04,,,,
9491822,Michael Vick #2,Football Cards 2024 Topps Signature Class,114,Ungraded,Normal wear,,,0,1,2025-10-07,,,,
9261372,Miles Bridges #57,Basketball Cards 2024 Panini Revolution,99,Ungraded,Normal wear,,,0,1,2025-10-04,,,,
8557188,Dillon Jones #240,Basketball Cards 2024 Panini Prizm,111,Ungraded,Normal wear,,,0,1,2025-10-02,,,,
7349678,Calais Campbell #5,Football Cards 2023 Panini Select,109,Ungraded,Normal wear,,,0,1,2025-10-02,,,,
7601372,Chet Holmgren #38,Basketball Cards 2023 Panini Hoops Premium Stock,99,Ungraded,Normal wear,,,0,1,2025-10-08,,,,
9387426,Noni Madueke [Magenta Refractor] #113,Soccer Cards 2024 Topps Chrome UEFA,0,Ungraded,Normal wear,,,0,1,2026-01-16,,,,
1934724,Howard Johnson #235,Baseball Cards 1989 Donruss,120,Ungraded,Normal wear,,,0,1,2026-01-16,2026-01-15,,,
9759005,Trevor Lawrence #46,Football Cards 2024 Panini Contenders,23,Ungraded,Normal wear,,,0,1,2025-10-07,,,,
1926814,Will Clark #78,Baseball Cards 1988 Fleer,140,Ungraded,Normal wear,,,3,1,2026-01-16,,,,
1925606,Darryl Strawberry #601,Baseball Cards 1987 Topps,179,Ungraded,Normal wear,,,0,1,2026-03-07,,,,
8776491,Cam Whitmore #167,Basketball Cards 2024 Panini Donruss,53,Ungraded,Normal wear,,,0,1,2025-10-08,,,,
9398300,Archie Gray #WK-5,Soccer Cards 2024 Topps Chrome UEFA Wonderkids,100,Ungraded,Normal wear,,,0,1,2025-10-07,,,,
9202016,Ja'Tavion Sanders #115,Football Cards 2024 Topps Resurgence,163,Ungraded,Normal wear,,,0,1,2025-10-02,,,,
10969532,Jayden Reed #264,Football Cards 2025 Panini Mosaic,192,Ungraded,Normal wear,,,0,1,2026-03-05,,,,
8704111,Erik Haula #352,Hockey Cards 2024 Upper Deck,93,Ungraded,Normal wear,,,0,1,2025-10-02,,,,
9853453,Manuel Torres [Prism Refractor] #96,Ufc Cards 2025 Topps Chrome UFC,179,Ungraded,Normal wear,,,0,1,2025-10-07,,,,
9199515,Tony Dorsett #28,Football Cards 2024 Topps Resurgence,125,Ungraded,Normal wear,,,0,1,2025-10-02,,,,
10733003,Jaylin Lane [Press Proof Silver] #335,Football Cards 2025 Panini Donruss,250,Ungraded,Normal wear,,,0,1,2025-11-21,,,,
10819521,Walter Clayton Jr. #218,Basketball Cards 2025 Topps,197,Ungraded,Normal wear,,,0,1,2026-03-10,,,,2025 - 26 TOPPS Flagship Basketball
6909186,Kyle Busch #52,Racing Cards 2024 Donruss NASCAR,254,Ungraded,Normal wear,,,0,1,2026-03-07,,,,
9384696,Phil Foden #47,Soccer Cards 2024 Topps Chrome UEFA,249,Ungraded,Normal wear,,,0,1,2025-10-02,,,,
8846186,Coby White [Green] #70,Basketball Cards 2024 Panini Prizm,149,Ungraded,Normal wear,,,0,1,2025-10-03,,,,
7610068,Bennedict Mathurin #254,Basketball Cards 2023 Panini Hoops Premium Stock,180,Ungraded,Normal wear,,,0,1,2025-10-08,,,,
7607820,Kevin Huerter #198,Basketball Cards 2023 Panini Hoops Premium Stock,121,Ungraded,Normal wear,,,0,1,2025-10-08,,,,
9636579,Lauri Markkanen #37,Basketball Cards 2024 Topps Chrome,121,Ungraded,Normal wear,,,0,1,2025-10-07,,,,
8776839,Kawhi Leonard #171,Basketball Cards 2024 Panini Donruss,36,Ungraded,Normal wear,,,0,1,2025-10-08,,,,
6958419,Jose Sa #20,Soccer Cards 2023 Panini Select Premier League Select Stars,25,Ungraded,Normal wear,,,0,1,2025-10-07,,,,
9760013,Will Levis #95,Football Cards 2024 Panini Contenders,99,Ungraded,Normal wear,,,0,1,2025-10-07,,,,
9205422,Stephen Davis [Blue Surge] #RM-SD,Football Cards 2024 Topps Resurgence Radial Marks Autograph,500,Ungraded,Normal wear,,,0,1,2025-10-03,,,,
8704848,Josh Morrissey #445,Hockey Cards 2024 Upper Deck,216,Ungraded,Normal wear,,,0,1,2025-10-02,,,,
8704569,Pontus Holmberg #417,Hockey Cards 2024 Upper Deck,150,Ungraded,Normal wear,,,0,1,2025-10-02,,,,
10002279,Spencer Strider #46,Baseball Cards 2025 Topps Chrome,148,Ungraded,Normal wear,,,0,1,2025-08-09,,,,
1888139,Tommy John #75,Baseball Cards 1982 Topps,161,Ungraded,Normal wear,,,0,1,2025-11-02,,,,
8141053,Tyreek Hill #65,Football Cards 2024 Panini Absolute,58,Ungraded,Normal wear,,,0,1,2025-10-02,,,,
8532310,Jeremy Sochan #23,Basketball Cards 2024 Panini Prizm,99,Ungraded,Normal wear,,,0,1,2025-08-31,,,,
8561384,Kyshawn George #19,Basketball Cards 2024 Panini Prizm Instant Impact,99,Ungraded,Normal wear,,,0,1,2025-08-31,,,,
8543485,Evan Mobley #148,Basketball Cards 2024 Panini Prizm,20,Ungraded,Normal wear,,,0,1,2025-10-02,,,,
8543978,Khris Middleton #153,Basketball Cards 2024 Panini Prizm,149,Ungraded,Normal wear,,,0,1,2025-10-02,,,,
9803480,Kevin Durant [Silver Prizm] #17,Basketball Cards 2024 Panini Select Certified,141,Ungraded,Normal wear,,,0,1,2025-12-01,,,,
3383752,Aaron Judge [70th Anniversary Celebration] #99,Baseball Cards 2021 Topps,159,Ungraded,Normal wear,,,0,1,2025-10-31,,,,
10217049,Chase Briscoe #22,Racing Cards 2025 Panini Donruss NASCAR,200,Ungraded,Normal wear,,,0,1,2025-10-07,,,,
1923110,Don Sutton #181,Baseball Cards 1987 Donruss,158,Ungraded,Normal wear,,,0,1,2025-12-10,2025-12-10,,,
10266391,Kawamatsu OP12-023,One Piece Legacy of the Master,9,Ungraded,Normal wear,,,0,1,2026-03-02,,,,
9105143,Tip Reiman #242,Football Cards 2024 Panini Phoenix,99,Ungraded,Normal wear,,,0,1,2025-10-02,,,,
9260436,Paul George #29,Basketball Cards 2024 Panini Revolution,100,Ungraded,Normal wear,,,0,1,2025-10-04,,,,
1885787,Tommy John #40,Baseball Cards 1982 Fleer,155,Ungraded,Normal wear,,,0,1,2026-03-05,,,,
8557736,Russell Westbrook #157,Basketball Cards 2024 Panini Prizm,25,Ungraded,Normal wear,,,0,1,2025-10-08,,,,
9209974,Devin Hester #V-25,Football Cards 2024 Topps Resurgence Voltaic,150,Ungraded,Normal wear,,,0,1,2025-10-03,,,,
8544837,Fred VanVleet [Red Ice] #170,Basketball Cards 2024 Panini Prizm,100,Ungraded,Normal wear,,,0,1,2025-10-02,,,,
3134217,Tomas Nosek #640,Hockey Cards 2020 Upper Deck,149,Ungraded,Normal wear,,,0,1,2025-10-08,,,,
11827037,Zero to Hero Hercules #IM-15,2025 Topps Chrome Disney Iconic Moments,179,Ungraded,Normal wear,,,0,1,2026-03-10,,,,
8774989,Scoot Henderson #143,Basketball Cards 2024 Panini Donruss,99,Ungraded,Normal wear,,,0,1,2025-10-08,,,,
3134246,Braden Holtby #669,Hockey Cards 2020 Upper Deck,169,Ungraded,Normal wear,,,0,1,2025-10-04,,,,
8770389,Collin Sexton #55,Basketball Cards 2024 Panini Donruss,99,Ungraded,Normal wear,,,0,1,2025-10-08,,,,
5868787,Elena Delle Donne #11,Basketball Cards 2023 Panini Prizm WNBA,23,Ungraded,Normal wear,,,0,1,2025-12-01,,,,
1876441,Luis Tiant #124,Baseball Cards 1978 O Pee Chee,154,Ungraded,Normal wear,,,0,1,2025-11-02,,,,
8320048,Dearica Hamby #WNBA23,Basketball Cards 2024 Panini Prizm Monopoly WNBA Insert,178,Ungraded,Normal wear,,,0,1,2025-10-02,,,,
10266409,Demon Aura Nine Sword Style Asura Blades Drawn Dead Man's Game OP12-037,One Piece Legacy of the Master,300,Ungraded,Normal wear,,,0,1,2026-03-02,,,,
5167674,Super Bowl XXV Replay #47,Football Cards 1991 Pro Set,145,Ungraded,Normal wear,,,0,1,2026-03-08,,,,
8546525,Malaki Branham #209,Basketball Cards 2024 Panini Prizm,99,Ungraded,Normal wear,,,0,1,2025-10-02,,,,
9492032,Jordan Love #17,Football Cards 2024 Topps Signature Class,134,Ungraded,Normal wear,,,0,1,2025-10-07,,,,
10196668,Giannis Antetokounmpo [Purple] #176,Basketball Cards 2024 Panini Donruss Optic,149,Ungraded,Normal wear,,,0,1,2025-10-08,,,,
8541192,Jusuf Nurkic #127,Basketball Cards 2024 Panini Prizm,199,Ungraded,Normal wear,,,0,1,2025-08-31,,,,
9851674,Yan Xiaonan #35,Ufc Cards 2025 Topps Chrome UFC,169,Ungraded,Normal wear,,,0,1,2025-10-07,,,,
10209992,Nikola Jokic #3,Basketball Cards 2024 Panini Donruss Optic Express Lane,142,Ungraded,Normal wear,,,0,1,2025-10-08,,,,
9949044,Dyson Daniels #139,Basketball Cards 2024 Panini Mosaic,125,Ungraded,Normal wear,,,0,1,2025-10-02,,,,
1877323,Graig Nettles #250,Baseball Cards 1978 Topps,171,Ungraded,Normal wear,,,0,1,2025-12-25,,,,
9387482,Emiliano Martinez #114,Soccer Cards 2024 Topps Chrome UEFA,149,Ungraded,Normal wear,,,0,1,2025-10-02,,,,
8550417,Pau Gasol #281,Basketball Cards 2024 Panini Prizm,99,Ungraded,Normal wear,,,0,1,2025-10-02,,,,
7601210,Jeremy Sochan #34,Basketball Cards 2023 Panini Hoops Premium Stock,55,Ungraded,Normal wear,,,0,1,2025-10-08,,,,
9552381,Macklin Celebrini #SS-7,Hockey Cards 2024 Upper Deck Silver Skates,1283,Ungraded,Normal wear,,,0,1,2025-10-02,,,,
9584815,Kevin De Bruyne #7,Soccer Cards 2024 Panini Select FIFA Unstoppable,150,Ungraded,Normal wear,,,0,1,2025-08-01,,,,
8540967,Desmond Bane #125,Basketball Cards 2024 Panini Prizm,99,Ungraded,Normal wear,,,0,1,2025-10-08,,,,
10192057,Naji Marshall #118,Basketball Cards 2024 Panini Donruss Optic,124,Ungraded,Normal wear,,,0,1,2025-10-08,,,,
8846262,CJ McCollum [Green] #160,Basketball Cards 2024 Panini Prizm,100,Ungraded,Normal wear,,,0,1,2025-10-03,,,,
1936970,Andre Dawson #4,Baseball Cards 1989 Topps,99,Ungraded,Normal wear,,,0,1,2025-10-08,,,,
5808934,James Worthy #92,Basketball Cards 1994 Ultra,165,Ungraded,Normal wear,,,0,1,2026-03-08,,,,
8563579,Brant Hurter #348,Baseball Cards 2025 Topps,92,Ungraded,Normal wear,,,0,1,2025-10-14,,,,
7606250,Derrick White #159,Basketball Cards 2023 Panini Hoops Premium Stock,94,Ungraded,Normal wear,,,0,1,2025-10-08,,,,
9261372,Miles Bridges #57,Basketball Cards 2024 Panini Revolution,99,Ungraded,Normal wear,,,0,1,2025-10-02,,,,
9259985,Luka Doncic #13,Basketball Cards 2024 Panini Revolution,159,Ungraded,Normal wear,,,0,1,2025-10-02,,,,
10818435,Josh Giddey #35,Basketball Cards 2025 Topps,99,Ungraded,Normal wear,,,0,1,2026-03-10,,,,2025 - 26 TOPPS Flagship Basketball
9938498,Rudy Gobert #89,Basketball Cards 2024 Panini Mosaic,125,Ungraded,Normal wear,,,0,1,2025-10-02,,,,
8704007,Jayden Struble #338,Hockey Cards 2024 Upper Deck,99,Ungraded,Normal wear,,,0,1,2025-10-02,,,,
3134193,Matt Nieto #616,Hockey Cards 2020 Upper Deck,137,Ungraded,Normal wear,,,0,1,2025-10-08,,,,
10838769,Jaime Jaquez Jr. #80BK-29,Basketball Cards 2025 Topps 1980,133,Ungraded,Normal wear,,,0,1,2026-03-10,,,,2025 - 26 TOPPS Flagship Basketball
9637203,Immanuel Quickley #57,Basketball Cards 2024 Topps Chrome,1,Ungraded,Normal wear,,,0,1,2025-10-07,,,,
8319010,Diamond DeShields #60,Basketball Cards 2024 Panini Prizm Monopoly WNBA,129,Ungraded,Normal wear,,,0,1,2025-10-02,,,,
10007246,Devin Williams #153,Baseball Cards 2025 Topps Chrome,136,Ungraded,Normal wear,,,0,1,2025-08-09,,,,
9550818,Connor Hellebuyck #673,Hockey Cards 2024 Upper Deck,99,Ungraded,Normal wear,,,0,1,2025-10-02,,,,
9639192,Quinten Post [Green Refractor] #121,Basketball Cards 2024 Topps Chrome,250,Ungraded,Normal wear,,,0,1,2026-01-16,2026-01-16,,,
8319366,Alissa Pili #72,Basketball Cards 2024 Panini Prizm Monopoly WNBA,125,Ungraded,Normal wear,,,0,1,2025-10-02,,,,
1925371,Mark McGwire #366,Baseball Cards 1987 Topps,346,Ungraded,Normal wear,,,0,1,2026-01-16,2026-01-15,,,
1861648,Luis Tiant #95,Baseball Cards 1971 Topps,1188000,Graded 9,Normal wear,,,0,9,2025-12-25,,,,
9383315,Chido Obi #14,Soccer Cards 2024 Topps Chrome UEFA,176,Ungraded,Normal wear,,,0,1,2025-10-02,,,,
10008268,Blake Snell #175,Baseball Cards 2025 Topps Chrome,115,Ungraded,Normal wear,,,0,1,2026-01-16,2026-01-15,,,
7372966,Tommy DeVito #CRO-TDE,Football Cards 2023 Panini Select Certified Rookie,131,Ungraded,Normal wear,,,0,1,2025-10-02,,,,
9578285,Kenan Yildiz [Pink Mojo] #138,Soccer Cards 2024 Panini Select FIFA,525,Ungraded,Normal wear,,,0,1,2025-08-01,,,,
9640289,Justin Edwards #161,Basketball Cards 2024 Topps Chrome,153,Ungraded,Normal wear,,,0,1,2025-10-07,,,,
7351982,Michael Mayer #57,Football Cards 2023 Panini Select,99,Ungraded,Normal wear,,,0,1,2025-10-02,,,,
8776288,Russell Westbrook #158,Basketball Cards 2024 Panini Donruss,107,Ungraded,Normal wear,,,0,1,2025-10-08,,,,
8542106,Nickeil Alexander-Walker [Pink] #135,Basketball Cards 2024 Panini Prizm,224,Ungraded,Normal wear,,,0,1,2025-10-03,,,,
7353268,Zach Charbonnet #86,Football Cards 2023 Panini Select,140,Ungraded,Normal wear,,,0,1,2025-10-02,,,,
1953194,Bernie Williams #247,Baseball Cards 1992 Fleer,106,Ungraded,Normal wear,,,0,1,2026-01-16,2026-01-15,,,
10488430,Jared McCain [Purple] #3,Basketball Cards 2024 Panini Donruss Optic Splash,140,Ungraded,Normal wear,,,0,1,2025-10-08,,,,
9383606,Folarin Balogun #21,Soccer Cards 2024 Topps Chrome UEFA,25,Ungraded,Normal wear,,,0,1,2025-10-02,,,,
9759181,Josh Palmer #56,Football Cards 2024 Panini Contenders,25,Ungraded,Normal wear,,,0,1,2025-10-07,,,,
1964587,Roberto Kelly #60,Baseball Cards 1993 Topps,169,Ungraded,Normal wear,,,0,1,2026-03-07,,,,
9782793,Donovan Clingan [Blue] #69,Basketball Cards 2024 Panini Select,85,Ungraded,Normal wear,,,0,1,2025-08-09,,,,
9388839,Aingeru Olabarrieta #146,Soccer Cards 2024 Topps Chrome UEFA,347,Ungraded,Normal wear,,,0,1,2025-10-02,,,,
1103910,Bo Jackson #330,Football Cards 1990 Panini Score,190,Ungraded,Normal wear,,,0,1,2026-01-08,,,,ACoolAUCTION - $7 Lot of Football
8319811,Jackie Young #WNBA15,Basketball Cards 2024 Panini Prizm Monopoly WNBA Insert,198,Ungraded,Normal wear,,,0,1,2025-10-07,,,,
7607780,Herbert Jones #197,Basketball Cards 2023 Panini Hoops Premium Stock,99,Ungraded,Normal wear,,,0,1,2025-10-08,,,,
9044812,LaMelo Ball [Sparkle] #31,Basketball Cards 2024 Panini Prizm Monopoly,0,Ungraded,Normal wear,,,0,1,2025-10-04,,,,
11634286,Mr.9 OP14-095,One Piece Azure Sea's Seven,7,Ungraded,Normal wear,,,0,1,2026-02-14,,,,
7351006,Sam LaPorta #35,Football Cards 2023 Panini Select,99,Ungraded,Normal wear,,,0,1,2025-10-02,,,,
10217341,Tyler Ankrum #32,Racing Cards 2025 Panini Donruss NASCAR,101,Ungraded,Normal wear,,,0,1,2025-10-07,,,,
8773237,Jalen Johnson #108,Basketball Cards 2024 Panini Donruss,100,Ungraded,Normal wear,,,0,1,2025-10-08,,,,
7349723,Drake London #6,Football Cards 2023 Panini Select,102,Ungraded,Normal wear,,,0,1,2025-10-02,,,,
8027604,Kyogo Furuhashi #140,Soccer Cards 2024 Topps UEFA,1,Ungraded,Normal wear,,,0,1,2025-10-07,,,,2024-25 Topps Chrome UEFA Club Competitions 
3134289,Cam Johnson #712,Hockey Cards 2020 Upper Deck,156,Ungraded,Normal wear,,,0,1,2025-10-02,,,,
3134204,Curtis McElhinney #627,Hockey Cards 2020 Upper Deck,137,Ungraded,Normal wear,,,0,1,2025-10-08,,,,
9387502,Emiliano Martinez [Wave Refractor] #114,Soccer Cards 2024 Topps Chrome UEFA,99,Ungraded,Normal wear,,,0,1,2025-10-07,,,,
7654415,Geno Smith #265,Football Cards 2024 Panini Prestige,113,Ungraded,Normal wear,,,0,1,2025-10-02,,,,
8563515,Niko Kavadas #278,Baseball Cards 2025 Topps,102,Ungraded,Normal wear,,,0,1,2025-10-14,,,,
9937068,Trey Murphy III [Reactive Blue] #68,Basketball Cards 2024 Panini Mosaic,179,Ungraded,Normal wear,,,0,1,2025-10-03,,,,
8544837,Fred VanVleet [Red Ice] #170,Basketball Cards 2024 Panini Prizm,100,Ungraded,Normal wear,,,0,1,2025-10-02,,,,
3134181,Nicolas Aube Kubel #604,Hockey Cards 2020 Upper Deck,162,Ungraded,Normal wear,,,0,1,2025-10-08,,,,
1120399,Brett Favre #484,Football Cards 1992 Upper Deck,138,Ungraded,Normal wear,,,33,1,2026-01-06,,,,ACoolAUCTION - $7 Lot of Football
1861580,Bert Blyleven #26,Baseball Cards 1971 Topps,211200,PSA 10,Normal wear,,,0,1,2025-12-25,,,,
8560689,Tristan da Silva #23,Basketball Cards 2024 Panini Prizm Emergent,127,Ungraded,Normal wear,,,0,1,2025-10-03,,,,
8532873,LaMelo Ball #30,Basketball Cards 2024 Panini Prizm,110,Ungraded,Normal wear,,,0,1,2025-08-30,,,,
9508250,Tom Brady #SC-6,Football Cards 2024 Topps Signature Class Star Cast,250,Ungraded,Normal wear,,,0,1,2025-10-07,,,,
10204728,Tyler Smith #292,Basketball Cards 2024 Panini Donruss Optic,99,Ungraded,Normal wear,,,0,1,2025-10-08,,,,
1923133,Reggie Jackson #210,Baseball Cards 1987 Donruss,125,Ungraded,Normal wear,,,0,1,2026-03-08,,,,
9260534,Jordan Poole #28,Basketball Cards 2024 Panini Revolution,70,Ungraded,Normal wear,,,0,1,2025-10-02,,,,
2036951,Tom Glavine #241,Baseball Cards 2000 Topps,159,Ungraded,Normal wear,,,0,1,2026-01-16,2026-01-16,,,
8318359,Brittney Sykes #38,Basketball Cards 2024 Panini Prizm Monopoly WNBA,76,Ungraded,Normal wear,,,0,1,2025-10-02,,,,
1937258,Darryl Strawberry #300,Baseball Cards 1989 Topps,168,Ungraded,Normal wear,,,0,1,2026-03-07,,,,
10818316,Jayson Tatum #1,Basketball Cards 2025 Topps,131,Ungraded,Normal wear,,,0,1,2026-03-10,,,,2025 - 26 TOPPS Flagship Basketball
8560635,Zach Edey #16,Basketball Cards 2024 Panini Prizm Emergent,119,Ungraded,Normal wear,,,0,1,2025-10-08,,,,
8319811,Jackie Young #WNBA15,Basketball Cards 2024 Panini Prizm Monopoly WNBA Insert,198,Ungraded,Normal wear,,,0,1,2025-10-07,,,,
9641302,DaRon Holmes II #195,Basketball Cards 2024 Topps Chrome,144,Ungraded,Normal wear,,,0,1,2025-10-07,,,,
9856099,Alexandre Pantoja #188,Ufc Cards 2025 Topps Chrome UFC,175,Ungraded,Normal wear,,,0,1,2025-10-07,,,,
10186832,De'Andre Hunter #50,Basketball Cards 2024 Panini Donruss Optic,12,Ungraded,Normal wear,,,0,1,2025-10-08,,,,
9577667,Bukayo Saka #112,Soccer Cards 2024 Panini Select FIFA,154,Ungraded,Normal wear,,,0,1,2025-10-07,,,,
1920351,Dennis Eckersley #538,Baseball Cards 1986 Topps,150,Ungraded,Normal wear,,,0,1,2026-03-05,,,,
10010944,Andrew Vaughn [Raywave] #235,Baseball Cards 2025 Topps Chrome,102,Ungraded,Normal wear,,,0,1,2025-08-09,,,,
1895869,Dave Winfield #8,Baseball Cards 1984 Topps All Star Glossy Set of 22,0,Ungraded,Normal wear,,,0,1,2025-10-08,,,,
8707651,Dylan Larkin #P-39,Hockey Cards 2024 Upper Deck UD Portraits,149,Ungraded,Normal wear,,,0,1,2025-10-04,,,,
10004439,Seth Lugo #94,Baseball Cards 2025 Topps Chrome,102,Ungraded,Normal wear,,,0,1,2025-08-09,,,,
1103588,Bo Jackson #10,Football Cards 1990 Panini Score,127,Ungraded,Normal wear,,,0,1,2026-01-08,,,,ACoolAUCTION - $7 Lot of Football
8318833,Nneka Ogwumike #54,Basketball Cards 2024 Panini Prizm Monopoly WNBA,140,Ungraded,Normal wear,,,0,1,2025-10-02,,,,
1946585,Jim Abbott #78,Baseball Cards 1991 Donruss,99,Ungraded,Normal wear,,,0,1,2026-03-08,,,,
4200093,Tony Fernandez #203,Baseball Cards 1992 Stadium Club,43,Ungraded,Normal wear,,,0,1,2026-03-08,2026-03-08,,,
8561369,Bub Carrington #17,Basketball Cards 2024 Panini Prizm Instant Impact,102,Ungraded,Normal wear,,,0,1,2025-10-07,,,,
7606210,RJ Barrett #158,Basketball Cards 2023 Panini Hoops Premium Stock,25,Ungraded,Normal wear,,,0,1,2025-10-08,,,,
10969686,Terrell Owens [Mosaic Reactive Yellow] #297,Football Cards 2025 Panini Mosaic,100,Ungraded,Normal wear,,,0,1,2026-03-05,,,,
9262440,Julius Randle #90,Basketball Cards 2024 Panini Revolution,114,Ungraded,Normal wear,,,0,1,2025-10-02,,,,
9262300,Jrue Holiday [Blue Storm] #82,Basketball Cards 2024 Panini Revolution,200,Ungraded,Normal wear,,,0,1,2025-08-13,,,,
9491833,Ray Lewis #3,Football Cards 2024 Topps Signature Class,27,Ungraded,Normal wear,,,0,1,2025-10-07,,,,
11012011,Roronoa Zoro OP13-037,One Piece Carrying on His Will,103,Ungraded,Normal wear,,,0,1,2026-03-02,,,,
3134249,Travis Konecny #672,Hockey Cards 2020 Upper Deck,179,Ungraded,Normal wear,,,0,1,2025-10-08,,,,
10199747,Julius Randle #224,Basketball Cards 2024 Panini Donruss Optic,74,Ungraded,Normal wear,,,0,1,2025-10-08,,,,
3134241,Tyler Seguin #664,Hockey Cards 2020 Upper Deck,149,Ungraded,Normal wear,,,0,1,2025-10-08,,,,
7613566,Donovan Mitchell #10,Basketball Cards 2023 Panini Hoops Premium Stock Anti Gravity,100,Ungraded,Normal wear,,,0,1,2025-10-08,,,,
9959432,Nikola Jokic #20,Basketball Cards 2024 Panini Mosaic Elevate,192,Ungraded,Normal wear,,,0,1,2026-01-16,,,,
1477639,George Brett #S-163,Baseball Cards 2017 Topps Salute,161,Ungraded,Normal wear,,,0,1,2025-11-12,,,,
533882,J.J. Watt #10,Football Cards 2014 Topps Platinum,159,Ungraded,Normal wear,,,0,1,2026-03-08,,,,
6578701,Dracule Mihawk ST12-003,One Piece Starter Deck 12,469,Ungraded,Normal wear,,,0,1,2026-03-02,,,,
3134257,Quinn Hughes #680,Hockey Cards 2020 Upper Deck,140,Ungraded,Normal wear,,,0,1,2025-10-04,,,,
8319990,Sheryl Swoopes #WNBA21,Basketball Cards 2024 Panini Prizm Monopoly WNBA Insert,121,Ungraded,Normal wear,,,0,1,2025-10-07,,,,
6911046,Kyle Busch #198,Racing Cards 2024 Donruss NASCAR,99,Ungraded,Normal wear,,,0,1,2026-03-06,2026-03-06,,,2024 DonRuss Racing NASCAR
8545502,Nick Smith Jr. #185,Basketball Cards 2024 Panini Prizm,99,Ungraded,Normal wear,,,0,1,2025-10-02,,,,
9960891,Stephon Castle #15,Basketball Cards 2024 Panini Mosaic Epic Performers,234,Ungraded,Normal wear,,,0,1,2025-10-03,,,,
9581208,Harry Kane [Ice] #210,Soccer Cards 2024 Panini Select FIFA,350,Ungraded,Normal wear,,,0,1,2025-10-07,,,,
9266013,Shai Gilgeous-Alexander #5,Basketball Cards 2024 Panini Revolution Hardwood Legacy,150,Ungraded,Normal wear,,,0,1,2026-01-16,2026-01-15,,,
7608306,Jose Alvarado #210,Basketball Cards 2023 Panini Hoops Premium Stock,112,Ungraded,Normal wear,,,0,1,2025-10-08,,,,
1925380,Ron Guidry #375,Baseball Cards 1987 Topps,152,Ungraded,Normal wear,,,0,1,2026-03-07,,,,
630045,Joe Theismann #390,Football Cards 1984 Topps,149,Ungraded,Normal wear,,,0,1,2025-11-12,,,,
2322811,Len Dykstra #740,Baseball Cards 1993 Topps,160,Ungraded,Normal wear,,,0,1,2026-03-07,,,,
9491998,Brett Favre #16,Football Cards 2024 Topps Signature Class,89,Ungraded,Normal wear,,,0,1,2025-10-07,,,,
6910788,Denny Hamlin #178,Racing Cards 2024 Donruss NASCAR,144,Ungraded,Normal wear,,,0,1,2026-03-07,,,,
9579023,Samu Aghehowa #149,Soccer Cards 2024 Panini Select FIFA,0,Ungraded,Normal wear,,,0,1,2025-08-07,,,,
1937662,David Cone #710,Baseball Cards 1989 Topps,54,Ungraded,Normal wear,,,0,1,2026-03-07,,,,
1885787,Tommy John #40,Baseball Cards 1982 Fleer,155,Ungraded,Normal wear,,,0,1,2026-03-05,,,,
9046039,Reed Sheppard [Red] #72,Basketball Cards 2024 Panini Prizm Monopoly,199,Ungraded,Normal wear,,,0,1,2025-10-04,,,,
8703984,Jared Spurgeon #336,Hockey Cards 2024 Upper Deck,123,Ungraded,Normal wear,,,0,1,2025-10-08,,,,
8779636,Cody Williams #230,Basketball Cards 2024 Panini Donruss,104,Ungraded,Normal wear,,,0,1,2025-10-08,,,,
8881841,Thomas Greiss #544,Hockey Cards 2020 Upper Deck Extended Series,149,Ungraded,Normal wear,,,0,1,2025-10-04,,,,
391792,Barry Sanders [Pink Pulsar Prizm] #11,Football Cards 2020 Panini Prizm Draft Picks,217,Ungraded,Normal wear,,,0,1,2026-01-09,,,,ACoolAUCTION - $7 Lot of Football
8767568,Daniel Gafford #1,Basketball Cards 2024 Panini Donruss,99,Ungraded,Normal wear,,,0,1,2025-10-08,,,,
1947042,Rickey Henderson #890,Baseball Cards 1991 Score,125,Ungraded,Normal wear,,,0,1,2025-12-25,,,,
10819284,Keegan Murray #166,Basketball Cards 2025 Topps,99,Ungraded,Normal wear,,,0,1,2026-03-10,,,,2025 - 26 TOPPS Flagship Basketball
1619013,Aroldis Chapman [Gold] #99,Baseball Cards 2019 Topps,180,Ungraded,Normal wear,,,0,1,2025-11-12,,,,
11143609,C.J. Stroud #136,Football Cards 2025 Panini Phoenix,130,Ungraded,Normal wear,,,0,1,2026-03-05,,,,2025 Panini Phoenix
8704467,Brayden Schenn #401,Hockey Cards 2024 Upper Deck,149,Ungraded,Normal wear,,,0,1,2025-10-08,,,,
8561243,Alexandre Sarr #1,Basketball Cards 2024 Panini Prizm Instant Impact,109,Ungraded,Normal wear,,,0,1,2025-10-07,,,,
9387415,Samu Aghehowa #110,Soccer Cards 2024 Topps Chrome UEFA,0,Ungraded,Normal wear,,,0,1,2025-10-02,,,,
1826558,Orlando Cepeda #343,Baseball Cards 1958 Topps,97430,Graded 8,Normal wear,,,5300,1,2026-01-08,2025-12-26,,,
7603788,Keyonte George #98,Basketball Cards 2023 Panini Hoops Premium Stock,144,Ungraded,Normal wear,,,0,1,2025-10-08,,,,
4423248,Lawrence Taylor #445,Football Cards 1991 Upper Deck,137,Ungraded,Normal wear,,,0,1,2026-01-09,,,,ACoolAUCTION - $7 Lot of Football
10975199,Ricky White III [Mosaic Reactive Yellow] #386,Football Cards 2025 Panini Mosaic,125,Ungraded,Normal wear,,,0,1,2026-03-05,,,,
7353841,Terry McLaurin #99,Football Cards 2023 Panini Select,105,Ungraded,Normal wear,,,0,1,2025-10-02,,,,
9550254,Chandler Stephenson #609,Hockey Cards 2024 Upper Deck,150,Ungraded,Normal wear,,,0,1,2025-10-02,,,,
9759927,DK Metcalf #91,Football Cards 2024 Panini Contenders,80,Ungraded,Normal wear,,,0,1,2025-10-07,,,,
3105137,Derek Grant #502,Hockey Cards 2020 Upper Deck Extended Series,70,Ungraded,Normal wear,,,0,1,2025-10-04,,,,
1964931,Todd Hundley #380,Baseball Cards 1993 Topps,132,Ungraded,Normal wear,,,0,1,2025-12-06,,,,
10201618,Dwyane Wade #231,Basketball Cards 2024 Panini Donruss Optic,185,Ungraded,Normal wear,,,0,1,2025-10-08,,,,
8560610,Donovan Clingan #13,Basketball Cards 2024 Panini Prizm Emergent,117,Ungraded,Normal wear,,,0,1,2025-10-08,,,,
8538373,Tyler Herro #98,Basketball Cards 2024 Panini Prizm,134,Ungraded,Normal wear,,,0,1,2025-08-31,,,,
11151454,Tommy Mellott #227,Football Cards 2025 Panini Phoenix,165,Ungraded,Normal wear,,,0,1,2026-03-05,,,,2025 Panini Phoenix
8543790,Collin Sexton [Red Ice] #151,Basketball Cards 2024 Panini Prizm,25,Ungraded,Normal wear,,,0,1,2025-10-02,,,,
4562452,Howie Long #257,Football Cards 1990 Fleer,45,Ungraded,Normal wear,,,0,1,2025-12-06,,,,
6956302,Jordan Pickford #42,Soccer Cards 2023 Panini Select Premier League,1,Ungraded,Normal wear,,,0,1,2025-10-07,,,,
9644576,Bronny James Jr. #149,Basketball Cards 2024 Topps Chrome,135,Ungraded,Normal wear,,,0,1,2025-10-07,,,,
9574868,Jonathan Tah #31,Soccer Cards 2024 Panini Select FIFA,1,Ungraded,Normal wear,,,0,1,2025-10-07,,,,
7603947,Ja Morant #102,Basketball Cards 2023 Panini Hoops Premium Stock,87,Ungraded,Normal wear,,,0,1,2025-10-08,,,,
9758720,Josh Jacobs #35,Football Cards 2024 Panini Contenders,81,Ungraded,Normal wear,,,0,1,2025-10-07,,,,
9778859,Zach LaVine #10,Basketball Cards 2024 Panini Select,149,Ungraded,Normal wear,,,0,1,2025-10-04,,,,
2826358,Dave Magadan #118,Baseball Cards 1992 Stadium Club,156,Ungraded,Normal wear,,,0,1,2026-03-08,2026-03-08,,,
10819067,Lauri Markkanen #129,Basketball Cards 2025 Topps,114,Ungraded,Normal wear,,,0,1,2026-03-10,,,,2025 Panini Phoenix
8552560,Alperen Sengun [Red Ice] #201,Basketball Cards 2024 Panini Prizm,158,Ungraded,Normal wear,,,0,1,2025-10-02,,,,
9855062,Ketlen Vieira #149,Ufc Cards 2025 Topps Chrome UFC,25,Ungraded,Normal wear,,,0,1,2025-10-07,,,,
9573927,Endrick #2,Soccer Cards 2024 Panini Select FIFA,102,Ungraded,Normal wear,,,0,1,2025-08-07,,,,
8533116,Gary Trent Jr. #33,Basketball Cards 2024 Panini Prizm,25,Ungraded,Normal wear,,,0,1,2025-08-31,,,,
10738562,Cam Ward #BS-CWD,Football Cards 2025 Panini Donruss Bomb Squad,499,Ungraded,Normal wear,,,0,1,2025-11-21,,,,
9937625,Anthony Black #76,Basketball Cards 2024 Panini Mosaic,126,Ungraded,Normal wear,,,0,1,2025-10-02,,,,
8025352,Yunus Musah #79,Soccer Cards 2024 Topps UEFA,33,Ungraded,Normal wear,,,0,1,2025-10-07,,,,
8704840,Nic Dowd #444,Hockey Cards 2024 Upper Deck,160,Ungraded,Normal wear,,,0,1,2025-10-02,,,,
8539499,Cam Whitmore [Red Ice] #110,Basketball Cards 2024 Panini Prizm,114,Ungraded,Normal wear,,,0,1,2025-10-02,,,,
7605277,Darius Garland #135,Basketball Cards 2023 Panini Hoops Premium Stock,99,Ungraded,Normal wear,,,0,1,2025-10-08,,,,
9102892,Joe Alt #204,Football Cards 2024 Panini Phoenix,42,Ungraded,Normal wear,,,0,1,2025-10-02,,,,
8551510,Tim Duncan #297,Basketball Cards 2024 Panini Prizm,144,Ungraded,Normal wear,,,0,1,2025-10-02,,,,
7610383,Josh Hart #262,Basketball Cards 2023 Panini Hoops Premium Stock,150,Ungraded,Normal wear,,,0,1,2025-10-08,,,,
10969908,Kurt Warner #300,Football Cards 2025 Panini Mosaic,86,Ungraded,Normal wear,,,0,1,2026-03-05,,,,
8537933,Julian Strawther [Red Pulsar] #92,Basketball Cards 2024 Panini Prizm,275,Ungraded,Normal wear,,,0,1,2025-10-03,,,,
8535776,Derrick White #66,Basketball Cards 2024 Panini Prizm,204,Ungraded,Normal wear,,,0,1,2025-08-31,,,,
1094967,Garo Yepremian #235,Football Cards 1980 Topps,99,Ungraded,Normal wear,,,0,1,2026-03-08,,,,
1881441,Tommy John #690,Baseball Cards 1980 Topps,100,Ungraded,Normal wear,,,0,1,2026-03-08,,,,
8555577,Hakeem Olajuwon #296,Basketball Cards 2024 Panini Prizm,106,Ungraded,Normal wear,,,0,1,2025-10-02,,,,
9758270,Bryce Young #14,Football Cards 2024 Panini Contenders,62,Ungraded,Normal wear,,,0,1,2025-10-07,,,,
1880037,Ken Singleton #30,Baseball Cards 1980 Kellogg's,201,Ungraded,Normal wear,,,0,1,2025-11-23,,,,
9758156,Derrick Henry #9,Football Cards 2024 Panini Contenders,25,Ungraded,Normal wear,,,104,1,2025-10-07,,,,
1885425,Fred Lynn #720,Baseball Cards 1981 Topps,164,Ungraded,Normal wear,,,0,1,2025-12-25,,,,
1937700,Bret Saberhagen #750,Baseball Cards 1989 Topps,80,Ungraded,Normal wear,,,0,1,2026-03-07,,,,
1097715,Ken Stabler #118,Football Cards 1983 Topps,169,Ungraded,Normal wear,,,0,1,2025-11-12,,,,
9491866,Jim McMahon #6,Football Cards 2024 Topps Signature Class,76,Ungraded,Normal wear,,,0,1,2025-10-07,,,,
5108296,Chili Davis #182,Baseball Cards 1995 Topps Cyberstats,25,Ungraded,Normal wear,,,0,1,2025-12-06,,,,
9759439,Rhamondre Stevenson #68,Football Cards 2024 Panini Contenders,63,Ungraded,Normal wear,,,0,1,2025-10-07,,,,
9948213,Baylor Scheierman #245,Basketball Cards 2024 Panini Mosaic,103,Ungraded,Normal wear,,,0,1,2025-10-02,,,,
8545502,Nick Smith Jr. #185,Basketball Cards 2024 Panini Prizm,99,Ungraded,Normal wear,,,0,1,2025-10-08,,,,
8550300,Ron Holland II #269,Basketball Cards 2024 Panini Prizm,99,Ungraded,Normal wear,,,0,1,2025-10-02,,,,
11135226,Dak Prescott #29,Football Cards 2025 Panini Phoenix,126,Ungraded,Normal wear,,,0,1,2026-03-05,,,,2025 Panini Phoenix
9492370,Shaun Alexander #57,Football Cards 2024 Topps Signature Class,16,Ungraded,Normal wear,,,0,1,2025-10-07,,,,
8545775,T.J. McConnell #191,Basketball Cards 2024 Panini Prizm,142,Ungraded,Normal wear,,,0,1,2025-10-02,,,,
8320285,Celeste Taylor #66,Basketball Cards 2024 Panini Prizm Monopoly WNBA,148,Ungraded,Normal wear,,,0,1,2025-10-02,,,,
1946656,Roger Clemens #395,Baseball Cards 1991 Donruss,159,Ungraded,Normal wear,,,0,1,2026-01-16,2026-01-15,,,
9200602,Phil Simms #73,Football Cards 2024 Topps Resurgence,119,Ungraded,Normal wear,,,0,1,2025-10-02,,,,
9551066,Mats Zuccarello #566,Hockey Cards 2024 Upper Deck,99,Ungraded,Normal wear,,,0,1,2025-10-02,,,,
9960248,Ja Morant [Green] #12,Basketball Cards 2024 Panini Mosaic Jam Masters,142,Ungraded,Normal wear,,,0,1,2025-10-03,,,,
9493738,Bucky Irving #184,Football Cards 2024 Topps Signature Class,130,Ungraded,Normal wear,,,0,1,2025-10-07,,,,
8551639,Rudy Gobert #159,Basketball Cards 2024 Panini Prizm,99,Ungraded,Normal wear,,,0,1,2025-10-02,,,,
8550574,Yao Ming [Red White Blue] #284,Basketball Cards 2024 Panini Prizm,100,Ungraded,Normal wear,,,0,1,2025-10-02,,,,
8538841,Jalen Green #102,Basketball Cards 2024 Panini Prizm,6,Ungraded,Normal wear,,,0,1,2025-10-08,,,,
11634290,Edward.Newgate OP14-044,One Piece Azure Sea's Seven,7,Ungraded,Normal wear,,,0,1,2026-02-14,,,,
9757979,Trey McBride #1,Football Cards 2024 Panini Contenders,99,Ungraded,Normal wear,,,0,1,2025-10-07,,,,
9946005,Terrence Shannon Jr. [Reactive Blue] #205,Basketball Cards 2024 Panini Mosaic,211,Ungraded,Normal wear,,,0,1,2025-10-03,,,,
8545545,Lauri Markkanen #186,Basketball Cards 2024 Panini Prizm,100,Ungraded,Normal wear,,,0,1,2025-10-08,,,,
8846119,Deni Avdija [Green] #13,Basketball Cards 2024 Panini Prizm,162,Ungraded,Normal wear,,,0,1,2025-10-03,,,,
10266415,Luffy Is the Man Who Will Become the King of Pirates!!! OP12-039,One Piece Legacy of the Master,43,Ungraded,Normal wear,,,0,1,2026-03-02,,,,
9764929,J.J. McCarthy #9,Football Cards 2024 Panini Contenders Rookie Stallions,102,Ungraded,Normal wear,,,0,1,2025-10-07,,,,
8563349,Randy Arozarena #111,Baseball Cards 2025 Topps,142,Ungraded,Normal wear,,,0,1,2025-10-14,,,,
9575743,Julian Alvarez [Purple Mojo] #59,Soccer Cards 2024 Panini Select FIFA,87,Ungraded,Normal wear,,,0,1,2025-08-07,,,,
8768200,Saddiq Bey #13,Basketball Cards 2024 Panini Donruss,99,Ungraded,Normal wear,,,0,1,2025-10-08,,,,
10266403,Tashigi OP12-031,One Piece Legacy of the Master,157,Ungraded,Normal wear,,,0,1,2026-03-02,,,,
2129640,Albert Pujols #331,Baseball Cards 2012 Topps,186,Ungraded,Normal wear,,,0,1,2026-01-16,2026-01-16,,,
8704032,Kirby Dach #342,Hockey Cards 2024 Upper Deck,122,Ungraded,Normal wear,,,0,1,2025-10-02,,,,
8536665,Jabari Smith Jr. #77,Basketball Cards 2024 Panini Prizm,100,Ungraded,Normal wear,,,0,1,2025-08-31,,,,
9261220,Anfernee Simons #52,Basketball Cards 2024 Panini Revolution,118,Ungraded,Normal wear,,,0,1,2025-10-04,,,,
1933711,Homeruns Coast to Coast: Darryl Strawberry / Will Clark #632,Baseball Cards 1989 Fleer,43,Ungraded,Normal wear,,,0,1,2025-11-12,,,,
1947012,Kirby Puckett #855,Baseball Cards 1991 Score,155,Ungraded,Normal wear,,,0,1,2025-12-25,,,,
8770582,Bol Bol #56,Basketball Cards 2024 Panini Donruss,149,Ungraded,Normal wear,,,0,1,2025-10-08,,,,
1888929,Joe Niekro #611,Baseball Cards 1982 Topps,130,Ungraded,Normal wear,,,0,1,2025-12-10,2025-12-10,,,
9493384,Theo Johnson #158,Football Cards 2024 Topps Signature Class,135,Ungraded,Normal wear,,,0,1,2025-10-07,,,,
9939441,Julian Champagnie #109,Basketball Cards 2024 Panini Mosaic,100,Ungraded,Normal wear,,,0,1,2025-10-02,,,,
7373268,Sam Howell #FUT-SHO,Football Cards 2023 Panini Select Future,75,Ungraded,Normal wear,,,0,1,2025-10-02,,,,
8704213,Filip Chytil #365,Hockey Cards 2024 Upper Deck,177,Ungraded,Normal wear,,,0,1,2025-10-02,,,,
8317439,Alysha Clark #7,Basketball Cards 2024 Panini Prizm Monopoly WNBA,137,Ungraded,Normal wear,,,0,1,2025-10-02,,,,
9636086,Aaron Nesmith #21,Basketball Cards 2024 Topps Chrome,25,Ungraded,Normal wear,,,0,1,2025-10-07,,,,
9579952,Mateo Retegui #185,Soccer Cards 2024 Panini Select FIFA,11,Ungraded,Normal wear,,,0,1,2025-10-07,,,,
9953776,Anton Watson #37,Basketball Cards 2024 Panini Mosaic Rookie Autograph,279,Ungraded,Normal wear,,,0,1,2025-10-03,,,,
1104798,"Joe Montana [Kelly 3,521 Yds.] #2",Football Cards 1990 Pro Set,169,Ungraded,Normal wear,,,0,1,2026-01-06,,,,ACoolAUCTION - $7 Lot of Football
10266409,Demon Aura Nine Sword Style Asura Blades Drawn Dead Man's Game OP12-037,One Piece Legacy of the Master,300,Ungraded,Normal wear,,,0,1,2026-03-02,,,,
5606524,Gregg Jefferies #13,Baseball Cards 1989 Topps Glossy Rookies,139,Ungraded,Normal wear,,,0,1,2026-03-08,,,,
9267891,Chet Holmgren #25,Basketball Cards 2024 Panini Revolution Vortex,141,Ungraded,Normal wear,,,0,1,2025-08-13,,,,
1932926,Doug Drabek #416,Baseball Cards 1989 Bowman,150,Ungraded,Normal wear,,,0,1,2026-03-07,,,,
8777987,P.J. Washington Jr. #195,Basketball Cards 2024 Panini Donruss,50,Ungraded,Normal wear,,,0,1,2025-10-08,,,,
8563453,Hunter Greene #216,Baseball Cards 2025 Topps,129,Ungraded,Normal wear,,,0,1,2025-10-14,,,,
9942612,RJ Barrett #158,Basketball Cards 2024 Panini Mosaic,183,Ungraded,Normal wear,,,0,1,2025-10-02,,,,
9758515,CeeDee Lamb #26,Football Cards 2024 Panini Contenders,133,Ungraded,Normal wear,,,0,1,2025-10-07,,,,
5917169,Dennis Eckersley #16,Baseball Cards 1989 Topps All Star Glossy Set of 60,0,Ungraded,Normal wear,,,0,1,2026-03-07,,,,
10818566,Josh Hart #16,Basketball Cards 2025 Topps,112,Ungraded,Normal wear,,,0,1,2026-03-10,,,,2025 - 26 TOPPS Flagship Basketball
11056877,Monkey D Luffy [Metallic] #2138,Funko POP Animation,2399,Brand New,Normal wear,,,0,1,2025-11-22,,,,
10002854,Samuel Aldegheri [Sepia] #59,Baseball Cards 2025 Topps Chrome,169,Ungraded,Normal wear,,,0,1,2025-08-09,,,,
1103588,Bo Jackson #10,Football Cards 1990 Panini Score,127,Ungraded,Normal wear,,,0,1,2026-01-08,,,,ACoolAUCTION - $7 Lot of Football
9261362,Jalen Williams #55,Basketball Cards 2024 Panini Revolution,136,Ungraded,Normal wear,,,0,1,2025-10-02,,,,
6134262,Randall Cunningham #386,Football Cards 1990 Pro Set,137,Ungraded,Normal wear,,,0,1,2026-03-05,,,,
8563393,Brandon Lowe #153,Baseball Cards 2025 Topps,74,Ungraded,Normal wear,,,0,1,2025-10-14,,,,
1892786,Ron Roenicke #113,Baseball Cards 1983 Topps,131,Ungraded,Normal wear,,,0,1,2025-12-25,,,,
632981,Bo Jackson #185,Football Cards 1989 Pro Set,159,Ungraded,Normal wear,,,0,1,2026-03-08,,,,
9947601,Jonathan Mogbo #235,Basketball Cards 2024 Panini Mosaic,131,Ungraded,Normal wear,,,0,1,2025-10-02,,,,
7613993,Shai Gilgeous-Alexander #26,Basketball Cards 2023 Panini Hoops Premium Stock City Edition,163,Ungraded,Normal wear,,,0,1,2025-10-08,,,,
10965300,Dwight Freeney #185,Football Cards 2025 Panini Mosaic,157,Ungraded,Normal wear,,,0,1,2026-03-05,,,,
8705442,Arber Xhekaj #BP-23,Hockey Cards 2024 Upper Deck Bang For Your Puck,121,Ungraded,Normal wear,,,0,1,2025-10-04,,,,
9636318,Jaylen Brown [Green Refractor] #28,Basketball Cards 2024 Topps Chrome,125,Ungraded,Normal wear,,,0,1,2026-01-16,2026-01-16,,,
9641340,James Harden #198,Basketball Cards 2024 Topps Chrome,70,Ungraded,Normal wear,,,0,1,2025-10-07,,,,
9793196,Tristan da Silva #167,Basketball Cards 2024 Panini Select,100,Ungraded,Normal wear,,,0,1,2025-10-04,,,,
9044782,Kel'el Ware [Sparkle] #30,Basketball Cards 2024 Panini Prizm Monopoly,0,Ungraded,Normal wear,,,0,1,2025-10-04,,,,
8544379,CJ McCollum #160,Basketball Cards 2024 Panini Prizm,7,Ungraded,Normal wear,,,0,1,2025-10-08,,,,
10432104,Mega Box,Soccer Cards 2025 Panini Prizm FIFA,4967,Ungraded,Normal wear,,,0,1,2026-01-11,,,,
9758612,Patrick Surtain II #30,Football Cards 2024 Panini Contenders,201,Ungraded,Normal wear,,,0,1,2025-10-07,,,,
9758655,Jahmyr Gibbs #32,Football Cards 2024 Panini Contenders,138,Ungraded,Normal wear,,,0,1,2025-10-07,,,,
2036991,Cristian Guzman #302,Baseball Cards 2000 Topps,142,Ungraded,Normal wear,,,0,1,2025-12-25,,,,
8775113,Keldon Johnson #145,Basketball Cards 2024 Panini Donruss,99,Ungraded,Normal wear,,,0,1,2025-10-08,,,,
11634344,Senor Pink OP14-065,One Piece Azure Sea's Seven,4,Ungraded,Normal wear,,,0,1,2026-02-14,,,,
10819561,Nique Clifford #224,Basketball Cards 2025 Topps,117,Ungraded,Normal wear,,,0,1,2026-03-10,,,,2025 - 26 TOPPS Flagship Basketball
11822479,Philoctetes #46,2025 Topps Chrome Disney,144,Ungraded,Normal wear,,,0,1,2026-03-10,,,,
9260293,Draymond Green #23,Basketball Cards 2024 Panini Revolution,6,Ungraded,Normal wear,,,0,1,2025-10-02,,,,
1932987,Donell Nixon #477,Baseball Cards 1989 Bowman,17,Ungraded,Normal wear,,,0,1,2025-10-08,,,,
9261569,Pascal Siakam #63,Basketball Cards 2024 Panini Revolution,186,Ungraded,Normal wear,,,0,1,2025-10-02,,,,
10819555,Asa Newell #223,Basketball Cards 2025 Topps,99,Ungraded,Normal wear,,,0,1,2026-03-10,,,,2025 - 26 TOPPS Flagship Basketball
8563398,Jesus Sanchez #157,Baseball Cards 2025 Topps,142,Ungraded,Normal wear,,,0,1,2025-10-14,,,,
9904914,Will Smith #OPC-45,Hockey Cards 2024 Upper Deck O-Pee-Chee Glossy,145,Ungraded,Normal wear,,,0,1,2025-10-08,,,,
9507829,Kurt Warner #BCV-1,Football Cards 2024 Topps Signature Class Veteran Chrome Variation,99,Ungraded,Normal wear,,,0,1,2025-10-07,,,,
8705015,Declan Carlile #467,Hockey Cards 2024 Upper Deck,154,Ungraded,Normal wear,,,0,1,2025-10-04,,,,
8556101,Duncan Robinson #190,Basketball Cards 2024 Panini Prizm,125,Ungraded,Normal wear,,,0,1,2025-10-02,,,,
1937611,Dwight Gooden #661,Baseball Cards 1989 Topps,123,Ungraded,Normal wear,,,0,1,2026-01-16,2026-01-16,,,
9090683,Cody Williams [Red Wave] #35,Basketball Cards 2024 Panini Prizm Monopoly,130,Ungraded,Normal wear,,,0,1,2025-10-04,,,,
8531596,Rui Hachimura #14,Basketball Cards 2024 Panini Prizm,99,Ungraded,Normal wear,,,0,1,2025-10-08,,,,
1964573,Roberto Alomar #50,Baseball Cards 1993 Topps,124,Ungraded,Normal wear,,,0,1,2026-03-07,,,,
8776854,Bobby Portis #160,Basketball Cards 2024 Panini Donruss,7,Ungraded,Normal wear,,,0,1,2025-10-08,,,,
8539140,Bogdan Bogdanovic [Purple Pulsar] #105,Basketball Cards 2024 Panini Prizm,500,Ungraded,Normal wear,,,0,1,2025-10-03,,,,
9266560,Nikola Topic #22,Basketball Cards 2024 Panini Revolution New Wave,100,Ungraded,Normal wear,,,0,1,2025-10-04,,,,
9640169,CJ McCollum #157,Basketball Cards 2024 Topps Chrome,25,Ungraded,Normal wear,,,0,1,2025-10-07,,,,
10217137,AJ Allmendinger #25,Racing Cards 2025 Panini Donruss NASCAR,123,Ungraded,Normal wear,,,0,1,2025-10-07,,,,
1103910,Bo Jackson #330,Football Cards 1990 Panini Score,190,Ungraded,Normal wear,,,0,1,2026-01-08,,,,ACoolAUCTION - $7 Lot of Football
8704602,Logan Cooley #419,Hockey Cards 2024 Upper Deck,62,Ungraded,Normal wear,,,0,1,2025-10-08,,,,
9933495,Max Strus #11,Basketball Cards 2024 Panini Mosaic,299,Ungraded,Normal wear,,,0,1,2025-10-02,,,,
11160956,Tetairoa McMillan #7,Football Cards 2025 Panini Phoenix Thunderbirds,160,Ungraded,Normal wear,,,0,1,2026-03-05,,,,2025 Panini Phoenix
5868897,Jackie Young #121,Basketball Cards 2023 Panini Prizm WNBA,17,Ungraded,Normal wear,,,0,1,2025-10-04,,,,
1095122,John Riggins #390,Football Cards 1980 Topps,178,Ungraded,Normal wear,,,0,1,2025-12-25,,,,
6042216,Jorge Posada #42,Baseball Cards 2001 Topps Opening Day,159,Ungraded,Normal wear,,,0,1,2025-12-01,,,,
8027985,Luka Modric #149,Soccer Cards 2024 Topps UEFA,199,Ungraded,Normal wear,,,0,1,2025-10-07,,,,2024-25 Topps Chrome UEFA Club Competitions 
1885072,Graig Nettles #365,Baseball Cards 1981 Topps,165,Ungraded,Normal wear,,,0,1,2025-12-25,,,,
9939348,Nicolas Claxton #106,Basketball Cards 2024 Panini Mosaic,275,Ungraded,Normal wear,,,0,1,2025-10-02,,,,
8139956,CeeDee Lamb #27,Football Cards 2024 Panini Absolute,100,Ungraded,Normal wear,,,0,1,2025-10-02,,,,
5868893,Cheyenne Parker #117,Basketball Cards 2023 Panini Prizm WNBA,6,Ungraded,Normal wear,,,0,1,2025-10-04,,,,
4514424,Derrick Lewis #80,Ufc Cards 2022 Panini Donruss Optic UFC,104,Ungraded,Normal wear,,,0,1,2025-10-02,,,,
9387352,Marcus Thuram #111,Soccer Cards 2024 Topps Chrome UEFA,499,Ungraded,Normal wear,,,0,1,2025-10-02,,,,
8542842,Terry Rozier III #142,Basketball Cards 2024 Panini Prizm,100,Ungraded,Normal wear,,,0,1,2025-08-31,,,,
8317469,Ezi Magbegor #8,Basketball Cards 2024 Panini Prizm Monopoly WNBA,149,Ungraded,Normal wear,,,0,1,2025-10-02,,,,
8777915,Brandon Miller #197,Basketball Cards 2024 Panini Donruss,33,Ungraded,Normal wear,,,0,1,2025-10-08,,,,
3134278,Arthur Kaliyev #701,Hockey Cards 2020 Upper Deck,192,Ungraded,Normal wear,,,0,1,2025-10-04,,,,
9646410,Stephon Castle #ST-13,Basketball Cards 2024 Topps Chrome Show and Tell,149,Ungraded,Normal wear,,,0,1,2025-10-07,,,,
9262016,Nikola Vucevic #80,Basketball Cards 2024 Panini Revolution,25,Ungraded,Normal wear,,,0,1,2025-10-02,,,,
8768619,James Harden #21,Basketball Cards 2024 Panini Donruss,125,Ungraded,Normal wear,,,0,1,2025-10-08,,,,
9758350,DJ Moore #18,Football Cards 2024 Panini Contenders,90,Ungraded,Normal wear,,,0,1,2025-10-07,,,,
9764250,Brock Bowers #7,Football Cards 2024 Panini Contenders Draft Class,104,Ungraded,Normal wear,,,0,1,2025-10-07,,,,
391792,Barry Sanders [Pink Pulsar Prizm] #11,Football Cards 2020 Panini Prizm Draft Picks,217,Ungraded,Normal wear,,,0,1,2026-01-09,,,,ACoolAUCTION - $7 Lot of Football
1882910,Dave Kingman #291,Baseball Cards 1981 Fleer,150,Ungraded,Normal wear,,,0,1,2025-12-01,,,,
9491944,Peyton Manning #20,Football Cards 2024 Topps Signature Class,118,Ungraded,Normal wear,,,0,1,2025-10-07,,,,
7608954,Deni Avdija #226,Basketball Cards 2023 Panini Hoops Premium Stock,199,Ungraded,Normal wear,,,0,1,2025-10-08,,,,
9758471,Dak Prescott #25,Football Cards 2024 Panini Contenders,169,Ungraded,Normal wear,,,0,1,2025-10-07,,,,
11827097,Forky #FS-8,2025 Topps Chrome Disney Future Stars,247,Ungraded,Normal wear,,,0,1,2026-03-10,,,,
8534966,Mark Williams #56,Basketball Cards 2024 Panini Prizm,25,Ungraded,Normal wear,,,0,1,2025-08-31,,,,
1108420,Bo Jackson #10,Football Cards 1991 Fleer All Pro,200,Ungraded,Normal wear,,,33,1,2026-01-08,2025-12-26,,,ACoolAUCTION - $7 Lot of Football
7604026,Jarrett Allen #104,Basketball Cards 2023 Panini Hoops Premium Stock,83,Ungraded,Normal wear,,,0,1,2025-10-08,,,,
9550799,Rasmus Dahlin #671,Hockey Cards 2024 Upper Deck,63,Ungraded,Normal wear,,,0,1,2025-10-02,,,,
11012029,Yamato [Alternate Art] OP13-054,One Piece Carrying on His Will,1999,Ungraded,Normal wear,,,0,1,2026-01-09,,,,ACoolONEPIECE - OP-13 - One Piece Carrying on His Will
3465862,Edgardo Alfonzo #81,Baseball Cards 2002 Stadium Club,140,Ungraded,Normal wear,,,0,1,2026-03-08,2026-03-08,,,
10819745,Brooks Barnhizer #245,Basketball Cards 2025 Topps,108,Ungraded,Normal wear,,,0,1,2026-03-10,,,,2025 - 26 TOPPS Flagship Basketball
9492849,Jonah Elliss #101,Football Cards 2024 Topps Signature Class,107,Ungraded,Normal wear,,,0,1,2025-10-07,,,,
1888029,Steve Carlton #1,Baseball Cards 1982 Topps,140,Ungraded,Normal wear,,,0,1,2025-11-02,,,,
11821789,Heihei #19,2025 Topps Chrome Disney,260,Ungraded,Normal wear,,,0,1,2026-03-10,,,,
6912053,Harrison Burton [Orange Velocity Optic] #67,Racing Cards 2024 Donruss NASCAR,300,Ungraded,Normal wear,,,0,1,2026-03-07,,,,
9261896,Naz Reid #72,Basketball Cards 2024 Panini Revolution,147,Ungraded,Normal wear,,,0,1,2025-10-04,,,,
8704587,Nick Bjugstad #418,Hockey Cards 2024 Upper Deck,126,Ungraded,Normal wear,,,0,1,2025-10-02,,,,
1964631,Howard Johnson #106,Baseball Cards 1993 Topps,100,Ungraded,Normal wear,,,0,1,2025-11-12,,,,
9203084,Isaiah Davis #169,Football Cards 2024 Topps Resurgence,146,Ungraded,Normal wear,,,0,1,2025-10-02,,,,
1968907,Barry Bonds #1,Baseball Cards 1994 Score,134,Ungraded,Normal wear,,,0,1,2025-12-25,,,,
1897581,Pete Rose #300,Baseball Cards 1984 Topps,163,Ungraded,Normal wear,,,0,1,2025-12-17,,,,
1946963,Darryl Strawberry #691,Baseball Cards 1991 Score,148,Ungraded,Normal wear,,,0,1,2025-12-25,,,,
10018185,Willson Contreras #82,Baseball Cards 2025 Topps Chrome,134,Ungraded,Normal wear,,,0,1,2025-10-07,,,,
10008360,Luis Robert Jr. [Raywave] #177,Baseball Cards 2025 Topps Chrome,100,Ungraded,Normal wear,,,0,1,2025-08-09,,,,
10080039,Christopher Tanev #520,Hockey Cards 2020 Upper Deck Extended Series,215,Ungraded,Normal wear,,,0,1,2025-10-04,,,,
9262122,Chet Holmgren #86,Basketball Cards 2024 Panini Revolution,197,Ungraded,Normal wear,,,0,1,2025-10-04,,,,
1864143,Bert Blyleven #515,Baseball Cards 1972 Topps,1557280,PSA 10,Normal wear,,,0,10,2025-11-23,,PSA,,
8540986,Desmond Bane [Red Ice] #125,Basketball Cards 2024 Panini Prizm,100,Ungraded,Normal wear,,,0,1,2025-10-02,,,,
8548699,Jonathan Mogbo #260,Basketball Cards 2024 Panini Prizm,140,Ungraded,Normal wear,,,0,1,2025-10-02,,,,
9794169,Rob Dillingham [Blue] #187,Basketball Cards 2024 Panini Select,170,Ungraded,Normal wear,,,0,1,2025-08-08,,,,
9387431,Noni Madueke [Magenta Prism Refractor] #113,Soccer Cards 2024 Topps Chrome UEFA,0,Ungraded,Normal wear,,,0,1,2025-10-07,,,,
10266393,Koushirou OP12-027,One Piece Legacy of the Master,20,Ungraded,Normal wear,,,0,1,2026-03-02,,,,
8536583,Jonas Valanciunas #76,Basketball Cards 2024 Panini Prizm,59,Ungraded,Normal wear,,,0,1,2025-10-08,,,,
3134233,Connor Hellebuyck #656,Hockey Cards 2020 Upper Deck,115,Ungraded,Normal wear,,,0,1,2025-10-08,,,,
1932881,Bob Ojeda #371,Baseball Cards 1989 Bowman,25,Ungraded,Normal wear,,,0,1,2025-10-08,,,,
9852986,Myktybek Orolbai #77,Ufc Cards 2025 Topps Chrome UFC,137,Ungraded,Normal wear,,,0,1,2025-10-07,,,,
8547738,Johnny Furphy [Red Ice] #237,Basketball Cards 2024 Panini Prizm,176,Ungraded,Normal wear,,,0,1,2025-10-02,,,,
9759970,Mike Evans #93,Football Cards 2024 Panini Contenders,14,Ungraded,Normal wear,,,0,1,2025-10-07,,,,
824849,Brett Favre [Checklist] #437,Football Cards 2003 Upper Deck MVP,203,Ungraded,Normal wear,,,33,1,2026-01-06,,,,
9549390,Ryan McLeod #513,Hockey Cards 2024 Upper Deck,99,Ungraded,Normal wear,,,0,1,2025-10-02,,,,
8546362,Gradey Dick #205,Basketball Cards 2024 Panini Prizm,99,Ungraded,Normal wear,,,0,1,2025-10-02,,,,
3134184,Michael Raffl #607,Hockey Cards 2020 Upper Deck,70,Ungraded,Normal wear,,,0,1,2025-10-08,,,,
8318893,Jordin Canada #56,Basketball Cards 2024 Panini Prizm Monopoly WNBA,129,Ungraded,Normal wear,,,0,1,2025-10-02,,,,
9638950,Anton Watson #107,Basketball Cards 2024 Topps Chrome,135,Ungraded,Normal wear,,,0,1,2025-10-07,,,,
8704328,Ryan Graves #379,Hockey Cards 2024 Upper Deck,118,Ungraded,Normal wear,,,0,1,2025-10-02,,,,
2129356,Albert Pujols #108,Baseball Cards 2012 Topps,171,Ungraded,Normal wear,,,0,1,2026-01-16,2026-01-16,,,
10001073,Niko Kavadas #20,Baseball Cards 2025 Topps Chrome,99,Ungraded,Normal wear,,,0,1,2025-08-09,,,,
9937625,Anthony Black #76,Basketball Cards 2024 Panini Mosaic,126,Ungraded,Normal wear,,,0,1,2025-10-02,,,,
4914135,Albert Pujols #5,Baseball Cards 2002 Topps Opening Day,259,Ungraded,Normal wear,,,0,1,2025-11-12,,,,
627480,Rick Volk #32,Football Cards 1971 Topps,217,Ungraded,Normal wear,,,0,1,2025-12-25,,,,
10266387,Roronoa Zoro OP12-020,One Piece Legacy of the Master,199,Ungraded,Normal wear,,,0,1,2026-03-02,,,,
1931958,Tom Glavine #779,Baseball Cards 1988 Topps,136,Ungraded,Normal wear,,,3,1,2026-01-16,2026-01-16,,,
9948433,Reed Sheppard #249,Basketball Cards 2024 Panini Mosaic,150,Ungraded,Normal wear,,,3,1,2026-01-16,,,,
8552651,Johnny Furphy #237,Basketball Cards 2024 Panini Prizm,148,Ungraded,Normal wear,,,0,1,2025-10-02,,,,
8023414,Nicolo Barella #23,Soccer Cards 2024 Topps UEFA,150,Ungraded,Normal wear,,,0,1,2025-10-07,,,,
2045521,Tom Seaver [1978] #26,Baseball Cards 2001 Topps Through the Years,1999,Ungraded,Normal wear,,,0,1,2026-03-08,2026-03-08,,,
8540857,Daniel Gafford #124,Basketball Cards 2024 Panini Prizm,76,Ungraded,Normal wear,,,0,1,2025-08-31,,,,
4637296,Jerry Rice #Boss 22,Football Cards 1994 Collector's Edge Boss Squad,162,Ungraded,Normal wear,,,0,1,2026-01-09,,,,ACoolAUCTION - $7 Lot of Football
1803789,Honus Wagner #TR-74,Baseball Cards 2020 Topps Turkey Red,198,Ungraded,Normal wear,,,0,1,2026-03-08,,,,
1925266,Vida Blue #260,Baseball Cards 1987 Topps,141,Ungraded,Normal wear,,,0,1,2026-03-07,,,,
9579770,Lamine Yamal #190,Soccer Cards 2024 Panini Select FIFA,419,Ungraded,Normal wear,,,0,1,2025-10-07,,,,
8550466,Dominique Wilkins #282,Basketball Cards 2024 Panini Prizm,8,Ungraded,Normal wear,,,0,1,2025-10-02,,,,
7613190,Ja Morant #19,Basketball Cards 2023 Panini Hoops Premium Stock Anti Gravity,142,Ungraded,Normal wear,,,0,1,2025-10-08,,,,
9549376,Nikita Zadorov #509,Hockey Cards 2024 Upper Deck,182,Ungraded,Normal wear,,,0,1,2025-10-04,,,,
8561150,Kristaps Porzingis #5,Basketball Cards 2024 Panini Prizm Global Reach,100,Ungraded,Normal wear,,,0,1,2025-10-02,,,,
8545545,Lauri Markkanen #186,Basketball Cards 2024 Panini Prizm,100,Ungraded,Normal wear,,,0,1,2025-10-02,,,,
9940748,De'Aaron Fox #124,Basketball Cards 2024 Panini Mosaic,199,Ungraded,Normal wear,,,0,1,2025-10-02,,,,
7356969,Jalen Carter #171,Football Cards 2023 Panini Select,143,Ungraded,Normal wear,,,33,1,2025-10-02,,,,
9102795,Jer'Zhan Newton [Team Helmet] #202,Football Cards 2024 Panini Phoenix,282,Ungraded,Normal wear,,,0,1,2025-10-02,,,,
9779405,Russell Westbrook #18,Basketball Cards 2024 Panini Select,60,Ungraded,Normal wear,,,0,1,2025-10-04,,,,
632347,Bo Jackson #314,Football Cards 1989 Panini Score,196,Ungraded,Normal wear,,,0,1,2026-01-08,,,,ACoolAUCTION - $7 Lot of Football
1945744,Curt Schilling #292,Baseball Cards 1991 Leaf,53,Ungraded,Normal wear,,,0,1,2026-03-07,,,,
9630318,Quinyon Mitchell [Bronze] #165,Football Cards 2024 Topps Signature Class,137,Ungraded,Normal wear,,,0,1,2025-10-07,,,,
10819474,Chris Paul #198,Basketball Cards 2025 Topps,105,Ungraded,Normal wear,,,0,1,2026-03-10,,,,2025 - 26 TOPPS Flagship Basketball
8542750,Karl-Anthony Towns [Red Ice] #141,Basketball Cards 2024 Panini Prizm,153,Ungraded,Normal wear,,,0,1,2025-10-02,,,,
4843298,Ron Harper #281,Basketball Cards 1994 Stadium Club,165,Ungraded,Normal wear,,,0,1,2026-03-08,,,,
1147182,Lawrence Taylor #313,Football Cards 1994 Pro Line Live,149,Ungraded,Normal wear,,,0,1,2026-01-09,,,,ACoolAUCTION - $7 Lot of Football
8544652,Kobe Bufkin #166,Basketball Cards 2024 Panini Prizm,150,Ungraded,Normal wear,,,0,1,2025-10-02,,,,
8541967,Stephen Curry #134,Basketball Cards 2024 Panini Prizm,188,Ungraded,Normal wear,,,0,1,2025-10-08,,,,
9203149,Dallas Turner #162,Football Cards 2024 Topps Resurgence,125,Ungraded,Normal wear,,,0,1,2025-10-02,,,,
8772213,Bogdan Bogdanovic #88,Basketball Cards 2024 Panini Donruss,25,Ungraded,Normal wear,,,0,1,2025-10-08,,,,
10002699,Joe Musgrove #55,Baseball Cards 2025 Topps Chrome,169,Ungraded,Normal wear,,,0,1,2025-08-09,,,,
1105057,Randall Cunningham #247,Football Cards 1990 Pro Set,142,Ungraded,Normal wear,,,0,1,2026-03-05,,,,
9759202,Khalil Mack #57,Football Cards 2024 Panini Contenders,146,Ungraded,Normal wear,,,0,1,2025-10-07,,,,
9859315,Caio Borralho #AAG-30,Ufc Cards 2025 Topps Chrome UFC Allen & Ginter,100,Ungraded,Normal wear,,,0,1,2025-10-07,,,,
8782841,Nikola Jokic #2,Basketball Cards 2024 Panini Donruss Bomb Squad,159,Ungraded,Normal wear,,,0,1,2025-10-08,,,,
8320078,Jewell Loyd #WNBA24,Basketball Cards 2024 Panini Prizm Monopoly WNBA Insert,153,Ungraded,Normal wear,,,0,1,2025-10-07,,,,
8769881,Domantas Sabonis #45,Basketball Cards 2024 Panini Donruss,88,Ungraded,Normal wear,,,0,1,2025-10-08,,,,
8547474,Devin Carter #231,Basketball Cards 2024 Panini Prizm,166,Ungraded,Normal wear,,,0,1,2025-10-02,,,,
5868810,Kiah Stokes #34,Basketball Cards 2023 Panini Prizm WNBA,175,Ungraded,Normal wear,,,0,1,2025-10-04,,,,
10738628,Josh Sweat #CIH-JST,Football Cards 2025 Panini Donruss Champ is Here,133,Ungraded,Normal wear,,,0,1,2025-11-22,,,,
8768887,De'Aaron Fox #26,Basketball Cards 2024 Panini Donruss,99,Ungraded,Normal wear,,,0,1,2025-10-08,,,,
1947021,Darryl Strawberry #864,Baseball Cards 1991 Score,124,Ungraded,Normal wear,,,0,1,2026-03-08,,,,
9952014,Derrick Rose [Reactive Blue] #292,Basketball Cards 2024 Panini Mosaic,220,Ungraded,Normal wear,,,0,1,2025-10-03,,,,
9262440,Julius Randle #90,Basketball Cards 2024 Panini Revolution,114,Ungraded,Normal wear,,,0,1,2025-10-04,,,,
8546832,Toumani Camara [Red Lazer] #215,Basketball Cards 2024 Panini Prizm,0,Ungraded,Normal wear,,,0,1,2025-10-03,,,,
1925600,Keith Hernandez #595,Baseball Cards 1987 Topps,134,Ungraded,Normal wear,,,0,1,2026-03-07,,,,
8785451,LeBron James #4,Basketball Cards 2024 Panini Donruss Pass the Rock,158,Ungraded,Normal wear,,,0,1,2025-10-08,,,,
6956271,Hee-chan Hwang #250,Soccer Cards 2023 Panini Select Premier League,99,Ungraded,Normal wear,,,0,1,2025-10-07,,,,
9764062,Terrell Suggs / Troy Polamalu #20,Football Cards 2024 Panini Contenders Historic Draft Class,123,Ungraded,Normal wear,,,0,1,2025-10-07,,,,
9387020,Endrick #100,Soccer Cards 2024 Topps Chrome UEFA,199,Ungraded,Normal wear,,,0,1,2025-10-02,,,,
8769151,Toumani Camara #31,Basketball Cards 2024 Panini Donruss,99,Ungraded,Normal wear,,,0,1,2025-10-08,,,,
1870803,Enos Cabell #247,Baseball Cards 1975 Topps,196,Ungraded,Normal wear,,,0,1,2025-12-25,,,,
10819970,Stephen Curry #291,Basketball Cards 2025 Topps,133,Ungraded,Normal wear,,,0,1,2026-03-10,,,,2025 - 26 TOPPS Flagship Basketball
9852841,Robert Whittaker #78,Ufc Cards 2025 Topps Chrome UFC,239,Ungraded,Normal wear,,,0,1,2025-10-07,,,,
8319433,Kelsey Plum #WNBA2,Basketball Cards 2024 Panini Prizm Monopoly WNBA Insert,151,Ungraded,Normal wear,,,0,1,2025-10-02,,,,
9855252,Gillian Robertson #158,Ufc Cards 2025 Topps Chrome UFC,83,Ungraded,Normal wear,,,0,1,2025-10-07,,,,
9941751,Christian Braun #141,Basketball Cards 2024 Panini Mosaic,179,Ungraded,Normal wear,,,0,1,2025-10-02,,,,
1943859,Sandy Alomar #353,Baseball Cards 1990 Topps,125,Ungraded,Normal wear,,,0,1,2025-12-25,,,,
1105039,Lawrence Taylor #231,Football Cards 1990 Pro Set,174,Ungraded,Normal wear,,,0,1,2026-01-09,,,,ACoolAUCTION - $7 Lot of Football
10838761,Immanuel Quickley #80BK-8,Basketball Cards 2025 Topps 1980,100,Ungraded,Normal wear,,,0,1,2026-03-10,,,,2025 - 26 TOPPS Flagship Basketball
2084613,Noah Syndergaard #290,Baseball Cards 2021 Topps Heritage,72,Ungraded,Normal wear,,,0,1,2026-03-08,2026-03-08,,,
11142324,Nick Sirianni #116,Football Cards 2025 Panini Phoenix,111,Ungraded,Normal wear,,,0,1,2026-03-05,,,,2025 Panini Phoenix
5252697,Andruw Jones #53,Baseball Cards 2002 Topps Opening Day,265,Ungraded,Normal wear,,,0,1,2025-12-06,,,,
9261622,Alperen Sengun #65,Basketball Cards 2024 Panini Revolution,100,Ungraded,Normal wear,,,0,1,2025-10-04,,,,
1964659,Lee Guetterman #134,Baseball Cards 1993 Topps,143,Ungraded,Normal wear,,,0,1,2026-03-07,,,,
10819394,Herbert Jones #189,Basketball Cards 2025 Topps,159,Ungraded,Normal wear,,,0,1,2026-03-10,,,,2025 - 26 TOPPS Flagship Basketball
9759757,T.J. Watt #83,Football Cards 2024 Panini Contenders,135,Ungraded,Normal wear,,,0,1,2025-10-07,,,,
8560390,Joel Embiid #10,Basketball Cards 2024 Panini Prizm Dominance,124,Ungraded,Normal wear,,,0,1,2025-10-02,,,,
8556133,Markelle Fultz #199,Basketball Cards 2024 Panini Prizm,50,Ungraded,Normal wear,,,0,1,2025-10-08,,,,
1964813,Andre Dawson #265,Baseball Cards 1993 Topps,142,Ungraded,Normal wear,,,0,1,2026-03-07,,,,
10218918,Justin Haley #86,Racing Cards 2025 Panini Donruss NASCAR,119,Ungraded,Normal wear,,,0,1,2025-10-07,,,,
9765015,Malik Nabers / Marvin Harrison Jr. #2,Football Cards 2024 Panini Contenders Round Numbers,149,Ungraded,Normal wear,,,0,1,2025-10-07,,,,
9760079,Austin Ekeler #98,Football Cards 2024 Panini Contenders,169,Ungraded,Normal wear,,,0,1,2025-10-07,,,,
10818933,Peyton Watson #106,Basketball Cards 2025 Topps,99,Ungraded,Normal wear,,,0,1,2026-03-10,,,,
9641358,Jonathan Mogbo #194,Basketball Cards 2024 Topps Chrome,129,Ungraded,Normal wear,,,0,1,2025-10-07,,,,
10186911,Caleb Martin [Purple] #46,Basketball Cards 2024 Panini Donruss Optic,25,Ungraded,Normal wear,,,0,1,2025-10-08,,,,
9759140,Davante Adams [Game Ticket Red] #54,Football Cards 2024 Panini Contenders,63,Ungraded,Normal wear,,,0,1,2025-10-07,,,,
4477229,Doc Gooden #30,Baseball Cards 1989 Topps,200,Ungraded,Normal wear,,,0,1,2026-03-07,,,,
8532569,Austin Reaves [Red White Blue] #26,Basketball Cards 2024 Panini Prizm,181,Ungraded,Normal wear,,,0,1,2025-08-30,,,,
8318624,Kalani Brown #47,Basketball Cards 2024 Panini Prizm Monopoly WNBA,129,Ungraded,Normal wear,,,0,1,2025-10-02,,,,
10266405,Perona OP12-034,One Piece Legacy of the Master,622,Ungraded,Normal wear,,,0,1,2026-03-02,,,,
6177549,Minnesota Twins Checklist #325,Baseball Cards 1994 Score,113,Ungraded,Normal wear,,,0,1,2026-03-08,,,,
9794164,Rob Dillingham #187,Basketball Cards 2024 Panini Select,170,Ungraded,Normal wear,,,0,1,2025-10-04,,,,
1964557,John Smoltz #35,Baseball Cards 1993 Topps,125,Ungraded,Normal wear,,,0,1,2026-03-07,,,,
8682604,DiJonai Carrington [Red Classic Icon] #17,Basketball Cards 2024 Panini Prizm Monopoly WNBA,114,Ungraded,Normal wear,,,0,1,2025-08-09,,,,
1894093,Joe Niekro #234,Baseball Cards 1984 Fleer,138,Ungraded,Normal wear,,,0,1,2025-11-02,,,,
9046597,Tyrese Maxey #2,Basketball Cards 2024 Panini Prizm Monopoly,148,Ungraded,Normal wear,,,0,1,2025-10-04,,,,
8550203,Bub Carrington #244,Basketball Cards 2024 Panini Prizm,132,Ungraded,Normal wear,,,0,1,2025-10-02,,,,
9264437,Kyle Filipowski #146,Basketball Cards 2024 Panini Revolution,119,Ungraded,Normal wear,,,0,1,2025-08-13,,,,
9758515,CeeDee Lamb #26,Football Cards 2024 Panini Contenders,133,Ungraded,Normal wear,,,0,1,2025-10-07,,,,
9791633,Naz Reid #132,Basketball Cards 2024 Panini Select,49,Ungraded,Normal wear,,,0,1,2025-10-04,,,,
9951910,Magic Johnson #296,Basketball Cards 2024 Panini Mosaic,161,Ungraded,Normal wear,,,0,1,2025-10-03,,,,
7933306,Jared Goff [Silver] #71,Football Cards 2024 Panini Mosaic,151,Ungraded,Normal wear,,,0,1,2025-10-04,,,,
1931849,Nolan Ryan #661,Baseball Cards 1988 Topps,151,Ungraded,Normal wear,,,0,1,2026-03-08,2026-03-08,,,
9264088,Ryan Dunn #137,Basketball Cards 2024 Panini Revolution,130,Ungraded,Normal wear,,,0,1,2026-01-16,2026-01-16,,,
8553584,Matas Buzelis #252,Basketball Cards 2024 Panini Prizm,140,Ungraded,Normal wear,,,0,1,2025-10-02,,,,
1971034,Eddie Murray #65,Baseball Cards 1994 Topps,156,Ungraded,Normal wear,,,0,1,2026-03-08,2026-03-08,,,
10217801,John Hunter Nemechek #50,Racing Cards 2025 Panini Donruss NASCAR,101,Ungraded,Normal wear,,,0,1,2025-10-07,,,,
276473,Barry Sanders [Silver Prizm] #33,Football Cards 2019 Panini Prizm Draft Picks,866,Ungraded,Normal wear,,,3,1,2026-01-09,,,,ACoolAUCTION - $7 Lot of Football
9791072,Evan Mobley #112,Basketball Cards 2024 Panini Select,13,Ungraded,Normal wear,,,0,1,2025-10-04,,,,
3465884,Mariano Rivera #99,Baseball Cards 2002 Stadium Club,189,Ungraded,Normal wear,,,0,1,2025-10-08,,,,
9950809,Giannis Antetokounmpo [Reactive Blue] #282,Basketball Cards 2024 Panini Mosaic,174,Ungraded,Normal wear,,,0,1,2025-10-03,,,,
9260912,Donovan Mitchell #42,Basketball Cards 2024 Panini Revolution,114,Ungraded,Normal wear,,,0,1,2025-10-04,,,,
9759251,Cooper Kupp #58,Football Cards 2024 Panini Contenders,80,Ungraded,Normal wear,,,0,1,2025-10-07,,,,
9492250,Jason Kelce #43,Football Cards 2024 Topps Signature Class,136,Ungraded,Normal wear,,,0,1,2025-10-07,,,,
4555909,Frank Viola #18,Baseball Cards 1989 Topps All Star Glossy Set of 60,0,Ungraded,Normal wear,,,0,1,2026-03-07,,,,
1888742,Steve Carlton #480,Baseball Cards 1982 Topps,168,Ungraded,Normal wear,,,0,1,2025-12-25,,,,
8783783,Jaylon Tyson #4,Basketball Cards 2024 Panini Donruss Great X-Pectations,149,Ungraded,Normal wear,,,0,1,2025-10-08,,,,
9949946,Stephon Castle #267,Basketball Cards 2024 Panini Mosaic,245,Ungraded,Normal wear,,,0,1,2025-10-03,,,,
3134304,Drew O'Connor #728,Hockey Cards 2020 Upper Deck,110,Ungraded,Normal wear,,,0,1,2025-10-02,,,,
3134216,William Carrier #639,Hockey Cards 2020 Upper Deck,163,Ungraded,Normal wear,,,0,1,2025-10-08,,,,
1925621,Roger Clemens #614,Baseball Cards 1987 Topps,112,Ungraded,Normal wear,,,3,1,2026-01-16,2026-01-16,,,
6076705,Tyler Toffoli #574,Hockey Cards 2020 Upper Deck Extended Series,69,Ungraded,Normal wear,,,0,1,2025-10-04,,,,
1180076,Jerry Rice #11,Football Cards 1996 Action Packed,168,Ungraded,Normal wear,,,0,1,2026-01-09,,,,ACoolAUCTION - $7 Lot of Football
8539014,Jonathan Kuminga [Red Ice] #104,Basketball Cards 2024 Panini Prizm,176,Ungraded,Normal wear,,,0,1,2025-10-02,,,,
8881837,Justin Dowling #542,Hockey Cards 2020 Upper Deck Extended Series,110,Ungraded,Normal wear,,,0,1,2025-10-04,,,,
639572,Bo Jackson #462,Football Cards 1991 Stadium Club,181,Ungraded,Normal wear,,,0,1,2026-01-08,,,,ACoolAUCTION - $7 Lot of Football
8540407,Jalen Johnson #120,Basketball Cards 2024 Panini Prizm,114,Ungraded,Normal wear,,,0,1,2025-08-31,,,,
9640169,CJ McCollum #157,Basketball Cards 2024 Topps Chrome,25,Ungraded,Normal wear,,,0,1,2025-10-07,,,,
1925772,Bill Buckner #764,Baseball Cards 1987 Topps,148,Ungraded,Normal wear,,,0,1,2026-03-07,,,,
11634293,Kuroobi OP14-045,One Piece Azure Sea's Seven,6,Ungraded,Normal wear,,,0,1,2026-02-14,,,,
9759460,Kendrick Bourne #69,Football Cards 2024 Panini Contenders,25,Ungraded,Normal wear,,,0,1,2025-10-07,,,,
9781933,Damian Lillard #55,Basketball Cards 2024 Panini Select,175,Ungraded,Normal wear,,,0,1,2025-10-04,,,,
8705993,Brady Tkachuk #EC-25,Hockey Cards 2024 Upper Deck ElectriCITY,95,Ungraded,Normal wear,,,0,1,2025-10-04,,,,
632356,Lawrence Taylor #322,Football Cards 1989 Panini Score,144,Ungraded,Normal wear,,,0,1,2026-01-09,,,,ACoolAUCTION - $7 Lot of Football
1880989,Dave Kingman #240,Baseball Cards 1980 Topps,169,Ungraded,Normal wear,,,0,1,2025-12-01,,,,
4514437,Daniel Cormier #93,Ufc Cards 2022 Panini Donruss Optic UFC,71,Ungraded,Normal wear,,,0,1,2025-10-02,,,,
640933,Joe Montana #251,Football Cards 1991 Ultra,153,Ungraded,Normal wear,,,0,1,2026-01-06,,,,ACoolAUCTION - $7 Lot of Football
9945327,Jordan Poole #197,Basketball Cards 2024 Panini Mosaic,179,Ungraded,Normal wear,,,0,1,2025-10-02,,,,
9764854,Drake Maye #4,Football Cards 2024 Panini Contenders Rookie Stallions,290,Ungraded,Normal wear,,,62,1,2025-10-07,,,,
10958050,John Elway #31,Football Cards 2025 Panini Mosaic,165,Ungraded,Normal wear,,,0,1,2026-03-05,,,,
9854372,Rinat Fakhretdinov #131,Ufc Cards 2025 Topps Chrome UFC,25,Ungraded,Normal wear,,,0,1,2025-10-07,,,,
9637829,Tyler Herro #79,Basketball Cards 2024 Topps Chrome,199,Ungraded,Normal wear,,,0,1,2025-10-07,,,,
10266379,Boa Hancock OP12-014,One Piece Legacy of the Master,234,Ungraded,Normal wear,,,0,1,2026-03-02,,,,
9629957,Cole Bishop [Red Yellow] #74,Football Cards 2024 Topps Signature Class,115,Ungraded,Normal wear,,,0,1,2025-10-07,,,,
3135229,Derick Brassard [UD Exclusives] #505,Hockey Cards 2020 Upper Deck,73,Ungraded,Normal wear,,,0,1,2025-10-08,,,,
8706400,William Nylander #OH-14,Hockey Cards 2024 Upper Deck On a Heater,152,Ungraded,Normal wear,,,0,1,2025-10-04,,,,
10266415,Luffy Is the Man Who Will Become the King of Pirates!!! OP12-039,One Piece Legacy of the Master,43,Ungraded,Normal wear,,,0,1,2026-03-02,,,,
7600403,Lauri Markkanen #14,Basketball Cards 2023 Panini Hoops Premium Stock,99,Ungraded,Normal wear,,,0,1,2025-10-08,,,,
8880210,Andrew Shaw #527,Hockey Cards 2020 Upper Deck Extended Series,139,Ungraded,Normal wear,,,0,1,2025-10-04,,,,
8771724,Jimmy Butler III #83,Basketball Cards 2024 Panini Donruss,25,Ungraded,Normal wear,,,0,1,2025-10-08,,,,
1129619,Brett Favre #1,Football Cards 1993 Playoff Contenders,167,Ungraded,Normal wear,,,3,1,2026-01-09,,,,ACoolAUCTION - $7 Lot of Football
9260038,Michael Porter Jr. #15,Basketball Cards 2024 Panini Revolution,99,Ungraded,Normal wear,,,0,1,2025-10-02,,,,
8771970,Andrew Nembhard #85,Basketball Cards 2024 Panini Donruss,71,Ungraded,Normal wear,,,0,1,2025-10-08,,,,
1104962,Bo Jackson #155,Football Cards 1990 Pro Set,174,Ungraded,Normal wear,,,33,1,2026-01-06,,,,ACoolAUCTION - $7 Lot of Football
8318477,Marquesha Davis #42,Basketball Cards 2024 Panini Prizm Monopoly WNBA,152,Ungraded,Normal wear,,,0,1,2025-10-02,,,,
9261896,Naz Reid #72,Basketball Cards 2024 Panini Revolution,147,Ungraded,Normal wear,,,0,1,2025-10-04,,,,
9943755,Tobias Harris #174,Basketball Cards 2024 Panini Mosaic,101,Ungraded,Normal wear,,,0,1,2025-10-02,,,,
9758633,Jared Goff #31,Football Cards 2024 Panini Contenders,110,Ungraded,Normal wear,,,0,1,2025-10-07,,,,
9491811,Kurt Warner #1,Football Cards 2024 Topps Signature Class,17,Ungraded,Normal wear,,,0,1,2025-10-07,,,,
9550840,Boone Jenner #675,Hockey Cards 2024 Upper Deck,6,Ungraded,Normal wear,,,0,1,2025-10-02,,,,
9383927,Kobbie Mainoo #29,Soccer Cards 2024 Topps Chrome UEFA,99,Ungraded,Normal wear,,,0,1,2025-10-02,,,,
6914742,Ryan Newman #15,Racing Cards 2024 Donruss NASCAR Burning Rubber Materials,0,Ungraded,Normal wear,,,0,1,2026-03-07,,,,
2818039,Andre Dawson #27,Baseball Cards 2021 Topps Archives,164,Ungraded,Normal wear,,,0,1,2025-12-06,,,,
9853654,Khamzat Chimaev #102,Ufc Cards 2025 Topps Chrome UFC,132,Ungraded,Normal wear,,,0,1,2025-10-07,,,,
8552002,Reed Sheppard #268,Basketball Cards 2024 Panini Prizm,134,Ungraded,Normal wear,,,0,1,2025-10-03,,,,
8541413,Nikola Jokic #129,Basketball Cards 2024 Panini Prizm,149,Ungraded,Normal wear,,,0,1,2025-10-08,,,,
10266409,Demon Aura Nine Sword Style Asura Blades Drawn Dead Man's Game OP12-037,One Piece Legacy of the Master,300,Ungraded,Normal wear,,,0,1,2026-03-02,,,,
8543810,Collin Sexton [Basketball Prizm] #151,Basketball Cards 2024 Panini Prizm,93,Ungraded,Normal wear,,,0,1,2025-10-02,,,,
9491866,Jim McMahon #6,Football Cards 2024 Topps Signature Class,76,Ungraded,Normal wear,,,0,1,2025-10-07,,,,
9943017,Dorian Finney-Smith #164,Basketball Cards 2024 Panini Mosaic,137,Ungraded,Normal wear,,,0,1,2025-10-02,,,,
3134305,Nolan Foote #729,Hockey Cards 2020 Upper Deck,164,Ungraded,Normal wear,,,0,1,2025-10-04,,,,
8532563,Austin Reaves [Ice] #26,Basketball Cards 2024 Panini Prizm,195,Ungraded,Normal wear,,,0,1,2025-10-03,,,,
9097894,Patrick Mahomes II #116,Football Cards 2024 Panini Phoenix,195,Ungraded,Normal wear,,,0,1,2025-10-02,,,,
7351270,C.J. Stroud #41,Football Cards 2023 Panini Select,127,Ungraded,Normal wear,,,0,1,2025-10-02,,,,
8563544,Logan O'Hoppe #308,Baseball Cards 2025 Topps,105,Ungraded,Normal wear,,,0,1,2025-10-14,,,,
8704792,Connor McMichael #438,Hockey Cards 2024 Upper Deck,117,Ungraded,Normal wear,,,0,1,2025-10-02,,,,
8532392,Keldon Johnson #24,Basketball Cards 2024 Panini Prizm,138,Ungraded,Normal wear,,,0,1,2025-08-30,,,,
9199286,Chad Johnson #20,Football Cards 2024 Topps Resurgence,177,Ungraded,Normal wear,,,0,1,2025-10-02,,,,
8023864,Gianluca Prestianni #36,Soccer Cards 2024 Topps UEFA,147,Ungraded,Normal wear,,,0,1,2025-10-07,,,,
10230371,Corey Heim #7,Racing Cards 2025 Panini Donruss NASCAR Coming Attractions,109,Ungraded,Normal wear,,,0,1,2025-10-07,,,,
4514376,Michael Chandler #32,Ufc Cards 2022 Panini Donruss Optic UFC,102,Ungraded,Normal wear,,,0,1,2025-10-02,,,,
8703669,Ivan Provorov #296,Hockey Cards 2024 Upper Deck,30,Ungraded,Normal wear,,,0,1,2025-10-02,,,,
10266394,Kuina OP12-026,One Piece Legacy of the Master,638,Ungraded,Normal wear,,,0,1,2026-03-02,,,,
8563274,Jose Berrios #33,Baseball Cards 2025 Topps,121,Ungraded,Normal wear,,,0,1,2025-10-14,,,,
1955300,Chuck Knoblauch #601,Baseball Cards 1992 Stadium Club,135,Ungraded,Normal wear,,,0,1,2025-12-06,,,,
1945689,Rickey Henderson #101,Baseball Cards 1991 Leaf,100,Ungraded,Normal wear,,,0,1,2026-03-07,,,,
10005342,Salvador Perez #114,Baseball Cards 2025 Topps Chrome,135,Ungraded,Normal wear,,,0,1,2025-08-09,,,,
11056877,Monkey D Luffy [Metallic] #2138,Funko POP Animation,2399,Brand New,Normal wear,,,0,1,2025-11-22,,,,
11822444,Li Shang #41,2025 Topps Chrome Disney,172,Ungraded,Normal wear,,,0,1,2026-03-10,,,,
10217004,Richard Petty [Optic Orange Velocity] #19,Racing Cards 2025 Panini Donruss NASCAR,151,Ungraded,Normal wear,,,0,1,2025-10-07,,,,
1945791,Ken Griffey Sr. #503,Baseball Cards 1991 Leaf,137,Ungraded,Normal wear,,,0,1,2026-03-07,,,,
9387029,Omari Kellyman #106,Soccer Cards 2024 Topps Chrome UEFA,200,Ungraded,Normal wear,,,0,1,2025-10-02,,,,
7855503,Brandon Johnson #TS-BJN,Football Cards 2024 Panini Prestige Time Stamped,129,Ungraded,Normal wear,,,0,1,2025-10-02,,,,
10203464,Alexandre Sarr #276,Basketball Cards 2024 Panini Donruss Optic,120,Ungraded,Normal wear,,,0,1,2025-10-08,,,,
8775850,Dereck Lively II #166,Basketball Cards 2024 Panini Donruss,12,Ungraded,Normal wear,,,0,1,2025-10-08,,,,
8319479,A'ja Wilson [Red] #WNBA3,Basketball Cards 2024 Panini Prizm Monopoly WNBA Insert,255,Ungraded,Normal wear,,,0,1,2025-08-09,,,,
10819667,Noah Penda #232,Basketball Cards 2025 Topps,95,Ungraded,Normal wear,,,0,1,2026-03-10,,,,2025 - 26 TOPPS Flagship Basketball
1095167,Steve Grogan #435,Football Cards 1980 Topps,144,Ungraded,Normal wear,,,0,1,2025-12-25,,,,
9266482,Bronny James Jr. #6,Basketball Cards 2024 Panini Revolution New Wave,146,Ungraded,Normal wear,,,0,1,2025-08-13,,,,
8541967,Stephen Curry #134,Basketball Cards 2024 Panini Prizm,188,Ungraded,Normal wear,,,0,1,2025-10-08,,,,
9492970,Kalen King #112,Football Cards 2024 Topps Signature Class,149,Ungraded,Normal wear,,,0,1,2025-10-07,,,,
9260436,Paul George #29,Basketball Cards 2024 Panini Revolution,100,Ungraded,Normal wear,,,0,1,2025-10-04,,,,
9959166,Zion Williamson #2,Basketball Cards 2024 Panini Mosaic Elevate,200,Ungraded,Normal wear,,,0,1,2026-01-16,,,,
3134196,Mike Hoffman #619,Hockey Cards 2020 Upper Deck,145,Ungraded,Normal wear,,,0,1,2025-10-08,,,,
10005770,Nick Sogard [Raywave] #123,Baseball Cards 2025 Topps Chrome,135,Ungraded,Normal wear,,,0,1,2025-08-09,,,,
8551414,Vince Carter [Red Ice] #295,Basketball Cards 2024 Panini Prizm,180,Ungraded,Normal wear,,,0,1,2025-10-02,,,,
276859,Barry Sanders [Pink Pulsar Prizm] #13,Football Cards 2019 Panini Prizm Draft Picks,250,Ungraded,Normal wear,,,3,1,2026-01-09,,,,ACoolAUCTION - $7 Lot of Football
10733419,Carson Schwesinger #392,Football Cards 2025 Panini Donruss,149,Ungraded,Normal wear,,,0,1,2025-11-21,,,,
9950402,Tidjane Salaun #268,Basketball Cards 2024 Panini Mosaic,100,Ungraded,Normal wear,,,0,1,2025-12-25,,,,
7939275,Terry McLaurin #220,Football Cards 2024 Panini Mosaic,119,Ungraded,Normal wear,,,0,1,2025-10-04,,,,
1109433,Jerry Rice #59,Football Cards 1992 Action Packed Rookie Update,149,Ungraded,Normal wear,,,0,1,2026-01-09,,,,ACoolAUCTION - $7 Lot of Football
9638396,Nikola Vucevic #97,Basketball Cards 2024 Topps Chrome,25,Ungraded,Normal wear,,,0,1,2025-10-07,,,,
10967304,Adam Thielen [Mosaic Reactive Yellow] #223,Football Cards 2025 Panini Mosaic,191,Ungraded,Normal wear,,,0,1,2026-03-05,,,,
10729004,Kyle Pitts [Press Proof Red] #116,Football Cards 2025 Panini Donruss,100,Ungraded,Normal wear,,,0,1,2025-11-22,,,,
8535044,Julius Randle #57,Basketball Cards 2024 Panini Prizm,56,Ungraded,Normal wear,,,0,1,2025-08-31,,,,
3134085,Derick Brassard #505,Hockey Cards 2020 Upper Deck,124,Ungraded,Normal wear,,,0,1,2025-10-04,,,,
1923030,Fernando Valenzuela #94,Baseball Cards 1987 Donruss,109,Ungraded,Normal wear,,,0,1,2025-12-01,,,,
8560279,Jayson Tatum #7,Basketball Cards 2024 Panini Prizm Deep Space,125,Ungraded,Normal wear,,,0,1,2025-10-08,,,,
8561369,Bub Carrington #17,Basketball Cards 2024 Panini Prizm Instant Impact,102,Ungraded,Normal wear,,,0,1,2025-10-07,,,,
8317469,Ezi Magbegor #8,Basketball Cards 2024 Panini Prizm Monopoly WNBA,149,Ungraded,Normal wear,,,0,1,2025-10-02,,,,
8768515,LeBron James #19,Basketball Cards 2024 Panini Donruss,147,Ungraded,Normal wear,,,0,1,2025-10-08,,,,
7613124,Keyonte George #15,Basketball Cards 2023 Panini Hoops Premium Stock Anti Gravity,175,Ungraded,Normal wear,,,0,1,2025-10-08,,,,
9385741,Patrik Schick #67,Soccer Cards 2024 Topps Chrome UEFA,1,Ungraded,Normal wear,,,0,1,2025-10-02,,,,
8771057,Jamal Murray #62,Basketball Cards 2024 Panini Donruss,112,Ungraded,Normal wear,,,0,1,2025-10-08,,,,
9388319,Cesare Casadei #136,Soccer Cards 2024 Topps Chrome UEFA,199,Ungraded,Normal wear,,,0,1,2025-10-02,,,,
7609551,Zach Collins #241,Basketball Cards 2023 Panini Hoops Premium Stock,25,Ungraded,Normal wear,,,0,1,2025-10-08,,,,
9384738,Rodrygo #48,Soccer Cards 2024 Topps Chrome UEFA,124,Ungraded,Normal wear,,,0,1,2025-10-02,,,,
9390937,Alexis Mac Allister #182,Soccer Cards 2024 Topps Chrome UEFA,25,Ungraded,Normal wear,,,0,1,2025-10-02,,,,
9759905,Tyler Lockett #90,Football Cards 2024 Panini Contenders,27,Ungraded,Normal wear,,,0,1,2025-10-07,,,,
8536198,Caris LeVert [Red White Blue] #71,Basketball Cards 2024 Panini Prizm,99,Ungraded,Normal wear,,,0,1,2025-10-08,,,,
6909527,Bubba Wallace #79,Racing Cards 2024 Donruss NASCAR,150,Ungraded,Normal wear,,,0,1,2026-03-06,2026-03-06,,,2024 DonRuss Racing NASCAR
9385951,Heung-min Son [Wave Refractor] #68,Soccer Cards 2024 Topps Chrome UEFA,295,Ungraded,Normal wear,,,0,1,2025-10-07,,,,
7469736,Luffy Gear Five [Chase GITD] #1607,Funko POP Animation,1350,Loose/OOB,Normal wear,,,0,1,2026-01-02,,,,
8703457,Dylan Cozens #263,Hockey Cards 2024 Upper Deck,121,Ungraded,Normal wear,,,0,1,2025-10-08,,,,
9759991,Rachaad White #94,Football Cards 2024 Panini Contenders,299,Ungraded,Normal wear,,,104,1,2025-10-07,,,,
8703522,Jack Drury #277,Hockey Cards 2024 Upper Deck,76,Ungraded,Normal wear,,,0,1,2025-10-08,,,,
9398459,Kevin #WK-20,Soccer Cards 2024 Topps Chrome UEFA Wonderkids,99,Ungraded,Normal wear,,,0,1,2025-10-07,,,,
8773371,Anfernee Simons #114,Basketball Cards 2024 Panini Donruss,53,Ungraded,Normal wear,,,0,1,2025-10-08,,,,
7614343,Chet Holmgren #14,Basketball Cards 2023 Panini Hoops Premium Stock Hoopla,99,Ungraded,Normal wear,,,0,1,2025-10-08,,,,
8560461,Paolo Banchero #19,Basketball Cards 2024 Panini Prizm Dominance,115,Ungraded,Normal wear,,,0,1,2025-10-02,,,,
1887149,Dave Kingman #182,Baseball Cards 1982 Donruss,148,Ungraded,Normal wear,,,0,1,2025-12-01,,,,
5672337,Frank Thomas #76,Baseball Cards 2001 Topps Opening Day,70,Ungraded,Normal wear,,,0,1,2025-12-01,,,,
8533356,Bilal Coulibaly #36,Basketball Cards 2024 Panini Prizm,97,Ungraded,Normal wear,,,0,1,2025-08-31,,,,
3134212,Braden Holtby #635,Hockey Cards 2020 Upper Deck,114,Ungraded,Normal wear,,,0,1,2025-10-08,,,,
9007134,Jamaal Williams #142,Football Cards 2024 Panini Donruss Optic,99,Ungraded,Normal wear,,,0,1,2025-10-04,,,,
9947322,Kyle Filipowski #231,Basketball Cards 2024 Panini Mosaic,133,Ungraded,Normal wear,,,0,1,2025-10-02,,,,
8560247,Anthony Edwards #3,Basketball Cards 2024 Panini Prizm Deep Space,101,Ungraded,Normal wear,,,0,1,2025-08-31,,,,
9100221,Blake Corum #158,Football Cards 2024 Panini Phoenix,105,Ungraded,Normal wear,,,0,1,2025-10-02,,,,
1950788,Tino Martinez #482,Baseball Cards 1991 Topps,141,Ungraded,Normal wear,,,0,1,2026-03-08,,,,
1882474,Ron Cey #3,Baseball Cards 1981 Fleer Star Stickers,142,Ungraded,Normal wear,,,0,1,2026-03-08,,,,
8704015,Arber Xhekaj #340,Hockey Cards 2024 Upper Deck,77,Ungraded,Normal wear,,,0,1,2025-10-08,,,,
9493050,Jaylin Simpson #122,Football Cards 2024 Topps Signature Class,149,Ungraded,Normal wear,,,0,1,2025-10-07,,,,
7612883,Sam Merrill #233,Basketball Cards 2023 Panini Hoops Premium Stock,117,Ungraded,Normal wear,,,0,1,2025-10-08,,,,
8771566,Buddy Hield #78,Basketball Cards 2024 Panini Donruss,62,Ungraded,Normal wear,,,0,1,2025-10-08,,,,
9758744,Christian Watson #36,Football Cards 2024 Panini Contenders,127,Ungraded,Normal wear,,,0,1,2025-10-07,,,,
7651738,Dante Hall #152,Football Cards 2024 Panini Prestige,131,Ungraded,Normal wear,,,0,1,2025-10-02,,,,
6910710,Ryan Blaney #172,Racing Cards 2024 Donruss NASCAR,104,Ungraded,Normal wear,,,0,1,2026-03-07,,,,
9398352,Unai Hernandez #WK-10,Soccer Cards 2024 Topps Chrome UEFA Wonderkids,135,Ungraded,Normal wear,,,0,1,2026-01-16,,,,
9391325,Leon Bailey #133,Soccer Cards 2024 Topps Chrome UEFA,150,Ungraded,Normal wear,,,0,1,2025-10-02,,,,
6951023,Lewis Miley [Purple Mojo] #73,Soccer Cards 2023 Panini Select Premier League,140,Ungraded,Normal wear,,,0,1,2025-10-07,,,,
4515083,Shogun Rua [Holo] #13,Ufc Cards 2022 Panini Donruss Optic UFC,199,Ungraded,Normal wear,,,0,1,2026-01-16,2026-01-15,,,
8544173,Mitchell Robinson [Red White Blue] #156,Basketball Cards 2024 Panini Prizm,169,Ungraded,Normal wear,,,0,1,2025-10-02,,,,
9267834,Ja Morant #21,Basketball Cards 2024 Panini Revolution Vortex,100,Ungraded,Normal wear,,,0,1,2025-10-04,,,,
7606860,Wendell Carter Jr. #174,Basketball Cards 2023 Panini Hoops Premium Stock,129,Ungraded,Normal wear,,,0,1,2025-10-08,,,,
8704314,Scott Laughton #378,Hockey Cards 2024 Upper Deck,99,Ungraded,Normal wear,,,0,1,2025-10-02,,,,
9936498,Chris Paul #59,Basketball Cards 2024 Panini Mosaic,150,Ungraded,Normal wear,,,0,1,2025-10-02,,,,
10203034,Pacome Dadiet #264,Basketball Cards 2024 Panini Donruss Optic,121,Ungraded,Normal wear,,,0,1,2025-10-08,,,,
6076700,Alexander Wennberg #560,Hockey Cards 2020 Upper Deck Extended Series,299,Ungraded,Normal wear,,,0,1,2025-10-04,,,,
8553404,Eric Gordon #180,Basketball Cards 2024 Panini Prizm,99,Ungraded,Normal wear,,,0,1,2025-10-02,,,,
8317798,Monique Billings #19,Basketball Cards 2024 Panini Prizm Monopoly WNBA,100,Ungraded,Normal wear,,,0,1,2025-10-02,,,,
8563326,Shay Whitcomb #87,Baseball Cards 2025 Topps,205,Ungraded,Normal wear,,,0,1,2025-10-14,,,,
7356315,Derrick Henry #156,Football Cards 2023 Panini Select,99,Ungraded,Normal wear,,,0,1,2025-10-02,,,,
3134255,Mark Giordano #678,Hockey Cards 2020 Upper Deck,266,Ungraded,Normal wear,,,0,1,2025-10-08,,,,
1134431,Barry Sanders [Members Only] #496,Football Cards 1993 Stadium Club,144,Ungraded,Normal wear,,,3,1,2026-01-09,,,,ACoolAUCTION - $7 Lot of Football
9199026,Thurman Thomas #10,Football Cards 2024 Topps Resurgence,160,Ungraded,Normal wear,,,0,1,2025-10-02,,,,
10340073,Jared McCain [Mosaic] #17,Basketball Cards 2024 Panini Mosaic Thunder Road,120,Ungraded,Normal wear,,,0,1,2025-10-03,,,,
8707243,Matias Maccelli #C197,Hockey Cards 2024 Upper Deck Canvas,180,Ungraded,Normal wear,,,0,1,2025-10-08,,,,
1964675,Frank Thomas #150,Baseball Cards 1993 Topps,142,Ungraded,Normal wear,,,0,1,2026-03-07,,,,
9759700,Aaron Rodgers #78,Football Cards 2024 Panini Contenders,100,Ungraded,Normal wear,,,0,1,2025-10-07,,,,
1897532,Tony Gwynn #251,Baseball Cards 1984 Topps,203,Ungraded,Normal wear,,,0,1,2025-12-17,,,,
1945714,Jose Canseco #182,Baseball Cards 1991 Leaf,147,Ungraded,Normal wear,,,0,1,2026-03-07,,,,
7610825,Patrick Williams #273,Basketball Cards 2023 Panini Hoops Premium Stock,78,Ungraded,Normal wear,,,0,1,2025-10-08,,,,
9960156,Donovan Clingan #5,Basketball Cards 2024 Panini Mosaic Jam Masters,98,Ungraded,Normal wear,,,0,1,2025-10-03,,,,
8549784,Pete Maravich #278,Basketball Cards 2024 Panini Prizm,177,Ungraded,Normal wear,,,0,1,2025-10-02,,,,
7601975,Tre Mann #53,Basketball Cards 2023 Panini Hoops Premium Stock,199,Ungraded,Normal wear,,,0,1,2025-10-08,,,,
8682643,Jordin Canada [Red Classic Icon] #56,Basketball Cards 2024 Panini Prizm Monopoly WNBA,193,Ungraded,Normal wear,,,0,1,2025-08-09,,,,
9949396,Bub Carrington #259,Basketball Cards 2024 Panini Mosaic,150,Ungraded,Normal wear,,,0,1,2025-10-03,,,,
8783621,Kawhi Leonard #7,Basketball Cards 2024 Panini Donruss Franchise Features,142,Ungraded,Normal wear,,,0,1,2025-10-08,,,,
8317886,Sevgi Uzun #22,Basketball Cards 2024 Panini Prizm Monopoly WNBA,180,Ungraded,Normal wear,,,0,1,2025-10-02,,,,
10733429,Josaiah Stewart #376,Football Cards 2025 Panini Donruss,15,Ungraded,Normal wear,,,0,1,2025-11-21,,,,
8704423,Drew O'Connor #382,Hockey Cards 2024 Upper Deck,99,Ungraded,Normal wear,,,0,1,2025-10-02,,,,
9637923,Trae Young #82,Basketball Cards 2024 Topps Chrome,100,Ungraded,Normal wear,,,0,1,2025-10-07,,,,
9790477,Victor Wembanyama [Light Blue Prizm] #102,Basketball Cards 2024 Panini Select,2337,Ungraded,Normal wear,,,0,1,2025-08-09,,,,
8707788,Conor Geekie #WA-14,Hockey Cards 2024 Upper Deck Welcome Aboard,128,Ungraded,Normal wear,,,0,1,2025-10-08,,,,
11140746,Derwin James Jr. #101,Football Cards 2025 Panini Phoenix,200,Ungraded,Normal wear,,,0,1,2026-03-05,,,,2025 Panini Phoenix
3135701,Joey Daccord #602,Hockey Cards 2020 Upper Deck,151,Ungraded,Normal wear,,,0,1,2025-10-08,,,,
9045865,Ron Holland II [Sparkle] #66,Basketball Cards 2024 Panini Prizm Monopoly,0,Ungraded,Normal wear,,,0,1,2025-10-04,,,,
9780681,Darius Garland [Blue] #39,Basketball Cards 2024 Panini Select,100,Ungraded,Normal wear,,,0,1,2026-01-16,2026-01-16,,,
8773511,Shaedon Sharpe #116,Basketball Cards 2024 Panini Donruss,84,Ungraded,Normal wear,,,0,1,2025-10-08,,,,
1956610,Benny Santiago #2,Baseball Cards 1992 Topps McDonald's Baseball's Best,153,Ungraded,Normal wear,,,0,1,2025-12-06,,,,
1938577,Jose Canseco #500,Baseball Cards 1989 Topps,175,Ungraded,Normal wear,,,0,1,2026-03-07,,,,
1934525,Andre Dawson #BC-8,Baseball Cards 1989 Donruss MVP,99,Ungraded,Normal wear,,,0,1,2026-03-08,,,,
9947249,Dillon Jones #224,Basketball Cards 2024 Panini Mosaic,149,Ungraded,Normal wear,,,0,1,2025-10-02,,,,
9578928,Ludwigson #153,Soccer Cards 2024 Panini Select FIFA,1,Ungraded,Normal wear,,,0,1,2025-10-07,,,,
9261799,Brandon Miller #70,Basketball Cards 2024 Panini Revolution,146,Ungraded,Normal wear,,,0,1,2025-10-02,,,,
9937747,Marcus Sasser #78,Basketball Cards 2024 Panini Mosaic,25,Ungraded,Normal wear,,,0,1,2025-10-02,,,,
8775108,Kyle Kuzma #141,Basketball Cards 2024 Panini Donruss,99,Ungraded,Normal wear,,,0,1,2025-10-08,,,,
9094698,Geno Smith #60,Football Cards 2024 Panini Phoenix,154,Ungraded,Normal wear,,,0,1,2025-10-02,,,,
666086,Jerry Rice #438,Football Cards 1998 Upper Deck UD Choice,190,Ungraded,Normal wear,,,0,1,2026-01-09,,,,ACoolAUCTION - $7 Lot of Football
8531435,Tari Eason #12,Basketball Cards 2024 Panini Prizm,57,Ungraded,Normal wear,,,0,1,2025-08-30,,,,
9933118,Marcus Smart #5,Basketball Cards 2024 Panini Mosaic,125,Ungraded,Normal wear,,,0,1,2025-10-02,,,,
8555120,Jimmy Butler #164,Basketball Cards 2024 Panini Prizm,116,Ungraded,Normal wear,,,0,1,2025-10-02,,,,
8561258,Nikola Topic #3,Basketball Cards 2024 Panini Prizm Instant Impact,105,Ungraded,Normal wear,,,0,1,2025-08-31,,,,
9759027,Harrison Butker #49,Football Cards 2024 Panini Contenders,117,Ungraded,Normal wear,,,0,1,2025-10-07,,,,
11012005,Trafalgar Law OP13-031,One Piece Carrying on His Will,83,Ungraded,Normal wear,,,0,1,2026-03-02,,,,
8553365,Kobe Bufkin [Red Ice] #166,Basketball Cards 2024 Panini Prizm,200,Ungraded,Normal wear,,,0,1,2025-10-02,,,,
1885094,Phil Niekro #387,Baseball Cards 1981 Topps,157,Ungraded,Normal wear,,,0,1,2026-01-16,2026-01-15,,,
9947204,Kel'el Ware #232,Basketball Cards 2024 Panini Mosaic,169,Ungraded,Normal wear,,,0,1,2025-10-02,,,,
9780712,Paul George #37,Basketball Cards 2024 Panini Select,150,Ungraded,Normal wear,,,0,1,2025-08-09,,,,
8541967,Stephen Curry #134,Basketball Cards 2024 Panini Prizm,188,Ungraded,Normal wear,,,0,1,2025-08-31,,,,
8771074,Evan Mobley #67,Basketball Cards 2024 Panini Donruss,52,Ungraded,Normal wear,,,0,1,2025-10-08,,,,
11826621,Sarge #55,2025 Topps Chrome Disney,226,Ungraded,Normal wear,,,0,1,2026-03-10,,,,
8532553,Austin Reaves #26,Basketball Cards 2024 Panini Prizm,175,Ungraded,Normal wear,,,0,1,2025-08-30,,,,
10195697,Shaedon Sharpe #175,Basketball Cards 2024 Panini Donruss Optic,30,Ungraded,Normal wear,,,0,1,2025-10-08,,,,
10218174,Carson Kvapil #59,Racing Cards 2025 Panini Donruss NASCAR,127,Ungraded,Normal wear,,,0,1,2025-10-07,,,,
8556152,Norman Powell #203,Basketball Cards 2024 Panini Prizm,99,Ungraded,Normal wear,,,0,1,2025-10-08,,,,
8319433,Kelsey Plum #WNBA2,Basketball Cards 2024 Panini Prizm Monopoly WNBA Insert,151,Ungraded,Normal wear,,,0,1,2025-10-02,,,,
8777820,Ausar Thompson #200,Basketball Cards 2024 Panini Donruss,133,Ungraded,Normal wear,,,0,1,2025-10-08,,,,
8883326,Alexandar Georgiev #593,Hockey Cards 2020 Upper Deck Extended Series,261,Ungraded,Normal wear,,,0,1,2025-10-04,,,,
9389066,Arne Engels #151,Soccer Cards 2024 Topps Chrome UEFA,25,Ungraded,Normal wear,,,0,1,2026-01-16,,,,
3134228,Derek Forbort #651,Hockey Cards 2020 Upper Deck,99,Ungraded,Normal wear,,,0,1,2025-10-08,,,,
8704298,Cam York #376,Hockey Cards 2024 Upper Deck,86,Ungraded,Normal wear,,,0,1,2025-10-08,,,,
1925045,Dave Righetti #40,Baseball Cards 1987 Topps,133,Ungraded,Normal wear,,,0,1,2026-03-07,,,,
4514377,Donald Cerrone #33,Ufc Cards 2022 Panini Donruss Optic UFC,99,Ungraded,Normal wear,,,0,1,2025-10-02,,,,
7358951,T.J. Watt #217,Football Cards 2023 Panini Select,165,Ungraded,Normal wear,,,0,1,2025-10-02,,,,
8706766,Kirill Kaprizov / Matt Boldy #OT-32,Hockey Cards 2024 Upper Deck On Tour,169,Ungraded,Normal wear,,,0,1,2025-10-04,,,,
8531110,Devin Booker #8,Basketball Cards 2024 Panini Prizm,162,Ungraded,Normal wear,,,0,1,2025-08-30,,,,
10819531,Kasparas Jakucionis #220,Basketball Cards 2025 Topps,218,Ungraded,Normal wear,,,0,1,2026-03-10,,,,2025 - 26 TOPPS Flagship Basketball
9264468,Pacome Dadiet #143,Basketball Cards 2024 Panini Revolution,179,Ungraded,Normal wear,,,0,1,2026-02-21,2026-02-21,,,
3134263,David Rittich #686,Hockey Cards 2020 Upper Deck,113,Ungraded,Normal wear,,,0,1,2025-10-04,,,,
1888540,Mike Schmidt #339,Baseball Cards 1982 Topps,225,Ungraded,Normal wear,,,0,1,2025-12-25,,,,
8768303,Norman Powell #16,Basketball Cards 2024 Panini Donruss,99,Ungraded,Normal wear,,,0,1,2025-10-08,,,,
8770965,Immanuel Quickley #68,Basketball Cards 2024 Panini Donruss,87,Ungraded,Normal wear,,,0,1,2025-10-08,,,,
10965915,Ricky Pearsall #198,Football Cards 2025 Panini Mosaic,173,Ungraded,Normal wear,,,0,1,2026-03-05,,,,
5810885,The Indispensables: Bobby Bonilla / Will Clark #699,Baseball Cards 1992 Fleer,13,Ungraded,Normal wear,,,0,1,2026-01-16,2026-01-15,,,
9638404,Larry Johnson #98,Basketball Cards 2024 Topps Chrome,62,Ungraded,Normal wear,,,0,1,2025-10-07,,,,
1101604,Joe Montana #4,Football Cards 1988 Topps,184,Ungraded,Normal wear,,,33,1,2026-01-06,,,,ACoolAUCTION - $7 Lot of Football
9046789,Patrick Ewing [Sparkle] #LEG8,Basketball Cards 2024 Panini Prizm Monopoly Legends,0,Ungraded,Normal wear,,,0,1,2025-10-04,,,,
9934888,Spencer Dinwiddie #34,Basketball Cards 2024 Panini Mosaic,101,Ungraded,Normal wear,,,0,1,2025-10-02,,,,
9003240,Khalil Shakir #23,Football Cards 2024 Panini Donruss Optic,113,Ungraded,Normal wear,,,0,1,2025-10-04,,,,
8556257,Yves Missi #233,Basketball Cards 2024 Panini Prizm,87,Ungraded,Normal wear,,,0,1,2025-10-02,,,,
9859643,Sharabutdin Magomedov #FUP-14,Ufc Cards 2025 Topps Chrome UFC Fired Up,100,Ungraded,Normal wear,,,0,1,2025-10-07,,,,
9260777,Klay Thompson #37,Basketball Cards 2024 Panini Revolution,99,Ungraded,Normal wear,,,0,1,2025-10-04,,,,
7606128,Kevin Love #156,Basketball Cards 2023 Panini Hoops Premium Stock,25,Ungraded,Normal wear,,,0,1,2025-10-08,,,,
9389385,Maximilian Beier #159,Soccer Cards 2024 Topps Chrome UEFA,399,Ungraded,Normal wear,,,0,1,2025-10-02,,,,
9944558,Jamal Murray #192,Basketball Cards 2024 Panini Mosaic,125,Ungraded,Normal wear,,,0,1,2025-10-02,,,,
9851868,Vitor Petrino [Orange Refractor] #41,Ufc Cards 2025 Topps Chrome UFC,1240,Ungraded,Normal wear,,,0,1,2025-10-07,,,,
10188065,Kyle Lowry #69,Basketball Cards 2024 Panini Donruss Optic,100,Ungraded,Normal wear,,,0,1,2025-10-08,,,,
7605035,Jett Howard #129,Basketball Cards 2023 Panini Hoops Premium Stock,120,Ungraded,Normal wear,,,0,1,2025-10-08,,,,
9390469,Raul Asencio #186,Soccer Cards 2024 Topps Chrome UEFA,182,Ungraded,Normal wear,,,0,1,2025-10-02,,,,
8319277,Zia Cooke #69,Basketball Cards 2024 Panini Prizm Monopoly WNBA,3,Ungraded,Normal wear,,,0,1,2025-10-02,,,,
8318833,Nneka Ogwumike #54,Basketball Cards 2024 Panini Prizm Monopoly WNBA,140,Ungraded,Normal wear,,,0,1,2025-10-02,,,,
1937419,Mark Grace #465,Baseball Cards 1989 Topps,134,Ungraded,Normal wear,,,0,1,2026-03-07,,,,
11160075,Jalen Hurts #26,Football Cards 2025 Panini Phoenix Contours,135,Ungraded,Normal wear,,,0,1,2026-03-05,,,,2025 Panini Phoenix
4319844,Brett Favre [Red Lazer] #51,Football Cards 2022 Panini Select Draft Picks,172,Ungraded,Normal wear,,,33,1,2026-01-06,,,,ACoolAUCTION - $7 Lot of Football
10266391,Kawamatsu OP12-023,One Piece Legacy of the Master,9,Ungraded,Normal wear,,,0,1,2026-03-02,,,,
3401924,Justin Verlander #T52-16,Baseball Cards 2021 Topps 1952 Redux,113,Ungraded,Normal wear,,,0,1,2026-03-08,,,,
1783732,Ichiro Suzuki #280,Baseball Cards 2020 Topps Project 2020,550,Ungraded,Normal wear,,,0,1,2025-12-01,,,,
10216552,Nick Sanchez #3,Racing Cards 2025 Panini Donruss NASCAR,201,Ungraded,Normal wear,,,0,1,2025-10-07,,,,
10733635,Trey Amos #369,Football Cards 2025 Panini Donruss,100,Ungraded,Normal wear,,,0,1,2025-11-21,,,,
8561126,Nikola Jokic #2,Basketball Cards 2024 Panini Prizm Global Reach,146,Ungraded,Normal wear,,,0,1,2025-10-02,,,,
7613190,Ja Morant #19,Basketball Cards 2023 Panini Hoops Premium Stock Anti Gravity,142,Ungraded,Normal wear,,,0,1,2025-10-08,,,,
1100113,Jim Everett #145,Football Cards 1987 Topps,145,Ungraded,Normal wear,,,0,1,2026-03-05,,,,
1090954,Calvin Hill #131,Football Cards 1976 Topps,179,Ungraded,Normal wear,,,0,1,2025-12-25,,,,
9639133,Russell Westbrook #125,Basketball Cards 2024 Topps Chrome,150,Ungraded,Normal wear,,,0,1,2025-12-04,,,,
9391189,Nicolo Barella #23,Soccer Cards 2024 Topps Chrome UEFA,25,Ungraded,Normal wear,,,0,1,2025-10-02,,,,
10002719,Brent Rooker #54,Baseball Cards 2025 Topps Chrome,135,Ungraded,Normal wear,,,0,1,2025-08-09,,,,
3134257,Quinn Hughes #680,Hockey Cards 2020 Upper Deck,140,Ungraded,Normal wear,,,0,1,2025-10-08,,,,
1933267,Randy Johnson [Ad Partially Obscured] #381,Baseball Cards 1989 Fleer Glossy,13000,PSA 10,Normal wear,,,0,1,2025-12-01,,,,
9264923,John Stockton #154,Basketball Cards 2024 Panini Revolution,175,Ungraded,Normal wear,,,0,1,2025-10-04,,,,
287171,Dan Marino #13,Football Cards 2019 Panini Absolute NFL Icons,200,Ungraded,Normal wear,,,33,1,2026-01-06,,,,ACoolAUCTION - $7 Lot of Football
8318772,Chennedy Carter #52,Basketball Cards 2024 Panini Prizm Monopoly WNBA,173,Ungraded,Normal wear,,,0,1,2025-10-02,,,,
10266398,Dracule Mihawk OP12-030,One Piece Legacy of the Master,200,Ungraded,Normal wear,,,0,1,2026-03-02,,,,
10818964,Rudy Gobert #111,Basketball Cards 2025 Topps,99,Ungraded,Normal wear,,,0,1,2026-03-10,,,,
7600241,Toumani Camara #10,Basketball Cards 2023 Panini Hoops Premium Stock,150,Ungraded,Normal wear,,,0,1,2025-10-08,,,,
9574933,Kaua Santos #33,Soccer Cards 2024 Panini Select FIFA,149,Ungraded,Normal wear,,,0,1,2025-10-07,,,,
1885072,Graig Nettles #365,Baseball Cards 1981 Topps,165,Ungraded,Normal wear,,,0,1,2025-12-25,,,,
11822239,22 #37,2025 Topps Chrome Disney,168,Ungraded,Normal wear,,,0,1,2026-03-10,,,,
10266488,Shirahoshi OP12-102,One Piece Legacy of the Master,99,Ungraded,Normal wear,,,0,1,2026-03-02,,,,
11012005,Trafalgar Law OP13-031,One Piece Carrying on His Will,83,Ungraded,Normal wear,,,0,1,2026-03-02,,,,
8317738,DiJonai Carrington #17,Basketball Cards 2024 Panini Prizm Monopoly WNBA,170,Ungraded,Normal wear,,,0,1,2025-10-02,,,,
9577764,Savinho #126,Soccer Cards 2024 Panini Select FIFA,228,Ungraded,Normal wear,,,0,1,2025-08-07,,,,
10266393,Koushirou OP12-027,One Piece Legacy of the Master,20,Ungraded,Normal wear,,,0,1,2026-03-02,,,,
9209544,Tony Dorsett #GG-12,Football Cards 2024 Topps Resurgence Glimmer and Gleam,148,Ungraded,Normal wear,,,0,1,2025-10-03,,,,
634893,Joe Montana #479,Football Cards 1991 Bowman,175,Ungraded,Normal wear,,,0,1,2026-01-06,,,,ACoolAUCTION - $7 Lot of Football
8561165,Zaccharie Risacher #7,Basketball Cards 2024 Panini Prizm Global Reach,110,Ungraded,Normal wear,,,0,1,2025-08-31,,,,
9644806,Tyrese Haliburton [Refractor] #CC-3,Basketball Cards 2024 Topps Chrome Countdown Complete,111,Ungraded,Normal wear,,,0,1,2025-10-07,,,,
7352825,Joe Klecko #76,Football Cards 2023 Panini Select,125,Ungraded,Normal wear,,,0,1,2025-10-02,,,,
9950761,Alexandre Sarr #278,Basketball Cards 2024 Panini Mosaic,183,Ungraded,Normal wear,,,0,1,2025-10-03,,,,
7610626,Cole Anthony [Ice Prizm] #268,Basketball Cards 2023 Panini Hoops Premium Stock,100,Ungraded,Normal wear,,,0,1,2025-10-08,,,,
7600119,Ivica Zubac #7,Basketball Cards 2023 Panini Hoops Premium Stock,53,Ungraded,Normal wear,,,0,1,2025-10-08,,,,
9933495,Max Strus #11,Basketball Cards 2024 Panini Mosaic,299,Ungraded,Normal wear,,,0,1,2025-10-02,,,,
1164585,Joe Montana #15,Football Cards 1995 Fleer Flair Preview,217,Ungraded,Normal wear,,,0,1,2026-01-06,,,,ACoolAUCTION - $7 Lot of Football
9783698,Tristan da Silva [Blue] #83,Basketball Cards 2024 Panini Select,99,Ungraded,Normal wear,,,0,1,2025-08-09,,,,
9550546,Brett Howden #642,Hockey Cards 2024 Upper Deck,1,Ungraded,Normal wear,,,0,1,2025-10-02,,,,
8539324,Dorian Finney-Smith #108,Basketball Cards 2024 Panini Prizm,150,Ungraded,Normal wear,,,0,1,2025-08-31,,,,
10005863,Hunter Renfroe [Refractor] #125,Baseball Cards 2025 Topps Chrome,109,Ungraded,Normal wear,,,0,1,2025-08-09,,,,
8533759,Cade Cunningham #41,Basketball Cards 2024 Panini Prizm,149,Ungraded,Normal wear,,,0,1,2025-10-08,,,,
5075401,Mike Piazza / Mike Stanley #391,Baseball Cards 1994 Topps,123,Ungraded,Normal wear,,,0,1,2026-03-07,,,,
6951405,Heung-Min Son #86,Soccer Cards 2023 Panini Select Premier League,115,Ungraded,Normal wear,,,0,1,2025-10-07,,,,
4786054,Charlie Hayes #187,Baseball Cards 2001 Topps,144,Ungraded,Normal wear,,,0,1,2025-12-01,,,,
9803110,Shai Gilgeous-Alexander [Silver Prizm] #10,Basketball Cards 2024 Panini Select Neon Icon,399,Ungraded,Normal wear,,,0,1,2025-10-04,,,,
8554566,Jason Williams #287,Basketball Cards 2024 Panini Prizm,174,Ungraded,Normal wear,,,0,1,2025-10-02,,,,
8563507,Andres Gimenez #270,Baseball Cards 2025 Topps,101,Ungraded,Normal wear,,,0,1,2025-10-14,,,,
10028599,Josh Leivo #517,Hockey Cards 2020 Upper Deck Extended Series,25,Ungraded,Normal wear,,,0,1,2025-10-04,,,,
8881940,Nick Bjugstad #566,Hockey Cards 2020 Upper Deck Extended Series,25,Ungraded,Normal wear,,,0,1,2025-10-04,,,,
1964723,Greg Maddux #183,Baseball Cards 1993 Topps,139,Ungraded,Normal wear,,,0,1,2025-11-12,,,,
8530711,Jordan Clarkson #3,Basketball Cards 2024 Panini Prizm,129,Ungraded,Normal wear,,,0,1,2025-08-30,,,,
6952154,Ollie Watkins #111,Soccer Cards 2023 Panini Select Premier League,4,Ungraded,Normal wear,,,0,1,2025-10-07,,,,
9758655,Jahmyr Gibbs #32,Football Cards 2024 Panini Contenders,138,Ungraded,Normal wear,,,0,1,2025-10-07,,,,
10218641,Michael McDowell #79,Racing Cards 2025 Panini Donruss NASCAR,25,Ungraded,Normal wear,,,0,1,2025-10-07,,,,
9260396,Mikal Bridges [Blue Storm] #25,Basketball Cards 2024 Panini Revolution,100,Ungraded,Normal wear,,,0,1,2025-08-13,,,,
9760101,Terry McLaurin #99,Football Cards 2024 Panini Contenders,1,Ungraded,Normal wear,,,0,1,2025-10-07,,,,
9764022,Anthony Munoz / Art Monk #4,Football Cards 2024 Panini Contenders Historic Draft Class,165,Ungraded,Normal wear,,,0,1,2025-10-07,,,,
7659425,Donovan Peoples-Jones / Luke Schoonmaker / Nico Collins #12,Football Cards 2024 Panini Prestige Alma Maters,134,Ungraded,Normal wear,,,0,1,2025-10-02,,,,
3134124,Thomas Greiss #544,Hockey Cards 2020 Upper Deck,83,Ungraded,Normal wear,,,0,1,2025-10-02,,,,
8538227,Tyrese Maxey [Red White Blue] #96,Basketball Cards 2024 Panini Prizm,129,Ungraded,Normal wear,,,0,1,2025-10-02,,,,
10008174,CJ Abrams #176,Baseball Cards 2025 Topps Chrome,149,Ungraded,Normal wear,,,0,1,2025-10-07,,,,
9398449,Kenan Yildiz #WK-19,Soccer Cards 2024 Topps Chrome UEFA Wonderkids,100,Ungraded,Normal wear,,,0,1,2025-10-07,,,,
10004007,Jeimer Candelario [Raywave] #85,Baseball Cards 2025 Topps Chrome,128,Ungraded,Normal wear,,,0,1,2025-08-09,,,,
11146078,Jaylin Noel #161,Football Cards 2025 Panini Phoenix,127,Ungraded,Normal wear,,,0,1,2026-03-05,,,,2025 Panini Phoenix
9492287,Donovan McNabb #45,Football Cards 2024 Topps Signature Class,8,Ungraded,Normal wear,,,0,1,2025-10-07,,,,
10053755,Adem Bona [Blue Prizm] #196,Basketball Cards 2024 Panini Select,99,Ungraded,Normal wear,,,0,1,2026-01-16,2026-01-16,,,
10006281,Emmanuel Clase [Raywave] #135,Baseball Cards 2025 Topps Chrome,138,Ungraded,Normal wear,,,0,1,2025-08-09,,,,
9911865,Tiny Martinez #36,Baseball Cards 1998 Pinnacle Performers,0,Ungraded,Normal wear,,,0,1,2025-11-12,,,,
8539741,Shai Gilgeous-Alexander [Red White Blue] #113,Basketball Cards 2024 Panini Prizm,299,Ungraded,Normal wear,,,0,1,2025-10-02,,,,
1169606,Dan Marino #13,Football Cards 1995 Playoff Absolute,125,Ungraded,Normal wear,,,33,1,2026-01-06,,,,ACoolAUCTION - $7 Lot of Football
8141969,Will Levis #97,Football Cards 2024 Panini Absolute,99,Ungraded,Normal wear,,,0,1,2025-10-02,,,,
9575986,Nico Gonzalez #58,Soccer Cards 2024 Panini Select FIFA,165,Ungraded,Normal wear,,,0,1,2025-10-07,,,,
9637829,Tyler Herro #79,Basketball Cards 2024 Topps Chrome,199,Ungraded,Normal wear,,,0,1,2025-10-07,,,,
7606777,CJ McCollum #172,Basketball Cards 2023 Panini Hoops Premium Stock,312,Ungraded,Normal wear,,,0,1,2025-10-08,,,,
9959617,Jared McCain [Reactive Blue] #17,Basketball Cards 2024 Panini Mosaic Thunder Road,543,Ungraded,Normal wear,,,2143,1,2025-08-13,,,,
8563446,Taylor Ward #209,Baseball Cards 2025 Topps,147,Ungraded,Normal wear,,,0,1,2025-10-14,,,,
9003698,Montez Sweat #37,Football Cards 2024 Panini Donruss Optic,225,Ungraded,Normal wear,,,0,1,2025-10-04,,,,
9391303,Darwin Nunez [Wave Refractor] #89,Soccer Cards 2024 Topps Chrome UEFA,99,Ungraded,Normal wear,,,0,1,2025-10-07,,,,
10007674,Anthony Volpe [Sepia] #162,Baseball Cards 2025 Topps Chrome,127,Ungraded,Normal wear,,,0,1,2025-08-09,,,,
10738557,Tetairoa McMillan #BS-TMN,Football Cards 2025 Panini Donruss Bomb Squad,209,Ungraded,Normal wear,,,0,1,2025-11-22,,,,
8530089,Jack Eichel #T-8,Hockey Cards 2020 Upper Deck 2005-06 Tribute,95,Ungraded,Normal wear,,,0,1,2025-10-08,,,,
8772668,Bradley Beal #97,Basketball Cards 2024 Panini Donruss,105,Ungraded,Normal wear,,,0,1,2025-10-08,,,,
4514423,Jorge Masvidal #79,Ufc Cards 2022 Panini Donruss Optic UFC,99,Ungraded,Normal wear,,,0,1,2025-10-02,,,,
8704713,Teddy Blueger #428,Hockey Cards 2024 Upper Deck,142,Ungraded,Normal wear,,,0,1,2025-10-08,,,,
9785022,Donovan Clingan #69,Basketball Cards 2024 Panini Select,149,Ungraded,Normal wear,,,0,1,2025-10-04,,,,
7352606,Taysom Hill #71,Football Cards 2023 Panini Select,123,Ungraded,Normal wear,,,0,1,2025-10-02,,,,
8542531,Jaylen Brown [Red White Blue] #139,Basketball Cards 2024 Panini Prizm,149,Ungraded,Normal wear,,,0,1,2025-10-02,,,,
9200633,Darrelle Revis #74,Football Cards 2024 Topps Resurgence,138,Ungraded,Normal wear,,,0,1,2025-10-02,,,,
287167,Barry Sanders #9,Football Cards 2019 Panini Absolute NFL Icons,136,Ungraded,Normal wear,,,0,1,2026-01-09,,,,ACoolAUCTION - $7 Lot of Football
1925712,Jesse Orosco #704,Baseball Cards 1987 Topps,147,Ungraded,Normal wear,,,0,1,2026-03-07,,,,
7600902,Talen Horton-Tucker [Purple Ice Prizm] #26,Basketball Cards 2023 Panini Hoops Premium Stock,175,Ungraded,Normal wear,,,0,1,2025-10-08,,,,
9856077,Reinier de Ridder [Prism Refractor] #185,Ufc Cards 2025 Topps Chrome UFC,449,Ungraded,Normal wear,,,0,1,2025-10-07,,,,
3821753,Gabe Vilardi [Silver] #UV-32,Hockey Cards 2020 Upper Deck Ultimate Victory,123,Ungraded,Normal wear,,,0,1,2025-10-04,,,,
1964942,Wade Boggs #390,Baseball Cards 1993 Topps,142,Ungraded,Normal wear,,,0,1,2025-11-12,,,,
9260619,Kyrie Irving #33,Basketball Cards 2024 Panini Revolution,99,Ungraded,Normal wear,,,0,1,2025-10-02,,,,
635582,Lawrence Taylor #398,Football Cards 1991 Fleer,148,Ungraded,Normal wear,,,0,1,2026-01-09,,,,ACoolAUCTION - $7 Lot of Football
9147249,Michael Del Zotto #535,Hockey Cards 2020 Upper Deck Extended Series,25,Ungraded,Normal wear,,,0,1,2025-10-04,,,,
8557324,Gilbert Arenas [Red White Blue] #275,Basketball Cards 2024 Panini Prizm,169,Ungraded,Normal wear,,,0,1,2025-10-02,,,,
9577773,Leandro Trossard [Orange Fluorescent] #115,Soccer Cards 2024 Panini Select FIFA,422,Ungraded,Normal wear,,,0,1,2026-01-10,,,,
11139913,Hakeem Nicks #86,Football Cards 2025 Panini Phoenix,200,Ungraded,Normal wear,,,0,1,2026-03-05,,,,2025 Panini Phoenix
8771391,Jordan Poole #72,Basketball Cards 2024 Panini Donruss,99,Ungraded,Normal wear,,,0,1,2025-10-08,,,,
1887149,Dave Kingman #182,Baseball Cards 1982 Donruss,148,Ungraded,Normal wear,,,0,1,2025-12-01,,,,
10080014,Corey Perry #573,Hockey Cards 2020 Upper Deck Extended Series,109,Ungraded,Normal wear,,,0,1,2025-10-04,,,,
3134227,Pierre Luc Dubois #650,Hockey Cards 2020 Upper Deck,150,Ungraded,Normal wear,,,0,1,2025-10-08,,,,
10009815,Jacob deGrom #214,Baseball Cards 2025 Topps Chrome,153,Ungraded,Normal wear,,,0,1,2025-10-07,,,,
6908714,Denny Hamlin [Red Blue] #15,Racing Cards 2024 Donruss NASCAR,25,Ungraded,Normal wear,,,0,1,2026-03-07,,,,
8703835,Calvin Pickard #317,Hockey Cards 2024 Upper Deck,90,Ungraded,Normal wear,,,0,1,2025-10-02,,,,
1931867,Bobby Bonilla #681,Baseball Cards 1988 Topps,115,Ungraded,Normal wear,,,0,1,2026-01-16,2026-01-15,,,
6910073,Spencer Boyd #122,Racing Cards 2024 Donruss NASCAR,123,Ungraded,Normal wear,,,0,1,2026-03-07,,,,
3134245,Nico Hischier #668,Hockey Cards 2020 Upper Deck,149,Ungraded,Normal wear,,,0,1,2025-10-08,,,,
8534807,Bradley Beal #54,Basketball Cards 2024 Panini Prizm,100,Ungraded,Normal wear,,,0,1,2025-08-31,,,,
8545512,Nick Smith Jr. [Red Ice] #185,Basketball Cards 2024 Panini Prizm,25,Ungraded,Normal wear,,,0,1,2025-10-02,,,,
10266405,Perona OP12-034,One Piece Legacy of the Master,622,Ungraded,Normal wear,,,0,1,2026-03-02,,,,
1159520,Barry Sanders #69,Football Cards 1995 Collector's Edge,169,Ungraded,Normal wear,,,3,1,2026-01-09,,,,ACoolAUCTION - $7 Lot of Football
10732919,Jaylin Lane #335,Football Cards 2025 Panini Donruss,99,Ungraded,Normal wear,,,0,1,2025-11-21,,,,
9638274,Zach Lavine [Green Refractor] #84,Basketball Cards 2024 Topps Chrome,199,Ungraded,Normal wear,,,0,1,2026-01-16,2026-01-16,,,
9764048,Drew Brees / Michael Vick #19,Football Cards 2024 Panini Contenders Historic Draft Class,154,Ungraded,Normal wear,,,0,1,2025-10-07,,,,
8703447,Rasmus Andersson #268,Hockey Cards 2024 Upper Deck,188,Ungraded,Normal wear,,,0,1,2025-10-08,,,,
10819874,Steve Kerr #267,Basketball Cards 2025 Topps,127,Ungraded,Normal wear,,,0,1,2026-03-10,,,,2025 - 26 TOPPS Flagship Basketball
10005657,Coby Mayo #120,Baseball Cards 2025 Topps Chrome,121,Ungraded,Normal wear,,,0,1,2025-08-09,,,,
9259753,Stephen Curry #6,Basketball Cards 2024 Panini Revolution,225,Ungraded,Normal wear,,,0,1,2025-10-02,,,,
9854177,Jessica Andrade #119,Ufc Cards 2025 Topps Chrome UFC,200,Ungraded,Normal wear,,,0,1,2025-10-07,,,,
3134142,Lias Andersson #562,Hockey Cards 2020 Upper Deck,145,Ungraded,Normal wear,,,0,1,2025-10-04,,,,
7351936,Puka Nacua #56,Football Cards 2023 Panini Select,117,Ungraded,Normal wear,,,0,1,2025-10-02,,,,
4016250,Bo Jackson #LGD-BJA,Football Cards 2021 Panini Legendary Contenders,158,Ungraded,Normal wear,,,3,1,2026-01-09,,,,ACoolAUCTION - $7 Lot of Football
8319606,Satou Sabally #WNBA8,Basketball Cards 2024 Panini Prizm Monopoly WNBA Insert,116,Ungraded,Normal wear,,,0,1,2025-08-09,,,,
405060,Dan Marino [Orange Lazer] #18,Football Cards 2020 Panini Prizm,412,Ungraded,Normal wear,,,33,1,2026-01-06,,,,ACoolAUCTION - $7 Lot of Football
11824316,Marshmallow #115,2025 Topps Chrome Disney,175,Ungraded,Normal wear,,,0,1,2026-03-10,,,,
3134128,Givani Smith #548,Hockey Cards 2020 Upper Deck,123,Ungraded,Normal wear,,,0,1,2025-10-02,,,,
8318566,Jonquel Jones #45,Basketball Cards 2024 Panini Prizm Monopoly WNBA,189,Ungraded,Normal wear,,,0,1,2025-10-02,,,,
9387558,Kjell Watjen #118,Soccer Cards 2024 Topps Chrome UEFA,25,Ungraded,Normal wear,,,0,1,2025-10-02,,,,
8027188,Viktor Gyokeres #131,Soccer Cards 2024 Topps UEFA,119,Ungraded,Normal wear,,,0,1,2025-10-07,,,,
8773391,Gradey Dick #113,Basketball Cards 2024 Panini Donruss,21,Ungraded,Normal wear,,,0,1,2025-10-08,,,,
8542509,Jaylen Brown #139,Basketball Cards 2024 Panini Prizm,99,Ungraded,Normal wear,,,0,1,2025-08-31,,,,
9935096,Jalen Johnson #35,Basketball Cards 2024 Panini Mosaic,25,Ungraded,Normal wear,,,0,1,2025-10-02,,,,
1964702,Kenny Rogers #169,Baseball Cards 1993 Topps,160,Ungraded,Normal wear,,,0,1,2025-12-06,,,,
9585218,Rafael Leao #16,Soccer Cards 2024 Panini Select FIFA Equalizers,131,Ungraded,Normal wear,,,0,1,2025-10-07,,,,
3169179,Jerry Rice #5,Football Cards 1995 Fleer TD Sensation,147,Ungraded,Normal wear,,,0,1,2026-01-09,,,,ACoolAUCTION - $7 Lot of Football
8531758,Scottie Barnes #16,Basketball Cards 2024 Panini Prizm,250,Ungraded,Normal wear,,,0,1,2025-08-30,,,,
9263774,AJ Johnson [Cubic] #140,Basketball Cards 2024 Panini Revolution,276,Ungraded,Normal wear,,,0,1,2025-08-13,,,,
9259894,Josh Giddey #10,Basketball Cards 2024 Panini Revolution,200,Ungraded,Normal wear,,,0,1,2025-10-02,,,,
9390469,Raul Asencio #186,Soccer Cards 2024 Topps Chrome UEFA,182,Ungraded,Normal wear,,,0,1,2025-10-02,,,,
1932823,Paul O'Neill #313,Baseball Cards 1989 Bowman,100,Ungraded,Normal wear,,,0,1,2025-10-08,,,,
9260945,James Harden #43,Basketball Cards 2024 Panini Revolution,23,Ungraded,Normal wear,,,0,1,2025-10-02,,,,
10197186,Eric Gordon #189,Basketball Cards 2024 Panini Donruss Optic,116,Ungraded,Normal wear,,,0,1,2025-10-08,,,,
9095347,Ja'Marr Chase #72,Football Cards 2024 Panini Phoenix,174,Ungraded,Normal wear,,,0,1,2025-10-02,,,,
7609961,Gradey Dick [Purple Ice Prizm] #251,Basketball Cards 2023 Panini Hoops Premium Stock,1500,Ungraded,Normal wear,,,0,1,2025-10-08,,,,
10819754,Dirk Nowitzki #252,Basketball Cards 2025 Topps,113,Ungraded,Normal wear,,,0,1,2026-03-10,,,,2025 - 26 TOPPS Flagship Basketball
10185182,Jaden Hardy #33,Basketball Cards 2024 Panini Donruss Optic,99,Ungraded,Normal wear,,,0,1,2025-10-08,,,,
7607419,Buddy Hield #188,Basketball Cards 2023 Panini Hoops Premium Stock,155,Ungraded,Normal wear,,,0,1,2025-10-08,,,,
8545002,P.J. Washington Jr. #174,Basketball Cards 2024 Panini Prizm,100,Ungraded,Normal wear,,,0,1,2025-08-31,,,,
6910840,Carson Hocevar #182,Racing Cards 2024 Donruss NASCAR,99,Ungraded,Normal wear,,,0,1,2026-03-07,,,,
1164587,Dan Marino #18,Football Cards 1995 Fleer Flair Preview,172,Ungraded,Normal wear,,,0,1,2026-01-06,,,,ACoolAUCTION - $7 Lot of Football
7605560,Max Christie #142,Basketball Cards 2023 Panini Hoops Premium Stock,109,Ungraded,Normal wear,,,0,1,2025-10-08,,,,
9260038,Michael Porter Jr. #15,Basketball Cards 2024 Panini Revolution,99,Ungraded,Normal wear,,,0,1,2025-10-04,,,,
1893362,Sparky Lyle #693,Baseball Cards 1983 Topps,159,Ungraded,Normal wear,,,0,1,2025-12-25,,,,
79726,Karl Malone #P40,Basketball Cards 1992 Upper Deck McDonald's,143,Ungraded,Normal wear,,,0,1,2026-03-08,,,,
8776028,Jusuf Nurkic #154,Basketball Cards 2024 Panini Donruss,133,Ungraded,Normal wear,,,0,1,2025-10-08,,,,
1881019,Mike Schmidt #270,Baseball Cards 1980 Topps,185,Ungraded,Normal wear,,,0,1,2025-12-25,,,,
8772812,Amen Thompson #103,Basketball Cards 2024 Panini Donruss,102,Ungraded,Normal wear,,,0,1,2025-10-08,,,,
2920761,Ja Morant #40,Basketball Cards 2020 Panini Mosaic,135,Ungraded,Normal wear,,,0,1,2025-08-15,,,,
1860408,Bert Blyleven #26,Baseball Cards 1971 O Pee Chee,375800,Graded 9,Normal wear,,,0,1,2025-11-02,,,,
9937314,Desmond Bane #72,Basketball Cards 2024 Panini Mosaic,129,Ungraded,Normal wear,,,0,1,2025-10-02,,,,
259631,Jerry Rice [Silver Prizm] #287,Football Cards 2019 Panini Prizm,299,Ungraded,Normal wear,,,0,1,2026-01-09,,,,ACoolAUCTION - $7 Lot of Football
7607901,Gary Trent Jr. #200,Basketball Cards 2023 Panini Hoops Premium Stock,150,Ungraded,Normal wear,,,0,1,2025-10-08,,,,
8317827,Charisma Osborne #20,Basketball Cards 2024 Panini Prizm Monopoly WNBA,125,Ungraded,Normal wear,,,0,1,2025-10-02,,,,
9549302,Robby Fabbri #501,Hockey Cards 2024 Upper Deck,166,Ungraded,Normal wear,,,0,1,2025-10-02,,,,
9763904,MarShawn Lloyd #RTS-MLD,Football Cards 2024 Panini Contenders Rookie Ticket Swatch,100,Ungraded,Normal wear,,,0,1,2025-10-07,,,,
7653942,Jake Elliott #245,Football Cards 2024 Panini Prestige,129,Ungraded,Normal wear,,,0,1,2025-10-02,,,,
8769828,Jae Crowder #44,Basketball Cards 2024 Panini Donruss,21,Ungraded,Normal wear,,,0,1,2025-10-08,,,,
8319754,Lisa Leslie #WNBA13,Basketball Cards 2024 Panini Prizm Monopoly WNBA Insert,186,Ungraded,Normal wear,,,0,1,2025-08-09,,,,
1923771,Ozzie Smith #5,Baseball Cards 1987 Topps All Star 22,121,Ungraded,Normal wear,,,0,1,2025-11-02,,,,
7352912,Joe Tippmann #78,Football Cards 2023 Panini Select,167,Ungraded,Normal wear,,,0,1,2025-10-02,,,,
8704633,Darren Raddysh #410,Hockey Cards 2024 Upper Deck,108,Ungraded,Normal wear,,,0,1,2025-10-02,,,,
9854356,Rinya Nakamura #128,Ufc Cards 2025 Topps Chrome UFC,199,Ungraded,Normal wear,,,0,1,2025-10-07,,,,
8846131,Devin Vassell [Green] #25,Basketball Cards 2024 Panini Prizm,142,Ungraded,Normal wear,,,0,1,2025-10-03,,,,
1919765,Bob Ojeda #81T,Baseball Cards 1986 Topps Traded,151,Ungraded,Normal wear,,,3,1,2026-01-16,2026-01-16,,,
9758415,Ja'Marr Chase #21,Football Cards 2024 Panini Contenders,123,Ungraded,Normal wear,,,0,1,2025-10-07,,,,
9784782,Pacome Dadiet #99,Basketball Cards 2024 Panini Select,209,Ungraded,Normal wear,,,0,1,2025-10-04,,,,
1945398,Barry Bonds #33,Baseball Cards 1991 Fleer,126,Ungraded,Normal wear,,,0,1,2025-11-12,,,,
8538841,Jalen Green #102,Basketball Cards 2024 Panini Prizm,6,Ungraded,Normal wear,,,0,1,2025-08-31,,,,
9635715,Alonzo Mourning #9,Basketball Cards 2024 Topps Chrome,124,Ungraded,Normal wear,,,0,1,2025-10-07,,,,
9551753,Sebastian Aho #BH-11,Hockey Cards 2024 Upper Deck Beehive,115,Ungraded,Normal wear,,,0,1,2025-10-02,,,,
8533775,Cade Cunningham [Red White Blue] #41,Basketball Cards 2024 Panini Prizm,142,Ungraded,Normal wear,,,0,1,2025-08-30,,,,
7353754,Tyjae Spears #97,Football Cards 2023 Panini Select,95,Ungraded,Normal wear,,,0,1,2025-10-02,,,,
8548568,Kyshawn George #257,Basketball Cards 2024 Panini Prizm,125,Ungraded,Normal wear,,,0,1,2025-10-02,,,,
7652658,Sam Darnold #191,Football Cards 2024 Panini Prestige,118,Ungraded,Normal wear,,,0,1,2025-10-02,,,,
1965309,Anthony Young #734,Baseball Cards 1993 Topps,127,Ungraded,Normal wear,,,0,1,2025-11-12,,,,
8532156,Marcus Sasser #21,Basketball Cards 2024 Panini Prizm,150,Ungraded,Normal wear,,,0,1,2025-08-31,,,,
2045826,David Ortiz #136,Baseball Cards 2001 Topps,189,Ungraded,Normal wear,,,0,1,2026-03-07,,,,
1953253,Frank Viola #518,Baseball Cards 1992 Fleer,150,Ungraded,Normal wear,,,0,1,2026-01-16,2026-01-15,,,
8555468,Adem Bona [Red Ice] #267,Basketball Cards 2024 Panini Prizm,195,Ungraded,Normal wear,,,0,1,2025-10-02,,,,
10733439,Nick Emmanwori #348,Football Cards 2025 Panini Donruss,137,Ungraded,Normal wear,,,0,1,2025-11-21,,,,
5868862,Myisha Hines Allen #86,Basketball Cards 2023 Panini Prizm WNBA,6,Ungraded,Normal wear,,,0,1,2025-10-04,,,,
8881131,Jack Roslovic #538,Hockey Cards 2020 Upper Deck Extended Series,99,Ungraded,Normal wear,,,0,1,2025-10-04,,,,
9576954,Rose Lavelle #94,Soccer Cards 2024 Panini Select FIFA,175,Ungraded,Normal wear,,,0,1,2025-08-07,,,,
9850775,Miranda Maverick #5,Ufc Cards 2025 Topps Chrome UFC,162,Ungraded,Normal wear,,,0,1,2025-10-07,,,,
8561393,Tristan da Silva #20,Basketball Cards 2024 Panini Prizm Instant Impact,99,Ungraded,Normal wear,,,0,1,2025-08-31,,,,
1956899,Nolan Ryan #1,Baseball Cards 1992 Topps,138,Ungraded,Normal wear,,,0,1,2026-03-07,,,,
8550081,Malik Beasley [Red White Blue] #211,Basketball Cards 2024 Panini Prizm,157,Ungraded,Normal wear,,,0,1,2025-10-02,,,,
10818665,Mark Williams #70,Basketball Cards 2025 Topps,99,Ungraded,Normal wear,,,0,1,2026-03-10,,,,2025 - 26 TOPPS Flagship Basketball
7602586,Trayce Jackson-Davis [Ice Prizm] #68,Basketball Cards 2023 Panini Hoops Premium Stock,142,Ungraded,Normal wear,,,0,1,2025-10-08,,,,
1893373,1982 Stolen Base Leaders: Rickey Henderson / Tim Raines #704,Baseball Cards 1983 Topps,139,Ungraded,Normal wear,,,0,1,2025-11-12,,,,
9949090,Jonas Valanciunas #169,Basketball Cards 2024 Panini Mosaic,225,Ungraded,Normal wear,,,0,1,2025-10-02,,,,
9549748,Erik Gustafsson #551,Hockey Cards 2024 Upper Deck,36,Ungraded,Normal wear,,,0,1,2025-10-02,,,,
7937428,Quincy Williams #174,Football Cards 2024 Panini Mosaic,95,Ungraded,Normal wear,,,0,1,2025-10-04,,,,
7376641,Jordan Poole #277,Basketball Cards 2023 Panini Haunted Hoops,67,Ungraded,Normal wear,,,3,1,2026-01-16,,,,
5604270,Bobby Jones #22,Baseball Cards 2001 Topps Opening Day,149,Ungraded,Normal wear,,,0,1,2025-12-25,,,,
8558031,Tyler Kolek [Red White Blue] #225,Basketball Cards 2024 Panini Prizm,225,Ungraded,Normal wear,,,0,1,2025-10-02,,,,
8547864,Dillon Jones [Red Ice] #240,Basketball Cards 2024 Panini Prizm,100,Ungraded,Normal wear,,,0,1,2025-10-02,,,,
1937739,Sid Fernandez #790,Baseball Cards 1989 Topps,123,Ungraded,Normal wear,,,0,1,2026-01-16,2026-01-15,,,
5442801,Toronto Blue Jays Checklist #330,Baseball Cards 1994 Score,140,Ungraded,Normal wear,,,0,1,2025-12-06,,,,
3524300,Bo Jackson #185,Football Cards 2021 Panini Prizm,159,Ungraded,Normal wear,,,0,1,2026-01-08,,,,ACoolAUCTION - $7 Lot of Football
1946922,Tony Gwynn #500,Baseball Cards 1991 Score,106,Ungraded,Normal wear,,,0,1,2026-03-08,,,,
9492148,Dan Marino #28,Football Cards 2024 Topps Signature Class,146,Ungraded,Normal wear,,,0,1,2025-10-07,,,,
6951684,Divin Mubama [Pink Mojo] #95,Soccer Cards 2023 Panini Select Premier League,201,Ungraded,Normal wear,,,0,1,2025-10-07,,,,
10818985,Shai Gilgeous-Alexander #115,Basketball Cards 2025 Topps,115,Ungraded,Normal wear,,,0,1,2026-03-10,,,,
8319930,Sue Bird #WNBA19,Basketball Cards 2024 Panini Prizm Monopoly WNBA Insert,167,Ungraded,Normal wear,,,0,1,2025-10-02,,,,
6908725,Gray Gaulding #16,Racing Cards 2024 Donruss NASCAR,25,Ungraded,Normal wear,,,0,1,2026-03-07,,,,
9550870,Tomas Hertl #677,Hockey Cards 2024 Upper Deck,136,Ungraded,Normal wear,,,0,1,2025-10-02,,,,
8548661,Pacome Dadiet [Ice] #259,Basketball Cards 2024 Panini Prizm,218,Ungraded,Normal wear,,,0,1,2025-10-03,,,,
11823014,Fix-It Felix #66,2025 Topps Chrome Disney,233,Ungraded,Normal wear,,,0,1,2026-03-10,,,,
8773598,Spencer Dinwiddie #112,Basketball Cards 2024 Panini Donruss,10,Ungraded,Normal wear,,,0,1,2025-10-08,,,,
10818340,Baylor Scheierman #5,Basketball Cards 2025 Topps,99,Ungraded,Normal wear,,,0,1,2026-03-10,,,,2025 - 26 TOPPS Flagship Basketball
4647696,2006 W [BURNISHED],Coins American Silver Eagle,23200,MS69,No blemishes,,,6800,1,2026-01-10,2025-12-26,PCGS,11250034,ACoolCOIN - American Silver Eagle
3135702,Sasha Chmelevski #718,Hockey Cards 2020 Upper Deck,134,Ungraded,Normal wear,,,0,1,2025-10-04,,,,
9507708,Will Shipley #RCV-107,Football Cards 2024 Topps Signature Class Rookie Chrome Variation,408,Ungraded,Normal wear,,,0,1,2025-10-07,,,,
8560067,Mike Conley #137,Basketball Cards 2024 Panini Prizm,5,Ungraded,Normal wear,,,0,1,2025-08-31,,,,
9758674,Amon-Ra St. Brown #33,Football Cards 2024 Panini Contenders,112,Ungraded,Normal wear,,,0,1,2025-10-07,,,,
9994481,Jerry Rice #ATGK-JR,Football Cards 2020 Panini Donruss All Time Gridiron Kings,244,Ungraded,Normal wear,,,0,1,2026-01-09,,,,ACoolAUCTION - $7 Lot of Football
11824395,Remy #117,2025 Topps Chrome Disney,193,Ungraded,Normal wear,,,0,1,2026-03-10,,,,
7354497,Tavius Robinson #114,Football Cards 2023 Panini Select,119,Ungraded,Normal wear,,,0,1,2025-10-02,,,,
10266415,Luffy Is the Man Who Will Become the King of Pirates!!! OP12-039,One Piece Legacy of the Master,43,Ungraded,Normal wear,,,0,1,2026-03-02,,,,
9941532,Bogdan Bogdanovic #138,Basketball Cards 2024 Panini Mosaic,146,Ungraded,Normal wear,,,0,1,2025-10-02,,,,
8773241,Kyrie Irving #109,Basketball Cards 2024 Panini Donruss,96,Ungraded,Normal wear,,,0,1,2025-10-08,,,,
9852299,Jean Silva [Prism Refractor] #56,Ufc Cards 2025 Topps Chrome UFC,499,Ungraded,Normal wear,,,0,1,2025-10-07,,,,
1879574,Reggie Jackson #700,Baseball Cards 1979 Topps,1497500,PSA 10,Normal wear,,,3,10,2025-12-17,,Beckett,,
1867591,Luis Tiant #167,Baseball Cards 1974 Topps,89900,PSA 10,Normal wear,,,0,1,2025-12-25,,,,
4653861,Tom Flores #25,Football Cards 1990 Pro Set,125,Ungraded,Normal wear,,,0,1,2026-03-08,,,,
8563486,Brooks Baldwin #249,Baseball Cards 2025 Topps,99,Ungraded,Normal wear,,,0,1,2025-10-14,,,,
9491910,Troy Aikman #10,Football Cards 2024 Topps Signature Class,95,Ungraded,Normal wear,,,0,1,2025-10-07,,,,
8704462,Michael Bunting #384,Hockey Cards 2024 Upper Deck,73,Ungraded,Normal wear,,,0,1,2025-10-02,,,,
1105055,Chris Carter #246,Football Cards 1990 Pro Set,25,Ungraded,Normal wear,,,0,1,2026-03-05,,,,
10964495,Christian Wilkins #170,Football Cards 2025 Panini Mosaic,149,Ungraded,Normal wear,,,0,1,2026-03-05,,,,
6908738,Richard Petty #17,Racing Cards 2024 Donruss NASCAR,195,Ungraded,Normal wear,,,0,1,2026-03-06,2026-03-06,,,2024 DonRuss Racing NASCAR
9491944,Peyton Manning #20,Football Cards 2024 Topps Signature Class,118,Ungraded,Normal wear,,,0,1,2025-10-07,,,,
9491843,Jim Kelly #4,Football Cards 2024 Topps Signature Class,8,Ungraded,Normal wear,,,0,1,2025-10-07,,,,
10001725,Riley Greene [Refractor] #34,Baseball Cards 2025 Topps Chrome,138,Ungraded,Normal wear,,,0,1,2025-08-09,,,,
10217891,Kyle Larson #53,Racing Cards 2025 Panini Donruss NASCAR,100,Ungraded,Normal wear,,,0,1,2025-10-07,,,,
1885246,Mike Schmidt #540,Baseball Cards 1981 Topps,160,Ungraded,Normal wear,,,0,1,2025-12-25,,,,
8703693,Tyler Seguin #299,Hockey Cards 2024 Upper Deck,99,Ungraded,Normal wear,,,0,1,2025-10-02,,,,
8882378,Erik Haula #578,Hockey Cards 2020 Upper Deck Extended Series,449,Ungraded,Normal wear,,,0,1,2025-10-04,,,,
9940949,Jalen Green #131,Basketball Cards 2024 Panini Mosaic,77,Ungraded,Normal wear,,,0,1,2025-10-02,,,,
5872215,Sabrina Ionescu #7,Basketball Cards 2023 Panini Prizm WNBA Top Tier,274,Ungraded,Normal wear,,,0,1,2025-12-01,,,,
8563358,Daulton Varsho #119,Baseball Cards 2025 Topps,133,Ungraded,Normal wear,,,0,1,2025-10-14,,,,
10732742,Tyleik Williams #360,Football Cards 2025 Panini Donruss,90,Ungraded,Normal wear,,,0,1,2025-11-21,,,,
3358938,Pete Alonso [Flip Stock] #146,Baseball Cards 2021 Topps Heritage,2999,Ungraded,Normal wear,,,0,1,2025-11-12,,,,
1947365,Bo Jackson #224,Baseball Cards 1991 Stadium Club,176,Ungraded,Normal wear,,,0,1,2025-12-10,2025-12-10,,,
8563476,Freddie Freeman #239,Baseball Cards 2025 Topps,139,Ungraded,Normal wear,,,0,1,2025-10-14,,,,
8771254,Jonas Valanciunas #71,Basketball Cards 2024 Panini Donruss,119,Ungraded,Normal wear,,,0,1,2025-10-08,,,,
9959665,Stephen Curry #5,Basketball Cards 2024 Panini Mosaic Thunder Road,200,Ungraded,Normal wear,,,0,1,2025-08-15,,,,
8544423,Clint Capela #161,Basketball Cards 2024 Panini Prizm,99,Ungraded,Normal wear,,,0,1,2025-10-02,,,,
9202085,Nate Wiggins #108,Football Cards 2024 Topps Resurgence,149,Ungraded,Normal wear,,,0,1,2025-10-02,,,,
2012274,Wade Boggs #125,Baseball Cards 1997 Upper Deck,149,Ungraded,Normal wear,,,0,1,2025-12-06,,,,
6909592,William Byron #84,Racing Cards 2024 Donruss NASCAR,99,Ungraded,Normal wear,,,0,1,2026-03-07,,,,
8705758,John Carlson [Green] #DZ-78,Hockey Cards 2024 Upper Deck Dazzlers,183,Ungraded,Normal wear,,,0,1,2025-10-08,,,,
9949203,Bobi Klintman #226,Basketball Cards 2024 Panini Mosaic,169,Ungraded,Normal wear,,,0,1,2025-10-02,,,,
10218964,Kasey Kahne #87,Racing Cards 2025 Panini Donruss NASCAR,163,Ungraded,Normal wear,,,0,1,2025-10-07,,,,
8703938,Trevor Lewis #330,Hockey Cards 2024 Upper Deck,90,Ungraded,Normal wear,,,0,1,2025-10-02,,,,
8558480,Donovan Mitchell [Ruby Wave] #155,Basketball Cards 2024 Panini Prizm,240,Ungraded,Normal wear,,,0,1,2025-10-02,,,,
637615,Barry Sanders #33,Football Cards 1991 Pro Set Platinum,137,Ungraded,Normal wear,,,0,1,2026-03-08,,,,
10008349,Luis Robert Jr. #177,Baseball Cards 2025 Topps Chrome,101,Ungraded,Normal wear,,,0,1,2025-08-09,,,,
4647685,1996,Coins American Silver Eagle,30200,MS69,No blemishes,,,6800,1,2026-01-10,2025-12-26,,,ACoolCOIN - American Silver Eagle
8563389,Jeff McNeil #149,Baseball Cards 2025 Topps,135,Ungraded,Normal wear,,,0,1,2025-10-14,,,,
7613407,Zion Williamson #8,Basketball Cards 2023 Panini Hoops Premium Stock Attack the Rack,84,Ungraded,Normal wear,,,0,1,2025-10-08,,,,
8320139,Nika Muhl [Deal] #WNBA26,Basketball Cards 2024 Panini Prizm Monopoly WNBA Insert,0,Ungraded,Normal wear,,,0,1,2026-01-16,2026-01-15,,,
1888744,Steve Carlton #481,Baseball Cards 1982 Topps,144,Ungraded,Normal wear,,,0,1,2025-11-12,,,,
7652419,Clay Matthews #181,Football Cards 2024 Panini Prestige,159,Ungraded,Normal wear,,,0,1,2025-10-02,,,,
1925680,Chili Davis #672,Baseball Cards 1987 Topps,156,Ungraded,Normal wear,,,0,1,2026-03-07,,,,
9852443,Mateusz Rębecki #61,Ufc Cards 2025 Topps Chrome UFC,0,Ungraded,Normal wear,,,0,1,2025-10-07,,,,
10192132,Naji Marshall [Purple] #118,Basketball Cards 2024 Panini Donruss Optic,144,Ungraded,Normal wear,,,0,1,2025-10-08,,,,
10732919,Jaylin Lane #335,Football Cards 2025 Panini Donruss,99,Ungraded,Normal wear,,,0,1,2025-11-21,,,,
7608390,Tobias Harris [Ice Prizm] #212,Basketball Cards 2023 Panini Hoops Premium Stock,25,Ungraded,Normal wear,,,0,1,2025-10-08,,,,
10204234,Cam Christie #284,Basketball Cards 2024 Panini Donruss Optic,99,Ungraded,Normal wear,,,0,1,2025-10-08,,,,
8703430,Peyton Krebs #262,Hockey Cards 2024 Upper Deck,107,Ungraded,Normal wear,,,0,1,2025-10-02,,,,
9947769,Ryan Dunn #233,Basketball Cards 2024 Panini Mosaic,157,Ungraded,Normal wear,,,0,1,2025-10-02,,,,
1937759,Gregg Jefferies: Star Rookie #9,Baseball Cards 1989 Upper Deck,157,Ungraded,Normal wear,,,0,1,2025-10-08,,,,
9492166,Darrelle Revis #38,Football Cards 2024 Topps Signature Class,8,Ungraded,Normal wear,,,0,1,2025-10-07,,,,
1885072,Graig Nettles #365,Baseball Cards 1981 Topps,165,Ungraded,Normal wear,,,0,1,2025-10-08,,,,
8533598,Ivica Zubac #39,Basketball Cards 2024 Panini Prizm,99,Ungraded,Normal wear,,,0,1,2025-08-31,,,,
627707,Mike Taliaferro #259,Football Cards 1971 Topps,171,Ungraded,Normal wear,,,0,1,2025-12-25,,,,
632327,Lawrence Taylor #295,Football Cards 1989 Panini Score,175,Ungraded,Normal wear,,,0,1,2026-01-09,,,,ACoolAUCTION - $7 Lot of Football
9943440,Scoot Henderson #165,Basketball Cards 2024 Panini Mosaic,99,Ungraded,Normal wear,,,0,1,2025-10-02,,,,
1879574,Reggie Jackson #700,Baseball Cards 1979 Topps,149750,PSA 10,Normal wear,,,0,1,2025-12-17,,,,
9260372,Kristaps Porzingis #26,Basketball Cards 2024 Panini Revolution,65,Ungraded,Normal wear,,,0,1,2025-10-02,,,,
8540295,Luguentz Dort #119,Basketball Cards 2024 Panini Prizm,211,Ungraded,Normal wear,,,0,1,2025-08-31,,,,
1134431,Barry Sanders [Members Only] #496,Football Cards 1993 Stadium Club,144,Ungraded,Normal wear,,,3,1,2026-01-09,,,,ACoolAUCTION - $7 Lot of Football
9645383,Jimmy Butler #D-15,Basketball Cards 2024 Topps Chrome Dippers,658,Ungraded,Normal wear,,,2143,1,2025-10-07,,,,
8553411,Paolo Banchero #183,Basketball Cards 2024 Panini Prizm,167,Ungraded,Normal wear,,,0,1,2025-10-02,,,,
8531675,Mikal Bridges #15,Basketball Cards 2024 Panini Prizm,125,Ungraded,Normal wear,,,0,1,2025-08-31,,,,
8560318,Damian Lillard #1,Basketball Cards 2024 Panini Prizm Dominance,115,Ungraded,Normal wear,,,0,1,2025-10-02,,,,
8768567,Jalen Williams #20,Basketball Cards 2024 Panini Donruss,78,Ungraded,Normal wear,,,0,1,2025-10-08,,,,
8707963,Andrei Svechnikov #YGR-34,Hockey Cards 2024 Upper Deck Young Guns Renewed Series 2,145,Ungraded,Normal wear,,,0,1,2025-10-04,,,,
8770782,Jaren Jackson Jr. #63,Basketball Cards 2024 Panini Donruss,100,Ungraded,Normal wear,,,0,1,2025-10-08,,,,
8773826,Deni Avdija #119,Basketball Cards 2024 Panini Donruss,127,Ungraded,Normal wear,,,0,1,2025-10-08,,,,
1699674,Aaron Judge #2,Baseball Cards 2020 Bowman,175,Ungraded,Normal wear,,,0,1,2025-10-31,,,,
10010416,Roki Sasaki #217,Baseball Cards 2025 Topps Chrome,157,Ungraded,Normal wear,,,0,1,2025-08-09,,,,
8707035,Aleksander Barkov #PL-9,Hockey Cards 2024 Upper Deck Playlist,132,Ungraded,Normal wear,,,0,1,2025-10-08,,,,
9492892,Terrion Arnold #105,Football Cards 2024 Topps Signature Class,66,Ungraded,Normal wear,,,0,1,2025-10-07,,,,
8319556,Cameron Brink [Silver] #WNBA6,Basketball Cards 2024 Panini Prizm Monopoly WNBA Insert,335,Ungraded,Normal wear,,,0,1,2025-08-09,,,,
9856086,Mackenzie Dern [Prism Refractor] #183,Ufc Cards 2025 Topps Chrome UFC,175,Ungraded,Normal wear,,,0,1,2025-10-07,,,,
10218678,Sheldon Creed #77,Racing Cards 2025 Panini Donruss NASCAR,110,Ungraded,Normal wear,,,0,1,2025-10-07,,,,
1867677,Graig Nettles #251,Baseball Cards 1974 Topps,276,Ungraded,Normal wear,,,0,1,2026-01-16,2026-01-15,,,
8551932,Zach Edey #249,Basketball Cards 2024 Panini Prizm,129,Ungraded,Normal wear,,,0,1,2025-10-02,,,,
10218869,Josh Berry #85,Racing Cards 2025 Panini Donruss NASCAR,101,Ungraded,Normal wear,,,0,1,2025-10-07,,,,
11149434,Tyler Loop #202,Football Cards 2025 Panini Phoenix,134,Ungraded,Normal wear,,,0,1,2026-03-05,,,,2025 Panini Phoenix
7355894,Jaylon Jones [Green Yellow Prizm Die-Cut] #146,Football Cards 2023 Panini Select,127,Ungraded,Normal wear,,,0,1,2025-10-02,,,,
9936485,Keegan Murray #57,Basketball Cards 2024 Panini Mosaic,162,Ungraded,Normal wear,,,0,1,2025-10-02,,,,
9639828,Johnny Furphy #139,Basketball Cards 2024 Topps Chrome,100,Ungraded,Normal wear,,,0,1,2025-10-07,,,,
8531368,Obi Toppin [Red Ice] #11,Basketball Cards 2024 Panini Prizm,200,Ungraded,Normal wear,,,0,1,2025-08-30,,,,
1920440,Fernando Valenzuela #630,Baseball Cards 1986 Topps,125,Ungraded,Normal wear,,,3,1,2026-01-16,2026-01-16,,,
7603100,Jaylen Brown #81,Basketball Cards 2023 Panini Hoops Premium Stock,6,Ungraded,Normal wear,,,0,1,2025-10-08,,,,
10819783,Jaden McDaniels #248,Basketball Cards 2025 Topps,99,Ungraded,Normal wear,,,0,1,2026-03-10,,,,2025 - 26 TOPPS Flagship Basketball
7358147,Jahmyr Gibbs #198,Football Cards 2023 Panini Select,140,Ungraded,Normal wear,,,0,1,2025-10-02,,,,
8535614,Ja Morant #64,Basketball Cards 2024 Panini Prizm,100,Ungraded,Normal wear,,,0,1,2025-08-31,,,,
9263255,Harrison Ingram #103,Basketball Cards 2024 Panini Revolution,135,Ungraded,Normal wear,,,0,1,2025-08-13,,,,
8560682,Ryan Dunn #22,Basketball Cards 2024 Panini Prizm Emergent,108,Ungraded,Normal wear,,,0,1,2025-10-08,,,,
8319732,Chelsea Gray [Silver] #WNBA12,Basketball Cards 2024 Panini Prizm Monopoly WNBA Insert,175,Ungraded,Normal wear,,,0,1,2025-08-09,,,,
1937248,John Franco #290,Baseball Cards 1989 Topps,119,Ungraded,Normal wear,,,0,1,2026-03-05,,,,
9960236,Bub Carrington #7,Basketball Cards 2024 Panini Mosaic Jam Masters,132,Ungraded,Normal wear,,,0,1,2025-10-03,,,,
7608468,Shaedon Sharpe #214,Basketball Cards 2023 Panini Hoops Premium Stock,83,Ungraded,Normal wear,,,0,1,2025-10-08,,,,
9944166,Marvin Bagley III #187,Basketball Cards 2024 Panini Mosaic,115,Ungraded,Normal wear,,,0,1,2025-10-02,,,,
10979452,Garrett Wilson #19,Football Cards 2025 Panini Mosaic Elevate,99,Ungraded,Normal wear,,,0,1,2026-03-05,,,,
9641194,Ja Morant #188,Basketball Cards 2024 Topps Chrome,129,Ungraded,Normal wear,,,0,1,2025-10-07,,,,
1937395,Bobby Bonilla #440,Baseball Cards 1989 Topps,102,Ungraded,Normal wear,,,0,1,2026-03-07,,,,
10185037,Chet Holmgren #23,Basketball Cards 2024 Panini Donruss Optic,99,Ungraded,Normal wear,,,0,1,2025-10-08,,,,
8769934,Draymond Green #46,Basketball Cards 2024 Panini Donruss,99,Ungraded,Normal wear,,,0,1,2025-10-08,,,,
9961181,LeBron James #1,Basketball Cards 2024 Panini Mosaic Give and Go,227,Ungraded,Normal wear,,,0,1,2025-08-15,,,,
1878990,Ozzie Smith #116,Baseball Cards 1979 Topps,39388,Graded 8,Normal wear,,,0,1,2025-12-17,,,,
1964576,Mo Vaughn #51,Baseball Cards 1993 Topps,155,Ungraded,Normal wear,,,0,1,2025-11-12,,,,
9759251,Cooper Kupp #58,Football Cards 2024 Panini Contenders,80,Ungraded,Normal wear,,,0,1,2025-10-07,,,,
9961370,Damian Lillard #14,Basketball Cards 2024 Panini Mosaic Give and Go,151,Ungraded,Normal wear,,,0,1,2025-10-03,,,,
1945779,Deion Sanders #436,Baseball Cards 1991 Leaf,128,Ungraded,Normal wear,,,0,1,2026-03-07,,,,
11141711,Drake Maye #111,Football Cards 2025 Panini Phoenix,151,Ungraded,Normal wear,,,0,1,2026-03-05,,,,2025 Panini Phoenix
1873875,Graig Nettles #15,Baseball Cards 1977 Burger King Yankees,292,Ungraded,Normal wear,,,0,1,2025-12-25,,,,
1925786,Chris Chambliss #777,Baseball Cards 1987 Topps,99,Ungraded,Normal wear,,,0,1,2026-03-07,,,,
9943900,Ivica Zubac #177,Basketball Cards 2024 Panini Mosaic,25,Ungraded,Normal wear,,,0,1,2025-10-02,,,,
8530949,Andrew Nembhard #6,Basketball Cards 2024 Panini Prizm,125,Ungraded,Normal wear,,,0,1,2025-08-30,,,,
9947884,Antonio Reeves #237,Basketball Cards 2024 Panini Mosaic,127,Ungraded,Normal wear,,,0,1,2025-10-02,,,,
8769722,Kelly Olynyk #42,Basketball Cards 2024 Panini Donruss,99,Ungraded,Normal wear,,,0,1,2025-10-08,,,,
10819591,Khaman Maluach #210,Basketball Cards 2025 Topps,99,Ungraded,Normal wear,,,0,1,2026-03-10,,,,2025 - 26 TOPPS Flagship Basketball
8556891,Isaac Okoro #163,Basketball Cards 2024 Panini Prizm,99,Ungraded,Normal wear,,,0,1,2025-10-02,,,,
11144416,John Lynch #131,Football Cards 2025 Panini Phoenix,41,Ungraded,Normal wear,,,0,1,2026-03-05,,,,2025 Panini Phoenix
9765055,Isaac Guerendo / Jaylen Wright [Red] #17,Football Cards 2024 Panini Contenders Round Numbers,100,Ungraded,Normal wear,,,0,1,2025-10-07,,,,
3134269,Victor Hedman #692,Hockey Cards 2020 Upper Deck,180,Ungraded,Normal wear,,,0,1,2025-10-08,,,,
8319960,Diana Taurasi #WNBA20,Basketball Cards 2024 Panini Prizm Monopoly WNBA Insert,163,Ungraded,Normal wear,,,0,1,2025-10-07,,,,
6076695,Carl Soderberg #528,Hockey Cards 2020 Upper Deck Extended Series,25,Ungraded,Normal wear,,,0,1,2025-10-04,,,,
9262631,Bradley Beal #98,Basketball Cards 2024 Panini Revolution,25,Ungraded,Normal wear,,,0,1,2025-10-02,,,,
10002592,Lane Thomas #52,Baseball Cards 2025 Topps Chrome,75,Ungraded,Normal wear,,,0,1,2025-08-09,,,,
10014598,Masyn Winn [Refractor] #244,Baseball Cards 2025 Topps Chrome,129,Ungraded,Normal wear,,,0,1,2025-08-09,,,,
8777238,Cameron Thomas #187,Basketball Cards 2024 Panini Donruss,62,Ungraded,Normal wear,,,0,1,2025-10-08,,,,
9261327,Immanuel Quickley #56,Basketball Cards 2024 Panini Revolution,100,Ungraded,Normal wear,,,0,1,2025-10-02,,,,
4514420,Jan Blachowicz #76,Ufc Cards 2022 Panini Donruss Optic UFC,199,Ungraded,Normal wear,,,0,1,2025-10-02,,,,
9491988,Barry Sanders #15,Football Cards 2024 Topps Signature Class,109,Ungraded,Normal wear,,,0,1,2025-10-07,,,,
9202024,Ja'Tavion Sanders [Sky Blue Pink Shock] #115,Football Cards 2024 Topps Resurgence,182,Ungraded,Normal wear,,,0,1,2025-10-03,,,,
1937054,Vince Coleman #90,Baseball Cards 1989 Topps,99,Ungraded,Normal wear,,,0,1,2026-03-07,,,,
1964922,John Smiley #363,Baseball Cards 1993 Topps,149,Ungraded,Normal wear,,,0,1,2026-03-07,,,,
1120580,Lawrence Taylor #G44,Football Cards 1992 Upper Deck Gold,150,Ungraded,Normal wear,,,0,1,2026-01-09,,,,ACoolAUCTION - $7 Lot of Football
10217612,Jimmie Johnson #44,Racing Cards 2025 Panini Donruss NASCAR,137,Ungraded,Normal wear,,,0,1,2025-10-07,,,,
8029363,Assane Diao #188,Soccer Cards 2024 Topps UEFA,199,Ungraded,Normal wear,,,0,1,2025-10-07,,,,
7648861,Josh Allen #30,Football Cards 2024 Panini Prestige,129,Ungraded,Normal wear,,,0,1,2025-10-02,,,,
8319463,A'ja Wilson #WNBA3,Basketball Cards 2024 Panini Prizm Monopoly WNBA Insert,175,Ungraded,Normal wear,,,0,1,2025-08-09,,,,
7606739,Keegan Murray [Ice Prizm] #171,Basketball Cards 2023 Panini Hoops Premium Stock,149,Ungraded,Normal wear,,,0,1,2025-10-08,,,,
10733540,Josh Simmons #368,Football Cards 2025 Panini Donruss,127,Ungraded,Normal wear,,,0,1,2025-11-21,,,,
9635993,Cade Cunningham #18,Basketball Cards 2024 Topps Chrome,99,Ungraded,Normal wear,,,0,1,2025-10-07,,,,
9758134,Zay Flowers #8,Football Cards 2024 Panini Contenders,227,Ungraded,Normal wear,,,0,1,2025-10-07,,,,
8559968,Shai Gilgeous-Alexander [Red Ice] #113,Basketball Cards 2024 Panini Prizm,301,Ungraded,Normal wear,,,0,1,2025-10-02,,,,
9758328,Keenan Allen #17,Football Cards 2024 Panini Contenders,99,Ungraded,Normal wear,,,0,1,2025-10-07,,,,
7650210,Javonte Williams #87,Football Cards 2024 Panini Prestige,13,Ungraded,Normal wear,,,0,1,2025-10-02,,,,
10194814,Harrison Barnes #162,Basketball Cards 2024 Panini Donruss Optic,27,Ungraded,Normal wear,,,0,1,2025-10-08,,,,
1936488,Kirby Puckett [All Star] #403,Baseball Cards 1989 Topps Tiffany,365,Ungraded,Normal wear,,,0,1,2025-11-12,,,,
4514434,Rose Namajunas #90,Ufc Cards 2022 Panini Donruss Optic UFC,100,Ungraded,Normal wear,,,0,1,2025-10-02,,,,
10818445,Jalen Wilson #12,Basketball Cards 2025 Topps,99,Ungraded,Normal wear,,,0,1,2026-03-10,,,,2025 - 26 TOPPS Flagship Basketball
9938948,Karl-Anthony Towns #97,Basketball Cards 2024 Panini Mosaic,170,Ungraded,Normal wear,,,0,1,2025-10-02,,,,
8882377,Nick Cousins #577,Hockey Cards 2020 Upper Deck Extended Series,25,Ungraded,Normal wear,,,0,1,2025-10-04,,,,
634893,Joe Montana #479,Football Cards 1991 Bowman,175,Ungraded,Normal wear,,,33,1,2026-01-06,,,,ACoolAUCTION - $7 Lot of Football
8542954,Franz Wagner #143,Basketball Cards 2024 Panini Prizm,350,Ungraded,Normal wear,,,0,1,2025-08-31,,,,
1881490,Rollie Fingers #2,Baseball Cards 1981 Donruss,187,Ungraded,Normal wear,,,0,1,2026-03-08,,,,
10218589,Jesse Love [Optic] #75,Racing Cards 2025 Panini Donruss NASCAR,395,Ungraded,Normal wear,,,0,1,2025-10-07,,,,
1947043,Kirby Puckett #891,Baseball Cards 1991 Score,169,Ungraded,Normal wear,,,0,1,2026-01-16,2026-01-15,,,
9636549,Jaime Jaquez Jr. #36,Basketball Cards 2024 Topps Chrome,99,Ungraded,Normal wear,,,0,1,2025-10-07,,,,
3134121,Andrew Cogliano #541,Hockey Cards 2020 Upper Deck,135,Ungraded,Normal wear,,,0,1,2025-10-02,,,,
10008484,Chris Bassitt [Sepia] #184,Baseball Cards 2025 Topps Chrome,150,Ungraded,Normal wear,,,0,1,2025-08-09,,,,
7648603,Deion Sanders #19,Football Cards 2024 Panini Prestige,138,Ungraded,Normal wear,,,0,1,2025-10-02,,,,
8563378,Isaac Paredes #138,Baseball Cards 2025 Topps,99,Ungraded,Normal wear,,,0,1,2025-10-14,,,,
8027604,Kyogo Furuhashi #140,Soccer Cards 2024 Topps UEFA,1,Ungraded,Normal wear,,,0,1,2025-10-07,,,,2024-25 Topps Chrome UEFA Club Competitions 
3134272,David Pastrnak #695,Hockey Cards 2020 Upper Deck,142,Ungraded,Normal wear,,,0,1,2025-10-08,,,,
8556152,Norman Powell #203,Basketball Cards 2024 Panini Prizm,99,Ungraded,Normal wear,,,0,1,2025-10-02,,,,
8560231,Nikola Jokic #1,Basketball Cards 2024 Panini Prizm Deep Space,155,Ungraded,Normal wear,,,0,1,2025-10-08,,,,
6076704,Jake Allen #571,Hockey Cards 2020 Upper Deck Extended Series,361,Ungraded,Normal wear,,,0,1,2025-10-04,,,,
1941302,John Smoltz #121,Baseball Cards 1990 Donruss,74,Ungraded,Normal wear,,,0,1,2025-11-02,,,,
9201934,Kris Jenkins #120,Football Cards 2024 Topps Resurgence,100,Ungraded,Normal wear,,,0,1,2025-10-02,,,,
8768220,Aaron Nesmith #14,Basketball Cards 2024 Panini Donruss,114,Ungraded,Normal wear,,,0,1,2025-10-08,,,,
8772746,Pascal Siakam #99,Basketball Cards 2024 Panini Donruss,99,Ungraded,Normal wear,,,0,1,2025-10-08,,,,
11825978,Alice #175,2025 Topps Chrome Disney,170,Ungraded,Normal wear,,,0,1,2026-03-10,,,,
9263956,Devin Carter #125,Basketball Cards 2024 Panini Revolution,100,Ungraded,Normal wear,,,0,1,2026-01-16,2026-01-16,,,
8703615,Casey Mittelstadt #289,Hockey Cards 2024 Upper Deck,17,Ungraded,Normal wear,,,0,1,2025-10-02,,,,
9759293,Puka Nacua #59,Football Cards 2024 Panini Contenders,109,Ungraded,Normal wear,,,0,1,2025-10-07,,,,
11634241,Kin'Emon OP14-024,One Piece Azure Sea's Seven,10,Ungraded,Normal wear,,,0,1,2026-02-14,,,,
8531516,Deni Avdija #13,Basketball Cards 2024 Panini Prizm,174,Ungraded,Normal wear,,,0,1,2025-08-30,,,,
9550624,Rasmus Kupari #651,Hockey Cards 2024 Upper Deck,25,Ungraded,Normal wear,,,0,1,2025-10-02,,,,
8560737,Stephon Castle #29,Basketball Cards 2024 Panini Prizm Emergent,154,Ungraded,Normal wear,,,0,1,2025-10-08,,,,
10841647,Giannis Antetokounmpo #PP-1,Basketball Cards 2025 Topps Power Player,110,Ungraded,Normal wear,,,0,1,2026-03-10,,,,2025 - 26 TOPPS Flagship Basketball
8550944,Harrison Ingram [Red Ice] #254,Basketball Cards 2024 Panini Prizm,116,Ungraded,Normal wear,,,0,1,2025-10-02,,,,
8703530,Jalen Chatfield #278,Hockey Cards 2024 Upper Deck,100,Ungraded,Normal wear,,,0,1,2025-10-02,,,,
9390449,Trey Nyoni #190,Soccer Cards 2024 Topps Chrome UEFA,0,Ungraded,Normal wear,,,0,1,2025-10-02,,,,
8846217,Draymond Green [Green] #131,Basketball Cards 2024 Panini Prizm,100,Ungraded,Normal wear,,,0,1,2025-10-03,,,,
10045668,Tyler Pitlick #508,Hockey Cards 2020 Upper Deck Extended Series,132,Ungraded,Normal wear,,,0,1,2025-10-04,,,,
8531207,Kelly Oubre Jr. [Red White Blue] #9,Basketball Cards 2024 Panini Prizm,100,Ungraded,Normal wear,,,0,1,2025-08-30,,,,
9383407,Pau Victor [Violet Refractor] #16,Soccer Cards 2024 Topps Chrome UEFA,100,Ungraded,Normal wear,,,0,1,2025-10-07,,,,
9640634,Shaquille O'Neal #171,Basketball Cards 2024 Topps Chrome,160,Ungraded,Normal wear,,,0,1,2025-10-07,,,,
10209999,Nikola Jokic [Purple] #3,Basketball Cards 2024 Panini Donruss Optic Express Lane,188,Ungraded,Normal wear,,,0,1,2025-10-08,,,,
9950483,Dalton Knecht #271,Basketball Cards 2024 Panini Mosaic,150,Ungraded,Normal wear,,,0,1,2025-10-03,,,,
10217529,Sammy Smith #41,Racing Cards 2025 Panini Donruss NASCAR,25,Ungraded,Normal wear,,,0,1,2025-10-07,,,,
9384916,Declan Rice #53,Soccer Cards 2024 Topps Chrome UEFA,65,Ungraded,Normal wear,,,0,1,2025-10-02,,,,
8533759,Cade Cunningham #41,Basketball Cards 2024 Panini Prizm,149,Ungraded,Normal wear,,,0,1,2025-08-30,,,,
8563373,Jose Caballero #133,Baseball Cards 2025 Topps,139,Ungraded,Normal wear,,,0,1,2025-10-14,,,,
1125171,Dan Marino #26,Football Cards 1993 Action Packed,179,Ungraded,Normal wear,,,33,1,2026-01-06,,,,ACoolAUCTION - $7 Lot of Football
3465824,Jim Thome #41,Baseball Cards 2002 Stadium Club,128,Ungraded,Normal wear,,,0,1,2025-11-02,,,,
9387660,Darwin Nunez #89,Soccer Cards 2024 Topps Chrome UEFA,99,Ungraded,Normal wear,,,0,1,2025-10-02,,,,
8319306,Lexie Hull #70,Basketball Cards 2024 Panini Prizm Monopoly WNBA,173,Ungraded,Normal wear,,,0,1,2025-10-02,,,,
3134218,Alex Pietrangelo #641,Hockey Cards 2020 Upper Deck,1,Ungraded,Normal wear,,,0,1,2025-10-08,,,,
259236,Joe Montana #292,Football Cards 2019 Panini Prizm,192,Ungraded,Normal wear,,,33,1,2026-01-06,,,,ACoolAUCTION - $7 Lot of Football
8545955,Anthony Davis [Red White Blue] #195,Basketball Cards 2024 Panini Prizm,163,Ungraded,Normal wear,,,0,1,2025-10-02,,,,
9937055,Trey Murphy III [Glitter] #68,Basketball Cards 2024 Panini Mosaic,428,Ungraded,Normal wear,,,0,1,2025-10-03,,,,
1882524,Jim Rice #53,Baseball Cards 1981 Fleer Star Stickers,169,Ungraded,Normal wear,,,0,1,2026-03-08,,,,
8768940,RJ Barrett #27,Basketball Cards 2024 Panini Donruss,72,Ungraded,Normal wear,,,0,1,2025-10-08,,,,
10266398,Dracule Mihawk OP12-030,One Piece Legacy of the Master,200,Ungraded,Normal wear,,,0,1,2026-03-02,,,,
11634285,Mr.5 Gem OP14-094,One Piece Azure Sea's Seven,146,Ungraded,Normal wear,,,0,1,2026-02-14,,,,
9759927,DK Metcalf #91,Football Cards 2024 Panini Contenders,80,Ungraded,Normal wear,,,0,1,2025-10-07,,,,
2109725,Pete Alonso [Advanced Stat] #84,Baseball Cards 2021 Topps,720,Ungraded,Normal wear,,,0,1,2025-12-06,,,,
9793483,Yongxi Jacky Cui #176,Basketball Cards 2024 Panini Select,22,Ungraded,Normal wear,,,0,1,2025-10-04,,,,
1879539,Lou Brock #665,Baseball Cards 1979 Topps,237,Ungraded,Normal wear,,,0,1,2025-12-25,,,,
1925660,Kevin Mitchell #653,Baseball Cards 1987 Topps,177,Ungraded,Normal wear,,,0,1,2025-11-02,,,,
8769774,Tyler Herro #43,Basketball Cards 2024 Panini Donruss,150,Ungraded,Normal wear,,,0,1,2025-10-08,,,,
7351582,Harrison Butker #48,Football Cards 2023 Panini Select,136,Ungraded,Normal wear,,,0,1,2025-10-02,,,,
9855475,Ariane da Silva #165,Ufc Cards 2025 Topps Chrome UFC,25,Ungraded,Normal wear,,,0,1,2025-10-07,,,,
8558203,Tracy McGrady #273,Basketball Cards 2024 Panini Prizm,137,Ungraded,Normal wear,,,0,1,2025-10-02,,,,
10839894,Carter Bryant #8B-40,Basketball Cards 2025 Topps 8-Bit Ballers,117,Ungraded,Normal wear,,,0,1,2026-03-10,,,,2025 - 26 TOPPS Flagship Basketball
5806990,Josh Norris #T-92,Hockey Cards 2020 Upper Deck 2005-06 Tribute,99,Ungraded,Normal wear,,,0,1,2025-10-02,,,,
9045175,LeBron James [Millionaire Club] #43,Basketball Cards 2024 Panini Prizm Monopoly,1198,Ungraded,Normal wear,,,125,1,2025-10-04,,,,
8704229,Igor Shesterkin #367,Hockey Cards 2024 Upper Deck,99,Ungraded,Normal wear,,,0,1,2025-10-08,,,,
9938604,Aaron Gordon #90,Basketball Cards 2024 Panini Mosaic,192,Ungraded,Normal wear,,,0,1,2025-10-02,,,,
1964844,Jeff Innis #297,Baseball Cards 1993 Topps,34,Ungraded,Normal wear,,,0,1,2026-03-07,,,,
8779999,Melvin Ajinca #238,Basketball Cards 2024 Panini Donruss,77,Ungraded,Normal wear,,,0,1,2025-10-08,,,,
9744526,Sanji [Alternate Art] OP11-051,One Piece Fist of Divine Speed,899,Ungraded,Normal wear,,,0,1,2026-01-09,,,,
8880210,Andrew Shaw #527,Hockey Cards 2020 Upper Deck Extended Series,139,Ungraded,Normal wear,,,0,1,2025-10-04,,,,
8558779,Tristen Newton [Red Ice] #261,Basketball Cards 2024 Panini Prizm,162,Ungraded,Normal wear,,,0,1,2025-10-02,,,,
8319870,Aliyah Boston #WNBA17,Basketball Cards 2024 Panini Prizm Monopoly WNBA Insert,148,Ungraded,Normal wear,,,0,1,2025-10-02,,,,
10733540,Josh Simmons #368,Football Cards 2025 Panini Donruss,127,Ungraded,Normal wear,,,0,1,2025-11-21,,,,
1877073,Sparky Lyle #2,Baseball Cards 1978 Topps,101,Ungraded,Normal wear,,,0,1,2025-12-25,,,,
11056877,Monkey D Luffy [Metallic] #2138,Funko POP Animation,2399,Brand New,Normal wear,,,0,1,2025-11-22,,,,
9942200,Jordan Clarkson #149,Basketball Cards 2024 Panini Mosaic,25,Ungraded,Normal wear,,,0,1,2025-10-02,,,,
8139900,Myles Garrett #25,Football Cards 2024 Panini Absolute,25,Ungraded,Normal wear,,,0,1,2025-10-02,,,,
10957590,Roddy White [Mosaic Reactive Yellow] #21,Football Cards 2025 Panini Mosaic,200,Ungraded,Normal wear,,,0,1,2026-03-05,,,,
8561393,Tristan da Silva #20,Basketball Cards 2024 Panini Prizm Instant Impact,99,Ungraded,Normal wear,,,0,1,2025-08-31,,,,
1939777,Fernando Valenzuela #622,Baseball Cards 1990 Fleer,125,Ungraded,Normal wear,,,0,1,2025-12-01,,,,
8028462,Fermin Lopez #162,Soccer Cards 2024 Topps UEFA,200,Ungraded,Normal wear,,,0,1,2025-10-07,,,,2024-25 Topps Chrome UEFA Club Competitions 
9492008,Anthony Richardson #22,Football Cards 2024 Topps Signature Class,6,Ungraded,Normal wear,,,0,1,2025-10-07,,,,
9398427,Savinho #WK-17,Soccer Cards 2024 Topps Chrome UEFA Wonderkids,122,Ungraded,Normal wear,,,0,1,2025-10-07,,,,
8560374,James Harden #8,Basketball Cards 2024 Panini Prizm Dominance,101,Ungraded,Normal wear,,,0,1,2025-10-02,,,,
10217579,Josh Williams #42,Racing Cards 2025 Panini Donruss NASCAR,110,Ungraded,Normal wear,,,0,1,2025-10-07,,,,
11133333,DK Metcalf #4,Football Cards 2025 Panini Phoenix,129,Ungraded,Normal wear,,,0,1,2026-03-05,,,,2025 Panini Phoenix
9639239,Olivier-Maxence Prosper #126,Basketball Cards 2024 Topps Chrome,11,Ungraded,Normal wear,,,0,1,2025-10-07,,,,
10006038,Sandy Alcantara [Sepia] #126,Baseball Cards 2025 Topps Chrome,99,Ungraded,Normal wear,,,0,1,2025-08-09,,,,
8846236,Terry Rozier III [Green] #142,Basketball Cards 2024 Panini Prizm,25,Ungraded,Normal wear,,,0,1,2025-10-03,,,,
1882518,Rollie Fingers #47,Baseball Cards 1981 Fleer Star Stickers,170,Ungraded,Normal wear,,,0,1,2026-03-08,,,,
8530711,Jordan Clarkson #3,Basketball Cards 2024 Panini Prizm,129,Ungraded,Normal wear,,,0,1,2025-08-30,,,,
7940057,Ben Coates [Red Sparkle] #239,Football Cards 2024 Panini Mosaic,275,Ungraded,Normal wear,,,0,1,2025-10-04,,,,
8774852,Jalen Duren #138,Basketball Cards 2024 Panini Donruss,109,Ungraded,Normal wear,,,0,1,2025-10-08,,,,
2845853,Milwaukee Brewers Checklist #324,Baseball Cards 1994 Score,100,Ungraded,Normal wear,,,0,1,2026-03-08,,,,
9635472,Jett Howard #1,Basketball Cards 2024 Topps Chrome,25,Ungraded,Normal wear,,,0,1,2025-10-07,,,,
1895869,Dave Winfield #8,Baseball Cards 1984 Topps All Star Glossy Set of 22,0,Ungraded,Normal wear,,,0,1,2025-10-08,,,,
9759586,Darius Slayton #75,Football Cards 2024 Panini Contenders,100,Ungraded,Normal wear,,,0,1,2025-10-07,,,,
9759330,Kyren Williams #60,Football Cards 2024 Panini Contenders,149,Ungraded,Normal wear,,,0,1,2025-10-07,,,,
1947025,Barry Bonds #868,Baseball Cards 1991 Score,129,Ungraded,Normal wear,,,0,1,2025-11-12,,,,
8319901,Sabrina Ionescu #WNBA18,Basketball Cards 2024 Panini Prizm Monopoly WNBA Insert,110,Ungraded,Normal wear,,,0,1,2025-10-07,,,,
9937472,Josh Giddey #71,Basketball Cards 2024 Panini Mosaic,179,Ungraded,Normal wear,,,0,1,2025-10-02,,,,
10195951,Trey Murphy III #179,Basketball Cards 2024 Panini Donruss Optic,100,Ungraded,Normal wear,,,0,1,2025-10-08,,,,
4517130,Brock Lesnar #21,Ufc Cards 2022 Panini Donruss Optic UFC My House,160,Ungraded,Normal wear,,,0,1,2026-01-16,2026-01-15,,,
8545142,Nicolas Batum #177,Basketball Cards 2024 Panini Prizm,25,Ungraded,Normal wear,,,0,1,2025-10-02,,,,
9492185,Rob Gronkowski #34,Football Cards 2024 Topps Signature Class,53,Ungraded,Normal wear,,,0,1,2025-10-07,,,,
1164585,Joe Montana #15,Football Cards 1995 Fleer Flair Preview,217,Ungraded,Normal wear,,,0,1,2026-01-06,,,,ACoolAUCTION - $7 Lot of Football
8551847,Terrence Shannon Jr. #224,Basketball Cards 2024 Panini Prizm,289,Ungraded,Normal wear,,,0,1,2025-10-02,,,,
8538756,Bam Adebayo [Red Ice] #97,Basketball Cards 2024 Panini Prizm,193,Ungraded,Normal wear,,,0,1,2025-10-02,,,,
10839758,Vince Carter #8B-26,Basketball Cards 2025 Topps 8-Bit Ballers,99,Ungraded,Normal wear,,,0,1,2026-03-10,,,,2025 - 26 TOPPS Flagship Basketball
9758813,Anthony Richardson #42,Football Cards 2024 Panini Contenders,90,Ungraded,Normal wear,,,0,1,2025-10-07,,,,
9385121,Savinho #56,Soccer Cards 2024 Topps Chrome UEFA,6,Ungraded,Normal wear,,,0,1,2025-10-02,,,,
1944172,Wade Boggs #760,Baseball Cards 1990 Topps,119,Ungraded,Normal wear,,,0,1,2026-01-16,2026-01-15,,,
10003995,Jeimer Candelario #85,Baseball Cards 2025 Topps Chrome,169,Ungraded,Normal wear,,,0,1,2025-10-07,,,,
9261372,Miles Bridges #57,Basketball Cards 2024 Panini Revolution,99,Ungraded,Normal wear,,,0,1,2025-10-04,,,,
1181100,Brett Favre #57,Football Cards 1996 Collector's Choice,99,Ungraded,Normal wear,,,33,1,2026-01-06,,,,ACoolAUCTION - $7 Lot of Football
1164587,Dan Marino #18,Football Cards 1995 Fleer Flair Preview,172,Ungraded,Normal wear,,,0,1,2026-01-06,,,,ACoolAUCTION - $7 Lot of Football
8543902,Kelly Olynyk [Red Ice] #152,Basketball Cards 2024 Panini Prizm,25,Ungraded,Normal wear,,,0,1,2025-10-08,,,,
9260943,Myles Turner #44,Basketball Cards 2024 Panini Revolution,99,Ungraded,Normal wear,,,0,1,2025-10-04,,,,
1925398,Pete Rose #393,Baseball Cards 1987 Topps,127,Ungraded,Normal wear,,,0,1,2026-03-07,,,,
7600807,Rui Hachimura #24,Basketball Cards 2023 Panini Hoops Premium Stock,25,Ungraded,Normal wear,,,0,1,2025-10-08,,,,
8704753,Shea Theodore #433,Hockey Cards 2024 Upper Deck,99,Ungraded,Normal wear,,,0,1,2025-10-02,,,,
8563488,Ryan Bliss #251,Baseball Cards 2025 Topps,125,Ungraded,Normal wear,,,0,1,2025-10-14,,,,
9044179,Zach Lavine [Sparkle] #10,Basketball Cards 2024 Panini Prizm Monopoly,0,Ungraded,Normal wear,,,0,1,2025-10-04,,,,
6951791,Jean-Ricner Bellegarde #99,Soccer Cards 2023 Panini Select Premier League,249,Ungraded,Normal wear,,,0,1,2025-10-07,,,,
9259680,Giannis Antetokounmpo #3,Basketball Cards 2024 Panini Revolution,173,Ungraded,Normal wear,,,0,1,2025-10-02,,,,
1891695,Tommy John #570,Baseball Cards 1983 Donruss,154,Ungraded,Normal wear,,,0,1,2025-12-25,,,,
6912662,Ty Dillon [Optic] #124,Racing Cards 2024 Donruss NASCAR,25,Ungraded,Normal wear,,,0,1,2026-03-06,2026-03-06,,,2024 DonRuss Racing NASCAR
8846220,Ben Simmons [Green] #82,Basketball Cards 2024 Panini Prizm,25,Ungraded,Normal wear,,,0,1,2025-10-03,,,,
8541318,Jaden Hardy [Orange Ice] #128,Basketball Cards 2024 Panini Prizm,239,Ungraded,Normal wear,,,0,1,2025-10-03,,,,
9581466,Archie Gray [Ice] #230,Soccer Cards 2024 Panini Select FIFA,125,Ungraded,Normal wear,,,0,1,2025-10-07,,,,
9856474,Brady Hiestand #199,Ufc Cards 2025 Topps Chrome UFC,25,Ungraded,Normal wear,,,0,1,2025-10-07,,,,
9764360,Bo Nix #23,Football Cards 2024 Panini Contenders Draft Class,162,Ungraded,Normal wear,,,0,1,2025-10-07,,,,
6908601,Carson Hocevar #6,Racing Cards 2024 Donruss NASCAR,149,Ungraded,Normal wear,,,0,1,2026-03-07,,,,
8320149,Nika Muhl [Brown] #WNBA26,Basketball Cards 2024 Panini Prizm Monopoly WNBA Insert,597,Ungraded,Normal wear,,,0,1,2025-08-09,,,,
1946863,Randy Johnson #290,Baseball Cards 1991 Score,165,Ungraded,Normal wear,,,0,1,2026-01-16,2026-01-16,,,
259631,Jerry Rice [Silver Prizm] #287,Football Cards 2019 Panini Prizm,299,Ungraded,Normal wear,,,0,1,2026-01-09,,,,ACoolAUCTION - $7 Lot of Football
9854110,Merab Dvalishvili [Prism Refractor] #118,Ufc Cards 2025 Topps Chrome UFC,287,Ungraded,Normal wear,,,0,1,2025-10-07,,,,
8777327,Gary Trent Jr. #184,Basketball Cards 2024 Panini Donruss,6,Ungraded,Normal wear,,,0,1,2025-10-08,,,,
8562412,Zaccharie Risacher #6,Basketball Cards 2024 Panini Prizm Emergent,137,Ungraded,Normal wear,,,0,1,2025-10-08,,,,
8881934,Jesse Puljujarvi #554,Hockey Cards 2020 Upper Deck Extended Series,25,Ungraded,Normal wear,,,0,1,2025-10-04,,,,
7372958,Tyrique Stevenson #CRO-TST,Football Cards 2023 Panini Select Certified Rookie,131,Ungraded,Normal wear,,,0,1,2025-10-02,,,,
463815,Joe Montana #16,Football Cards 2015 Panini Prizm,172,Ungraded,Normal wear,,,0,1,2026-01-06,,,,ACoolAUCTION - $7 Lot of Football
9094070,Gabriel Davis #57,Football Cards 2024 Panini Phoenix,6,Ungraded,Normal wear,,,0,1,2025-10-02,,,,
9577422,Marc Bernal #108,Soccer Cards 2024 Panini Select FIFA,162,Ungraded,Normal wear,,,0,1,2025-08-07,,,,
9942001,Khris Middleton #151,Basketball Cards 2024 Panini Mosaic,179,Ungraded,Normal wear,,,0,1,2025-10-02,,,,
1932543,Wade Boggs #32,Baseball Cards 1989 Bowman,144,Ungraded,Normal wear,,,0,1,2025-10-08,,,,
3268669,Robby Thompson / Roberto Alomar #385,Baseball Cards 1994 Topps,99,Ungraded,Normal wear,,,0,1,2026-03-07,,,,
10266391,Kawamatsu OP12-023,One Piece Legacy of the Master,9,Ungraded,Normal wear,,,0,1,2026-03-02,,,,
9260230,Cameron Johnson #21,Basketball Cards 2024 Panini Revolution,99,Ungraded,Normal wear,,,0,1,2025-10-02,,,,
10007267,Angel Martinez #155,Baseball Cards 2025 Topps Chrome,114,Ungraded,Normal wear,,,0,1,2025-08-09,,,,
1920471,Roger Clemens #661,Baseball Cards 1986 Topps,213,Ungraded,Normal wear,,,0,1,2025-12-25,,,,
10266415,Luffy Is the Man Who Will Become the King of Pirates!!! OP12-039,One Piece Legacy of the Master,43,Ungraded,Normal wear,,,0,1,2026-03-02,,,,
8533691,Bennedict Mathurin [Red Ice] #40,Basketball Cards 2024 Panini Prizm,99,Ungraded,Normal wear,,,0,1,2025-10-02,,,,
3134229,Trevor Lewis #652,Hockey Cards 2020 Upper Deck,150,Ungraded,Normal wear,,,0,1,2025-10-08,,,,
1103588,Bo Jackson #10,Football Cards 1990 Panini Score,127,Ungraded,Normal wear,,,0,1,2026-01-08,,,,ACoolAUCTION - $7 Lot of Football
1925206,Pete Rose #200,Baseball Cards 1987 Topps,177,Ungraded,Normal wear,,,0,1,2026-03-07,,,,
9853351,Rose Namajunas #89,Ufc Cards 2025 Topps Chrome UFC,117,Ungraded,Normal wear,,,0,1,2025-10-07,,,,
10190058,Mitchell Robinson [Holo] #96,Basketball Cards 2024 Panini Donruss Optic,100,Ungraded,Normal wear,,,0,1,2025-10-08,,,,
8767621,Paolo Banchero #2,Basketball Cards 2024 Panini Donruss,91,Ungraded,Normal wear,,,0,1,2025-10-08,,,,
82763,Scottie Pippen #356,Basketball Cards 1994 Stadium Club,149,Ungraded,Normal wear,,,0,1,2026-03-08,,,,
8549078,Zach LaVine [Red Ice] #192,Basketball Cards 2024 Panini Prizm,149,Ungraded,Normal wear,,,0,1,2025-10-02,,,,
9784371,Tidjane Salaun #95,Basketball Cards 2024 Panini Select,84,Ungraded,Normal wear,,,0,1,2025-10-04,,,,
8706722,Sidney Crosby / Evgeni Malkin #OT-12,Hockey Cards 2024 Upper Deck On Tour,193,Ungraded,Normal wear,,,0,1,2025-10-08,,,,
9387352,Marcus Thuram #111,Soccer Cards 2024 Topps Chrome UEFA,499,Ungraded,Normal wear,,,0,1,2025-10-02,,,,
90573,Tim Duncan #18,Basketball Cards 1997 Ultra Star Power,385,Ungraded,Normal wear,,,550,1,2026-01-08,2025-12-26,,,
7609909,Josh Green #250,Basketball Cards 2023 Panini Hoops Premium Stock,53,Ungraded,Normal wear,,,0,1,2025-10-08,,,,
8774025,Bennedict Mathurin #127,Basketball Cards 2024 Panini Donruss,19,Ungraded,Normal wear,,,0,1,2025-10-08,,,,
8879997,Juuso Valimaki #521,Hockey Cards 2020 Upper Deck Extended Series,99,Ungraded,Normal wear,,,0,1,2025-10-04,,,,
9389453,Hector Bellerin [Wave Refractor] #161,Soccer Cards 2024 Topps Chrome UEFA,124,Ungraded,Normal wear,,,0,1,2025-10-07,,,,
7350078,Bryce Young #14,Football Cards 2023 Panini Select,144,Ungraded,Normal wear,,,0,1,2026-01-16,2026-01-15,,,
9585430,Rico Lewis [Blue Pulsar] #16,Soccer Cards 2024 Panini Select FIFA Future,125,Ungraded,Normal wear,,,0,1,2025-08-07,,,,
7613753,Brandon Miller #12,Basketball Cards 2023 Panini Hoops Premium Stock City Edition,131,Ungraded,Normal wear,,,0,1,2025-10-08,,,,
9266520,Zaccharie Risacher #9,Basketball Cards 2024 Panini Revolution New Wave,129,Ungraded,Normal wear,,,0,1,2026-01-16,2026-01-16,,,
8539243,Klay Thompson #107,Basketball Cards 2024 Panini Prizm,6,Ungraded,Normal wear,,,0,1,2025-08-31,,,,
9934820,Jaylen Brown #33,Basketball Cards 2024 Panini Mosaic,149,Ungraded,Normal wear,,,0,1,2025-10-02,,,,
9095841,Jordan Love [Lazer] #85,Football Cards 2024 Panini Phoenix,157,Ungraded,Normal wear,,,0,1,2025-10-02,,,,
1104150,Lawrence Taylor #571,Football Cards 1990 Panini Score,106,Ungraded,Normal wear,,,0,1,2026-01-09,,,,ACoolAUCTION - $7 Lot of Football
8319498,Breanna Stewart [Silver] #WNBA4,Basketball Cards 2024 Panini Prizm Monopoly WNBA Insert,225,Ungraded,Normal wear,,,0,1,2025-08-09,,,,
8883352,Josh Brown #596,Hockey Cards 2020 Upper Deck Extended Series,25,Ungraded,Normal wear,,,0,1,2025-10-04,,,,
6910981,Jimmie Johnson #193,Racing Cards 2024 Donruss NASCAR,99,Ungraded,Normal wear,,,0,1,2026-03-07,,,,
8774791,Jaime Jaquez Jr. #140,Basketball Cards 2024 Panini Donruss,99,Ungraded,Normal wear,,,0,1,2025-10-08,,,,
8703787,Ryan Nugent-Hopkins #311,Hockey Cards 2024 Upper Deck,62,Ungraded,Normal wear,,,0,1,2025-10-02,,,,
9940873,Malik Monk #127,Basketball Cards 2024 Panini Mosaic,161,Ungraded,Normal wear,,,0,1,2025-10-02,,,,
1969082,Cubs Checklist #648,Baseball Cards 1994 Score,149,Ungraded,Normal wear,,,0,1,2025-12-06,,,,
9760123,Bobby Wagner #100,Football Cards 2024 Panini Contenders,85,Ungraded,Normal wear,,,0,1,2025-10-07,,,,
7357759,Brandon Johnson [Green Yellow Prizm Die-Cut] #189,Football Cards 2023 Panini Select,190,Ungraded,Normal wear,,,0,1,2025-10-02,,,,
1563623,Miguel Cabrera #21,Baseball Cards 2019 Bowman,99,Ungraded,Normal wear,,,3,1,2026-01-16,,,,
7609074,Miles Bridges #229,Basketball Cards 2023 Panini Hoops Premium Stock,1,Ungraded,Normal wear,,,0,1,2025-10-08,,,,
8318569,Jonquel Jones [Go] #45,Basketball Cards 2024 Panini Prizm Monopoly WNBA,214,Ungraded,Normal wear,,,0,1,2025-08-09,,,,
9860256,Khabib Nurmagomedov #PLX-14,Ufc Cards 2025 Topps Chrome UFC Plexus,162,Ungraded,Normal wear,,,0,1,2025-10-07,,,,
10819386,Yuki Kawamura #188,Basketball Cards 2025 Topps,112,Ungraded,Normal wear,,,0,1,2026-03-10,,,,2025 - 26 TOPPS Flagship Basketball
8772753,Taurean Prince #101,Basketball Cards 2024 Panini Donruss,129,Ungraded,Normal wear,,,0,1,2025-10-08,,,,
10978894,Brian Branch #13,Football Cards 2025 Panini Mosaic Bang,99,Ungraded,Normal wear,,,0,1,2026-03-05,,,,
8547989,Bronny James Jr. [Red White Blue] #243,Basketball Cards 2024 Panini Prizm,218,Ungraded,Normal wear,,,0,1,2025-10-02,,,,
9960201,Paolo Banchero #11,Basketball Cards 2024 Panini Mosaic Jam Masters,145,Ungraded,Normal wear,,,0,1,2025-10-03,,,,
8704677,Dakota Joshua #424,Hockey Cards 2024 Upper Deck,289,Ungraded,Normal wear,,,0,1,2025-10-08,,,,
7610543,Peyton Watson #266,Basketball Cards 2023 Panini Hoops Premium Stock,96,Ungraded,Normal wear,,,0,1,2025-10-08,,,,
10218118,Ty Gibbs #58,Racing Cards 2025 Panini Donruss NASCAR,154,Ungraded,Normal wear,,,0,1,2025-10-07,,,,
7600160,Corey Kispert #8,Basketball Cards 2023 Panini Hoops Premium Stock,25,Ungraded,Normal wear,,,3,1,2026-01-16,2026-01-16,,,
9261989,Kevin Durant #78,Basketball Cards 2024 Panini Revolution,125,Ungraded,Normal wear,,,0,1,2025-10-02,,,,
9382812,Alessandro Bastoni #2,Soccer Cards 2024 Topps Chrome UEFA,25,Ungraded,Normal wear,,,0,1,2025-10-02,,,,
9385703,Christian Pulisic #76,Soccer Cards 2024 Topps Chrome UEFA,100,Ungraded,Normal wear,,,0,1,2025-10-02,,,,
774012,Lawrence Taylor #152,Football Cards 2001 Topps Archives,195,Ungraded,Normal wear,,,0,1,2026-01-09,,,,ACoolAUCTION - $7 Lot of Football
10217386,Ross Chastain #33,Racing Cards 2025 Panini Donruss NASCAR,127,Ungraded,Normal wear,,,0,1,2025-10-07,,,,
9492125,Marshall Faulk #27,Football Cards 2024 Topps Signature Class,6,Ungraded,Normal wear,,,0,1,2025-10-07,,,,
9951479,LeBron James [Green] #286,Basketball Cards 2024 Panini Mosaic,205,Ungraded,Normal wear,,,0,1,2025-10-03,,,,
3173129,Robert Horry #240,Basketball Cards 1997 Upper Deck,150,Ungraded,Normal wear,,,0,1,2025-11-12,,,,
3134179,Matt Murray #601,Hockey Cards 2020 Upper Deck,127,Ungraded,Normal wear,,,0,1,2025-10-08,,,,
9200767,Lawrence Taylor #71,Football Cards 2024 Topps Resurgence,133,Ungraded,Normal wear,,,0,1,2025-10-02,,,,
9758813,Anthony Richardson #42,Football Cards 2024 Panini Contenders,90,Ungraded,Normal wear,,,0,1,2025-10-07,,,,
9791808,Aaron Gordon #142,Basketball Cards 2024 Panini Select,125,Ungraded,Normal wear,,,0,1,2025-10-04,,,,
9763954,Spencer Rattler [Variation] #RTS-SRR,Football Cards 2024 Panini Contenders Rookie Ticket Swatch,229,Ungraded,Normal wear,,,0,1,2025-10-07,,,,
9198862,Michael Vick #3,Football Cards 2024 Topps Resurgence,108,Ungraded,Normal wear,,,0,1,2025-10-02,,,,
9938948,Karl-Anthony Towns #97,Basketball Cards 2024 Panini Mosaic,170,Ungraded,Normal wear,,,0,1,2025-10-02,,,,
1104150,Lawrence Taylor #571,Football Cards 1990 Panini Score,106,Ungraded,Normal wear,,,0,1,2026-01-09,,,,ACoolAUCTION - $7 Lot of Football
8549874,Mitchell Robinson #156,Basketball Cards 2024 Panini Prizm,113,Ungraded,Normal wear,,,0,1,2025-10-02,,,,
8548619,Ryan Dunn [Red Ice] #258,Basketball Cards 2024 Panini Prizm,126,Ungraded,Normal wear,,,0,1,2025-10-02,,,,
8563479,Ryan Helsley #241,Baseball Cards 2025 Topps,123,Ungraded,Normal wear,,,0,1,2025-10-14,,,,
9574413,Cole Palmer #17,Soccer Cards 2024 Panini Select FIFA,99,Ungraded,Normal wear,,,0,1,2025-10-07,,,,
8317383,Ariel Atkins #5,Basketball Cards 2024 Panini Prizm Monopoly WNBA,176,Ungraded,Normal wear,,,0,1,2025-10-02,,,,
1957063,Orel Hershiser #175,Baseball Cards 1992 Topps,135,Ungraded,Normal wear,,,0,1,2026-03-07,,,,
8768047,Max Strus #10,Basketball Cards 2024 Panini Donruss,53,Ungraded,Normal wear,,,0,1,2025-10-08,,,,
9939799,Kyle Lowry #104,Basketball Cards 2024 Panini Mosaic,25,Ungraded,Normal wear,,,0,1,2025-10-02,,,,
8532634,Max Strus #27,Basketball Cards 2024 Panini Prizm,99,Ungraded,Normal wear,,,0,1,2025-08-31,,,,
10218323,Layne Riggs #65,Racing Cards 2025 Panini Donruss NASCAR,148,Ungraded,Normal wear,,,0,1,2025-10-07,,,,
9493068,Maason Smith #123,Football Cards 2024 Topps Signature Class,99,Ungraded,Normal wear,,,0,1,2025-10-07,,,,
9492095,Aaron Donald #25,Football Cards 2024 Topps Signature Class,23,Ungraded,Normal wear,,,0,1,2025-10-07,,,,
9791638,Naz Reid [Blue] #132,Basketball Cards 2024 Panini Select,0,Graded 9,Normal wear,,,0,1,2026-01-16,2026-01-16,,,
8879996,Jacob Markstrom #518,Hockey Cards 2020 Upper Deck Extended Series,264,Ungraded,Normal wear,,,0,1,2025-10-04,,,,
1937466,Barry Larkin #515,Baseball Cards 1989 Topps,100,Ungraded,Normal wear,,,0,1,2026-03-07,,,,
9792726,Tyrese Maxey #156,Basketball Cards 2024 Panini Select,49,Ungraded,Normal wear,,,0,1,2025-10-04,,,,
10019305,Coby Mayo #F15-12,Baseball Cards 2025 Topps Chrome Fortune 15,111,Ungraded,Normal wear,,,0,1,2025-08-09,,,,
10185400,Deandre Ayton #37,Basketball Cards 2024 Panini Donruss Optic,8,Ungraded,Normal wear,,,0,1,2025-10-08,,,,
10188860,Coby White #76,Basketball Cards 2024 Panini Donruss Optic,129,Ungraded,Normal wear,,,0,1,2025-10-08,,,,
8029536,Jayden Danns #193,Soccer Cards 2024 Topps UEFA,50,Ungraded,Normal wear,,,0,1,2025-10-07,,,,
7654060,Jaylen Warren #250,Football Cards 2024 Panini Prestige,138,Ungraded,Normal wear,,,0,1,2025-10-02,,,,
1902235,Tony Fernandez #48,Baseball Cards 1985 Topps,244,Ungraded,Normal wear,,,0,1,2025-12-06,,,,
1933713,Triple A's: Jose Canseco / Terry Steinbach / Mark McGwire #634,Baseball Cards 1989 Fleer,139,Ungraded,Normal wear,,,0,1,2025-11-12,,,,
10219077,Ricky Stenhouse Jr [Optic Orange Velocity] #92,Racing Cards 2025 Panini Donruss NASCAR,25,Ungraded,Normal wear,,,0,1,2025-10-07,,,,
9201279,Joe Theismann #99,Football Cards 2024 Topps Resurgence,150,Ungraded,Normal wear,,,0,1,2025-10-02,,,,
10819621,Derik Queen #213,Basketball Cards 2025 Topps,156,Ungraded,Normal wear,,,0,1,2026-03-10,,,,2025 - 26 TOPPS Flagship Basketball
8318240,Julie Vanloo #34,Basketball Cards 2024 Panini Prizm Monopoly WNBA,150,Ungraded,Normal wear,,,0,1,2025-10-02,,,,
9266449,Tristan da Silva #3,Basketball Cards 2024 Panini Revolution New Wave,99,Ungraded,Normal wear,,,0,1,2026-01-16,2026-01-16,,,
9760123,Bobby Wagner #100,Football Cards 2024 Panini Contenders,85,Ungraded,Normal wear,,,0,1,2025-10-07,,,,
1937043,Jim Sundberg #78,Baseball Cards 1989 Topps,119,Ungraded,Normal wear,,,0,1,2026-03-07,,,,
8703334,Leo Carlsson #253,Hockey Cards 2024 Upper Deck,116,Ungraded,Normal wear,,,0,1,2025-10-02,,,,
9208834,Trey Benson #CB-11,Football Cards 2024 Topps Resurgence Circuit Breakers,100,Ungraded,Normal wear,,,0,1,2025-10-03,,,,
9758350,DJ Moore #18,Football Cards 2024 Panini Contenders,90,Ungraded,Normal wear,,,0,1,2025-10-07,,,,
6909771,Connor Mosack #98,Racing Cards 2024 Donruss NASCAR,99,Ungraded,Normal wear,,,0,1,2026-03-06,2026-03-06,,,2024 DonRuss Racing NASCAR
9574381,Enzo Fernandez #16,Soccer Cards 2024 Panini Select FIFA,6,Ungraded,Normal wear,,,0,1,2025-10-07,,,,
3134240,Mark Scheifele #663,Hockey Cards 2020 Upper Deck,54,Ungraded,Normal wear,,,0,1,2025-10-08,,,,
8141535,Aaron Rodgers #82,Football Cards 2024 Panini Absolute,100,Ungraded,Normal wear,,,0,1,2025-10-02,,,,
11822556,Zeus #49,2025 Topps Chrome Disney,127,Ungraded,Normal wear,,,0,1,2026-03-10,,,,
9934445,Jordan Hawkins [Red Fluorescent] #26,Basketball Cards 2024 Panini Mosaic,499,Ungraded,Normal wear,,,0,1,2025-10-03,,,,
9758884,Nico Collins #41,Football Cards 2024 Panini Contenders,20,Ungraded,Normal wear,,,0,1,2025-10-07,,,,
8707700,Conor Geekie #P-43,Hockey Cards 2024 Upper Deck UD Portraits,117,Ungraded,Normal wear,,,0,1,2025-10-08,,,,
2358424,Devon White #274,Baseball Cards 2000 Topps,169,Ungraded,Normal wear,,,0,1,2026-01-16,2026-01-15,,,
2035869,1975 Topps Reprint #22,Baseball Cards 2000 Topps Hank Aaron Chrome Reprint,0,Ungraded,Normal wear,,,0,1,2025-10-08,,,,
7932970,DaRon Bland #63,Football Cards 2024 Panini Mosaic,160,Ungraded,Normal wear,,,0,1,2025-10-04,,,,
9640838,Harrison Ingram #179,Basketball Cards 2024 Topps Chrome,125,Ungraded,Normal wear,,,0,1,2025-10-07,,,,
9758371,Trey Hendrickson #19,Football Cards 2024 Panini Contenders,100,Ungraded,Normal wear,,,0,1,2025-10-07,,,,
10266396,Kouzuki Hiyori OP12-028,One Piece Legacy of the Master,52,Ungraded,Normal wear,,,0,1,2026-03-02,,,,
9584879,Angel Di Maria #16,Soccer Cards 2024 Panini Select FIFA Unstoppable,150,Ungraded,Normal wear,,,0,1,2026-01-10,,,,
10003831,Willson Contreras [Sepia] #82,Baseball Cards 2025 Topps Chrome,100,Ungraded,Normal wear,,,0,1,2025-08-09,,,,
9582081,Moise Kean #245,Soccer Cards 2024 Panini Select FIFA,25,Ungraded,Normal wear,,,0,1,2025-08-07,,,,
8536115,Coby White [Red Ice] #70,Basketball Cards 2024 Panini Prizm,120,Ungraded,Normal wear,,,0,1,2025-10-02,,,,
9639586,Fred VanVleet #137,Basketball Cards 2024 Topps Chrome,25,Ungraded,Normal wear,,,0,1,2025-10-07,,,,
1937196,John Kruk #235,Baseball Cards 1989 Topps,119,Ungraded,Normal wear,,,0,1,2026-03-07,,,,
9853129,Said Nurmagomedov #84,Ufc Cards 2025 Topps Chrome UFC,25,Ungraded,Normal wear,,,0,1,2025-10-07,,,,
11012005,Trafalgar Law OP13-031,One Piece Carrying on His Will,83,Ungraded,Normal wear,,,0,1,2026-03-02,,,,
9576506,Niclas Fullkrug [Purple Mojo] #76,Soccer Cards 2024 Panini Select FIFA,99,Ungraded,Normal wear,,,0,1,2025-08-07,,,,
8537316,Giannis Antetokounmpo #85,Basketball Cards 2024 Panini Prizm,149,Ungraded,Normal wear,,,0,1,2025-08-31,,,,
9199741,Charles Woodson [Crimson Surge] #38,Football Cards 2024 Topps Resurgence,315,Ungraded,Normal wear,,,0,1,2025-10-02,,,,
10732919,Jaylin Lane #335,Football Cards 2025 Panini Donruss,99,Ungraded,Normal wear,,,0,1,2025-11-21,,,,
10962993,Randy Moss [Mosaic Reactive Yellow] #134,Football Cards 2025 Panini Mosaic,113,Ungraded,Normal wear,,,0,1,2026-03-05,,,,
9759734,Russell Wilson #82,Football Cards 2024 Panini Contenders,68,Ungraded,Normal wear,,,0,1,2025-10-07,,,,
7943754,Ricky Pearsall [Green] #331,Football Cards 2024 Panini Mosaic,190,Ungraded,Normal wear,,,0,1,2025-10-04,,,,
8533116,Gary Trent Jr. #33,Basketball Cards 2024 Panini Prizm,25,Ungraded,Normal wear,,,0,1,2025-10-08,,,,
8558840,Kareem Abdul-Jabbar #279,Basketball Cards 2024 Panini Prizm,121,Ungraded,Normal wear,,,0,1,2025-08-31,,,,
9794169,Rob Dillingham [Blue] #187,Basketball Cards 2024 Panini Select,170,Ungraded,Normal wear,,,0,1,2025-08-08,,,,
9201177,Eddie George #98,Football Cards 2024 Topps Resurgence,52,Ungraded,Normal wear,,,0,1,2025-10-02,,,,
9492478,John Riggins #60,Football Cards 2024 Topps Signature Class,35,Ungraded,Normal wear,,,0,1,2025-10-07,,,,
8556116,Anthony Davis #195,Basketball Cards 2024 Panini Prizm,162,Ungraded,Normal wear,,,0,1,2025-10-02,,,,
7607260,Pascal Siakam #184,Basketball Cards 2023 Panini Hoops Premium Stock,199,Ungraded,Normal wear,,,0,1,2025-10-08,,,,
9758178,James Cook #10,Football Cards 2024 Panini Contenders,120,Ungraded,Normal wear,,,0,1,2025-10-07,,,,
10819765,Allen Iverson #253,Basketball Cards 2025 Topps,100,Ungraded,Normal wear,,,0,1,2026-03-10,,,,2025 - 26 TOPPS Flagship Basketball
11012064,Five Elders OP13-082,One Piece Carrying on His Will,224,Ungraded,Normal wear,,,0,1,2025-11-22,,,,
10957578,Roddy White #21,Football Cards 2025 Panini Mosaic,0,Ungraded,Normal wear,,,0,1,2026-03-05,,,,
10819137,Brandin Podziemski #141,Basketball Cards 2025 Topps,99,Ungraded,Normal wear,,,0,1,2026-03-10,,,,2025 - 26 TOPPS Flagship Basketball
11138616,Joe Theismann #71,Football Cards 2025 Panini Phoenix,179,Ungraded,Normal wear,,,0,1,2026-03-05,,,,2025 Panini Phoenix
10839273,Tre Johnson III #80BK-97,Basketball Cards 2025 Topps 1980,119,Ungraded,Normal wear,,,0,1,2026-03-10,,,,2025 - 26 TOPPS Flagship Basketball
9263671,Jared McCain [Blue Storm] #124,Basketball Cards 2024 Panini Revolution,100,Ungraded,Normal wear,,,0,1,2026-02-21,2026-02-21,,,
9947672,Ja'Kobe Walter [Reactive Blue] #234,Basketball Cards 2024 Panini Mosaic,149,Ungraded,Normal wear,,,0,1,2025-10-03,,,,
9934332,Jordan Hawkins #26,Basketball Cards 2024 Panini Mosaic,100,Ungraded,Normal wear,,,0,1,2025-10-02,,,,
8846181,Caleb Martin [Green] #67,Basketball Cards 2024 Panini Prizm,25,Ungraded,Normal wear,,,0,1,2025-10-03,,,,
8319366,Alissa Pili #72,Basketball Cards 2024 Panini Prizm Monopoly WNBA,125,Ungraded,Normal wear,,,0,1,2025-10-02,,,,
10004265,Clayton Kershaw [Raywave] #88,Baseball Cards 2025 Topps Chrome,200,Ungraded,Normal wear,,,0,1,2025-08-09,,,,
9549934,Patrik Laine #572,Hockey Cards 2024 Upper Deck,150,Ungraded,Normal wear,,,0,1,2025-10-02,,,,
8534325,Jordan Hawkins #48,Basketball Cards 2024 Panini Prizm,99,Ungraded,Normal wear,,,0,1,2025-10-08,,,,
9949491,Bronny James Jr. #262,Basketball Cards 2024 Panini Mosaic,170,Ungraded,Normal wear,,,0,1,2025-08-15,,,,
1950667,Dave Justice #329,Baseball Cards 1991 Topps,148,Ungraded,Normal wear,,,3,1,2026-01-16,2026-01-16,,,
8560737,Stephon Castle #29,Basketball Cards 2024 Panini Prizm Emergent,154,Ungraded,Normal wear,,,0,1,2025-10-08,,,,
4514392,Brian Ortega #48,Ufc Cards 2022 Panini Donruss Optic UFC,106,Ungraded,Normal wear,,,0,1,2025-10-02,,,,
11634266,Miss Doublefinger Zala OP14-086,One Piece Azure Sea's Seven,112,Ungraded,Normal wear,,,0,1,2026-02-14,,,,
9585415,Maximilian Beier #5,Soccer Cards 2024 Panini Select FIFA Future,152,Ungraded,Normal wear,,,0,1,2025-10-07,,,,
11137500,Chris Chambers #55,Football Cards 2025 Panini Phoenix,0,Ungraded,Normal wear,,,0,1,2026-03-05,,,,2025 Panini Phoenix
10050104,Tony Tony Chopper #1946,Funko POP Animation,1999,Brand New,Normal wear,,,0,1,2025-11-22,,,,
7373222,Jahmyr Gibbs #FUT-JGI,Football Cards 2023 Panini Select Future,129,Ungraded,Normal wear,,,0,1,2025-10-02,,,,
9940402,Andre Drummond #126,Basketball Cards 2024 Panini Mosaic,101,Ungraded,Normal wear,,,0,1,2025-10-02,,,,
8649290,Kirk Gibson #55,Baseball Cards 1989 Topps All Star Glossy Set of 60,0,Ungraded,Normal wear,,,0,1,2026-03-07,,,,
9959521,Giannis Antetokounmpo #9,Basketball Cards 2024 Panini Mosaic Thunder Road,181,Ungraded,Normal wear,,,0,1,2025-10-03,,,,
9758866,Jonathan Taylor #43,Football Cards 2024 Panini Contenders,100,Ungraded,Normal wear,,,0,1,2025-10-07,,,,
8550164,DaRon Holmes II #235,Basketball Cards 2024 Panini Prizm,125,Ungraded,Normal wear,,,0,1,2025-10-02,,,,
11822369,Daisy Duck [Yellow] #40,2025 Topps Chrome Disney,537,Ungraded,Normal wear,,,0,1,2026-03-10,,,,
9646376,LaMelo Ball #ST-8,Basketball Cards 2024 Topps Chrome Show and Tell,61,Ungraded,Normal wear,,,0,1,2025-10-07,,,,
8552716,Reed Sheppard [Red Ice] #268,Basketball Cards 2024 Panini Prizm,777,Ungraded,Normal wear,,,125,1,2025-10-02,,,,
7654535,Leonard Williams #270,Football Cards 2024 Panini Prestige,129,Ungraded,Normal wear,,,0,1,2025-10-02,,,,
9636302,Jaylen Brown #28,Basketball Cards 2024 Topps Chrome,460,Ungraded,Normal wear,,,0,1,2025-10-07,,,,
7605846,LeBron James [Ice Prizm] #149,Basketball Cards 2023 Panini Hoops Premium Stock,299,Ungraded,Normal wear,,,0,1,2025-10-08,,,,
9759608,Breece Hall #76,Football Cards 2024 Panini Contenders,36,Ungraded,Normal wear,,,0,1,2025-10-07,,,,
8547203,Tyler Kolek #225,Basketball Cards 2024 Panini Prizm,100,Ungraded,Normal wear,,,0,1,2025-10-02,,,,
8882539,Scott Mayfield #590,Hockey Cards 2020 Upper Deck Extended Series,127,Ungraded,Normal wear,,,0,1,2025-10-04,,,,
8563367,Joc Pederson #127,Baseball Cards 2025 Topps,131,Ungraded,Normal wear,,,0,1,2025-10-14,,,,
9952352,Yao Ming #294,Basketball Cards 2024 Panini Mosaic,81,Ungraded,Normal wear,,,0,1,2025-10-03,,,,
8554559,Kevin Garnett #283,Basketball Cards 2024 Panini Prizm,125,Ungraded,Normal wear,,,0,1,2025-10-02,,,,
3134193,Matt Nieto #616,Hockey Cards 2020 Upper Deck,137,Ungraded,Normal wear,,,0,1,2025-10-08,,,,
6949338,Mathias Jensen [Purple Mojo] #16,Soccer Cards 2023 Panini Select Premier League,25,Ungraded,Normal wear,,,0,1,2025-10-07,,,,
3134238,Alex Pietrangelo #661,Hockey Cards 2020 Upper Deck,175,Ungraded,Normal wear,,,0,1,2025-10-08,,,,
9950654,Reed Sheppard [Green] #276,Basketball Cards 2024 Panini Mosaic,263,Ungraded,Normal wear,,,33,1,2026-01-16,,,,
9260038,Michael Porter Jr. #15,Basketball Cards 2024 Panini Revolution,99,Ungraded,Normal wear,,,0,1,2025-10-04,,,,
7354673,Carrington Valentine #118,Football Cards 2023 Panini Select,144,Ungraded,Normal wear,,,0,1,2025-10-02,,,,
8557142,Ajay Mitchell [Red Ice] #226,Basketball Cards 2024 Panini Prizm,475,Ungraded,Normal wear,,,0,1,2025-10-02,,,,
8703996,Nick Suzuki #337,Hockey Cards 2024 Upper Deck,128,Ungraded,Normal wear,,,0,1,2025-10-02,,,,
8780278,Bronny James Jr. #243,Basketball Cards 2024 Panini Donruss,181,Ungraded,Normal wear,,,0,1,2025-10-08,,,,
3134240,Mark Scheifele #663,Hockey Cards 2020 Upper Deck,54,Ungraded,Normal wear,,,0,1,2025-10-08,,,,
3821624,Connor McMichael #UV-26,Hockey Cards 2020 Upper Deck Ultimate Victory,107,Ungraded,Normal wear,,,0,1,2025-10-08,,,,
8563547,Charlie Blackmon #311,Baseball Cards 2025 Topps,99,Ungraded,Normal wear,,,0,1,2025-10-14,,,,
8563526,Pete Crow-Armstrong #290,Baseball Cards 2025 Topps,99,Ungraded,Normal wear,,,0,1,2025-10-14,,,,
8770861,Fred VanVleet #58,Basketball Cards 2024 Panini Donruss,64,Ungraded,Normal wear,,,0,1,2025-10-08,,,,
10011408,Masyn Winn #244,Baseball Cards 2025 Topps Chrome,156,Ungraded,Normal wear,,,0,1,2025-10-07,,,,
11012041,Gol.D.Roger [Alternate Art] OP13-064,One Piece Carrying on His Will,1854,Ungraded,Normal wear,,,0,1,2026-01-09,,,,
9199515,Tony Dorsett #28,Football Cards 2024 Topps Resurgence,125,Ungraded,Normal wear,,,0,1,2025-10-02,,,,
9098833,Tre Tucker #136,Football Cards 2024 Panini Phoenix,100,Ungraded,Normal wear,,,0,1,2025-10-02,,,,
9630302,Olu Fashanu [Bronze] #161,Football Cards 2024 Topps Signature Class,109,Ungraded,Normal wear,,,0,1,2025-10-07,,,,
8028462,Fermin Lopez #162,Soccer Cards 2024 Topps UEFA,200,Ungraded,Normal wear,,,0,1,2026-01-16,,,,2024-25 Topps Chrome UEFA Club Competitions 
9936207,John Collins #56,Basketball Cards 2024 Panini Mosaic,100,Ungraded,Normal wear,,,0,1,2025-10-02,,,,
1937947,Roger Clemens #195,Baseball Cards 1989 Upper Deck,144,Ungraded,Normal wear,,,0,1,2025-10-08,,,,
8563318,Aaron Judge / Juan Soto / Anthony Santander #79,Baseball Cards 2025 Topps,169,Ungraded,Normal wear,,,0,1,2026-01-16,2026-01-15,,,
4734758,Barry Sanders [League Leaders] #273,Football Cards 1991 Bowman,140,Ungraded,Normal wear,,,3,1,2026-01-09,,,,ACoolAUCTION - $7 Lot of Football
9759027,Harrison Butker #49,Football Cards 2024 Panini Contenders,117,Ungraded,Normal wear,,,0,1,2025-10-07,,,,
259619,Barry Sanders [Silver Prizm] #275,Football Cards 2019 Panini Prizm,399,Ungraded,Normal wear,,,3,1,2026-01-09,,,,ACoolAUCTION - $7 Lot of Football
8551906,Bronny James Jr. #243,Basketball Cards 2024 Panini Prizm,153,Ungraded,Normal wear,,,0,1,2025-10-03,,,,
3134137,Radko Gudas #557,Hockey Cards 2020 Upper Deck,175,Ungraded,Normal wear,,,0,1,2025-10-04,,,,
5868804,Nikolina Milic #28,Basketball Cards 2023 Panini Prizm WNBA,110,Ungraded,Normal wear,,,0,1,2025-10-04,,,,
8773303,Ben Simmons #111,Basketball Cards 2024 Panini Donruss,99,Ungraded,Normal wear,,,0,1,2025-10-08,,,,
9759115,Gardner Minshew II #53,Football Cards 2024 Panini Contenders,100,Ungraded,Normal wear,,,0,1,2025-10-07,,,,
8880211,Lucas Wallmark #529,Hockey Cards 2020 Upper Deck Extended Series,25,Ungraded,Normal wear,,,0,1,2025-10-04,,,,
1945916,Juan Gonzalez #54,Baseball Cards 1991 O Pee Chee,165,Ungraded,Normal wear,,,0,1,2026-01-16,2026-01-15,,,
9383814,James Tavernier #26,Soccer Cards 2024 Topps Chrome UEFA,25,Ungraded,Normal wear,,,0,1,2025-10-02,,,,
8545860,Al Horford #193,Basketball Cards 2024 Panini Prizm,179,Ungraded,Normal wear,,,0,1,2025-10-02,,,,
9045203,Anthony Davis [Sparkle] #44,Basketball Cards 2024 Panini Prizm Monopoly,0,Ungraded,Normal wear,,,0,1,2025-10-04,,,,
9943237,Cam Reddish #170,Basketball Cards 2024 Panini Mosaic,162,Ungraded,Normal wear,,,0,1,2025-10-02,,,,
8318151,Betnijah Laney-Hamilton #31,Basketball Cards 2024 Panini Prizm Monopoly WNBA,163,Ungraded,Normal wear,,,0,1,2025-10-02,,,,
1782942,Yadier Molina [Red Foil] #130,Baseball Cards 2020 Topps Opening Day,416,Ungraded,Normal wear,,,0,1,2026-03-07,,,,
8560271,Reed Sheppard #6,Basketball Cards 2024 Panini Prizm Deep Space,100,Ungraded,Normal wear,,,0,1,2025-10-08,,,,
9942480,Devin Vassell #156,Basketball Cards 2024 Panini Mosaic,25,Ungraded,Normal wear,,,0,1,2025-10-02,,,,
9549703,Moritz Seider #546,Hockey Cards 2024 Upper Deck,38,Ungraded,Normal wear,,,0,1,2025-10-02,,,,
7355453,Justin Herbert #136,Football Cards 2023 Panini Select,167,Ungraded,Normal wear,,,0,1,2025-10-02,,,,
2107068,Rhys Hoskins #162,Baseball Cards 2021 Topps,145,Ungraded,Normal wear,,,0,1,2026-01-16,2026-01-15,,,
79871,Spud Webb [Refractor] #57,Basketball Cards 1993 Finest,43536,PSA 10,Normal wear,,,0,1,2026-01-16,2026-01-16,,,
8563599,Josh Naylor #322,Baseball Cards 2025 Topps,132,Ungraded,Normal wear,,,0,1,2025-10-14,,,,
9641194,Ja Morant #188,Basketball Cards 2024 Topps Chrome,129,Ungraded,Normal wear,,,0,1,2025-10-07,,,,
8563297,Ranger Suarez #56,Baseball Cards 2025 Topps,149,Ungraded,Normal wear,,,0,1,2025-10-14,,,,
6909947,Ryan Blaney #112,Racing Cards 2024 Donruss NASCAR,25,Ungraded,Normal wear,,,0,1,2026-03-07,,,,
3134207,Alex Galchenyuk #630,Hockey Cards 2020 Upper Deck,1,Ungraded,Normal wear,,,0,1,2025-10-08,,,,
9758393,Joe Burrow #20,Football Cards 2024 Panini Contenders,131,Ungraded,Normal wear,,,0,1,2025-10-07,,,,
8319960,Diana Taurasi #WNBA20,Basketball Cards 2024 Panini Prizm Monopoly WNBA Insert,163,Ungraded,Normal wear,,,0,1,2025-10-07,,,,
10028599,Josh Leivo #517,Hockey Cards 2020 Upper Deck Extended Series,25,Ungraded,Normal wear,,,0,1,2025-10-04,,,,
10819248,Oso Ighodaro #160,Basketball Cards 2025 Topps,99,Ungraded,Normal wear,,,0,1,2026-03-10,,,,2025 - 26 TOPPS Flagship Basketball
4514433,Michelle Waterson #89,Ufc Cards 2022 Panini Donruss Optic UFC,43,Ungraded,Normal wear,,,0,1,2025-10-02,,,,
10045671,Patric Hornqvist #558,Hockey Cards 2020 Upper Deck Extended Series,99,Ungraded,Normal wear,,,0,1,2025-10-04,,,,
10184909,Tobias Harris #24,Basketball Cards 2024 Panini Donruss Optic,111,Ungraded,Normal wear,,,0,1,2025-10-08,,,,
9760057,DeAndre Hopkins #97,Football Cards 2024 Panini Contenders,25,Ungraded,Normal wear,,,0,1,2025-10-07,,,,
9582081,Moise Kean #245,Soccer Cards 2024 Panini Select FIFA,25,Ungraded,Normal wear,,,0,1,2025-08-07,,,,
8530631,Jamal Murray #2,Basketball Cards 2024 Panini Prizm,344,Ungraded,Normal wear,,,0,1,2025-08-31,,,,
1925325,Barry Bonds #320,Baseball Cards 1987 Topps,326,Ungraded,Normal wear,,,0,1,2026-01-16,2026-01-15,,,
9091088,Aaron Jones #2,Football Cards 2024 Panini Phoenix,144,Ungraded,Normal wear,,,0,1,2025-10-02,,,,
8552002,Reed Sheppard #268,Basketball Cards 2024 Panini Prizm,134,Ungraded,Normal wear,,,0,1,2025-10-03,,,,
9202208,Maason Smith #142,Football Cards 2024 Topps Resurgence,136,Ungraded,Normal wear,,,0,1,2025-10-02,,,,
3134258,Anze Kopitar #681,Hockey Cards 2020 Upper Deck,187,Ungraded,Normal wear,,,0,1,2025-10-08,,,,
9493398,Patrick Paul #149,Football Cards 2024 Topps Signature Class,100,Ungraded,Normal wear,,,0,1,2025-10-07,,,,
1881451,Rod Carew #700,Baseball Cards 1980 Topps,150,Ungraded,Normal wear,,,0,1,2025-12-10,2025-12-10,,,
10003561,Luis De Los Santos [Refractor] #74,Baseball Cards 2025 Topps Chrome,69,Ungraded,Normal wear,,,0,1,2025-08-09,,,,
2323040,Ron Darling #182,Baseball Cards 1993 Topps,119,Ungraded,Normal wear,,,0,1,2026-03-07,,,,
8558828,Anfernee Hardaway #274,Basketball Cards 2024 Panini Prizm,83,Ungraded,Normal wear,,,0,1,2025-10-02,,,,
9851381,Arnold Allen #25,Ufc Cards 2025 Topps Chrome UFC,25,Ungraded,Normal wear,,,0,1,2025-10-07,,,,
3134221,Zdeno Chara #644,Hockey Cards 2020 Upper Deck,150,Ungraded,Normal wear,,,0,1,2025-10-08,,,,
11140797,Roquan Smith #96,Football Cards 2025 Panini Phoenix,99,Ungraded,Normal wear,,,0,1,2026-03-05,,,,2025 Panini Phoenix
9550885,Jeremy Swayman #678,Hockey Cards 2024 Upper Deck,125,Ungraded,Normal wear,,,0,1,2025-10-02,,,,
10006739,Ian Happ #144,Baseball Cards 2025 Topps Chrome,117,Ungraded,Normal wear,,,0,1,2025-08-09,,,,
8704616,Michael Carcone #420,Hockey Cards 2024 Upper Deck,143,Ungraded,Normal wear,,,0,1,2025-10-02,,,,
3822008,Ryan O'Reilly #37,Hockey Cards 2020 Upper Deck Triple Dimensions Reflections,84,Ungraded,Normal wear,,,0,1,2025-10-08,,,,
8320285,Celeste Taylor #66,Basketball Cards 2024 Panini Prizm Monopoly WNBA,148,Ungraded,Normal wear,,,0,1,2025-10-02,,,,
9939528,Brandin Podziemski #105,Basketball Cards 2024 Panini Mosaic,140,Ungraded,Normal wear,,,0,1,2025-10-02,,,,
8561337,Ron Holland II #13,Basketball Cards 2024 Panini Prizm Instant Impact,118,Ungraded,Normal wear,,,0,1,2025-10-07,,,,
9389208,Joao Simoes #156,Soccer Cards 2024 Topps Chrome UEFA,25,Ungraded,Normal wear,,,0,1,2025-10-02,,,,
8027090,Federico Dimarco #129,Soccer Cards 2024 Topps UEFA,1,Ungraded,Normal wear,,,0,1,2025-10-07,,,,
8319042,Kayla McBride #61,Basketball Cards 2024 Panini Prizm Monopoly WNBA,159,Ungraded,Normal wear,,,0,1,2025-10-02,,,,
1931071,Tino Martinez #66T,Baseball Cards 1988 Topps Traded Tiffany,700,Ungraded,Normal wear,,,0,1,2025-12-25,,,,
8556101,Duncan Robinson #190,Basketball Cards 2024 Panini Prizm,125,Ungraded,Normal wear,,,0,1,2025-10-08,,,,
9637729,Luguentz Dort #74,Basketball Cards 2024 Topps Chrome,99,Ungraded,Normal wear,,,0,1,2025-10-07,,,,
10963950,Josh Jacobs #156,Football Cards 2025 Panini Mosaic,165,Ungraded,Normal wear,,,0,1,2026-03-05,,,,
9384400,Viggo Gebel #40,Soccer Cards 2024 Topps Chrome UEFA,300,Ungraded,Normal wear,,,0,1,2025-10-02,,,,
10732629,Dont'e Thornton Jr. #349,Football Cards 2025 Panini Donruss,53,Ungraded,Normal wear,,,0,1,2025-11-21,,,,
9636733,Naz Reid #43,Basketball Cards 2024 Topps Chrome,25,Ungraded,Normal wear,,,0,1,2025-10-07,,,,
1893305,Graig Nettles #636,Baseball Cards 1983 Topps,149,Ungraded,Normal wear,,,0,1,2025-12-25,,,,
10818405,Paul George #23,Basketball Cards 2025 Topps,22,Ungraded,Normal wear,,,0,1,2026-03-10,,,,2025 - 26 TOPPS Flagship Basketball
8776467,Darius Garland #170,Basketball Cards 2024 Panini Donruss,94,Ungraded,Normal wear,,,0,1,2025-10-08,,,,
8774145,Zion Williamson #129,Basketball Cards 2024 Panini Donruss,99,Ungraded,Normal wear,,,0,1,2025-10-08,,,,
8551709,Brandon Ingram #182,Basketball Cards 2024 Panini Prizm,25,Ungraded,Normal wear,,,0,1,2025-10-02,,,,
7349902,Keaton Mitchell #10,Football Cards 2023 Panini Select,117,Ungraded,Normal wear,,,0,1,2025-10-02,,,,
9758023,Kyler Murray #3,Football Cards 2024 Panini Contenders,100,Ungraded,Normal wear,,,0,1,2025-10-07,,,,
3134180,Derek Stepan #603,Hockey Cards 2020 Upper Deck,53,Ungraded,Normal wear,,,0,1,2025-10-08,,,,
8563429,Miguel Vargas #190,Baseball Cards 2025 Topps,112,Ungraded,Normal wear,,,0,1,2025-10-14,,,,
3134242,Eric Staal #665,Hockey Cards 2020 Upper Deck,112,Ungraded,Normal wear,,,0,1,2025-10-08,,,,
1963682,Chris Donnels #238,Baseball Cards 1993 Topps Gold,199,Ungraded,Normal wear,,,0,1,2026-03-08,,,,
7351276,C.J. Stroud [Green Yellow Prizm Die-Cut] #41,Football Cards 2023 Panini Select,236,Ungraded,Normal wear,,,0,1,2025-10-02,,,,
2322811,Len Dykstra #740,Baseball Cards 1993 Topps,160,Ungraded,Normal wear,,,0,1,2026-03-07,,,,
6954520,Jarrod Bowen #191,Soccer Cards 2023 Panini Select Premier League,107,Ungraded,Normal wear,,,0,1,2025-10-07,,,,
3134269,Victor Hedman #692,Hockey Cards 2020 Upper Deck,180,Ungraded,Normal wear,,,0,1,2025-10-08,,,,
8319960,Diana Taurasi #WNBA20,Basketball Cards 2024 Panini Prizm Monopoly WNBA Insert,163,Ungraded,Normal wear,,,0,1,2025-10-07,,,,
8563501,Boston Red Sox #264,Baseball Cards 2025 Topps,144,Ungraded,Normal wear,,,0,1,2025-10-14,,,,
10979371,Luther Burden III #7,Football Cards 2025 Panini Mosaic Elevate,107,Ungraded,Normal wear,,,0,1,2026-03-05,,,,
3134250,Chris Kreider #673,Hockey Cards 2020 Upper Deck,106,Ungraded,Normal wear,,,0,1,2025-10-08,,,,
1920383,Rusty Staub #570,Baseball Cards 1986 Topps,153,Ungraded,Normal wear,,,3,1,2026-01-16,2026-01-16,,,
222306,Jerry Rice #LS 7,Football Cards 2019 Donruss The Legends Series,113,Ungraded,Normal wear,,,0,1,2026-01-09,,,,ACoolAUCTION - $7 Lot of Football
9960060,Zion Williamson #1,Basketball Cards 2024 Panini Mosaic Jam Masters,162,Ungraded,Normal wear,,,0,1,2025-08-15,,,,
8563443,Seth Lugo #206,Baseball Cards 2025 Topps,155,Ungraded,Normal wear,,,0,1,2025-10-14,,,,
1828734,Willie McCovey #316,Baseball Cards 1960 Topps,72500,Graded 7,Normal wear,,,5600,1,2026-01-08,,,,ACoolAUCTION - HiBid - Singles Auctions
8881838,Tanner Kero #543,Hockey Cards 2020 Upper Deck Extended Series,179,Ungraded,Normal wear,,,0,1,2025-10-04,,,,
1103910,Bo Jackson #330,Football Cards 1990 Panini Score,190,Ungraded,Normal wear,,,0,1,2026-01-08,,,,ACoolAUCTION - $7 Lot of Football
7599876,Nikola Jokic #1,Basketball Cards 2023 Panini Hoops Premium Stock,153,Ungraded,Normal wear,,,0,1,2025-10-08,,,,
8703374,David Pastrnak #258,Hockey Cards 2024 Upper Deck,119,Ungraded,Normal wear,,,0,1,2025-10-02,,,,
11823733,Hamm #93,2025 Topps Chrome Disney,199,Ungraded,Normal wear,,,0,1,2026-03-10,,,,
8148967,Knowshon Moreno #DD-KMO,Football Cards 2024 Panini Absolute Draft Diamonds,100,Ungraded,Normal wear,,,0,1,2025-10-02,,,,
1101887,Lawrence Taylor #285,Football Cards 1988 Topps,180,Ungraded,Normal wear,,,0,1,2026-01-09,,,,ACoolAUCTION - $7 Lot of Football
8543770,Collin Sexton #151,Basketball Cards 2024 Panini Prizm,25,Ungraded,Normal wear,,,0,1,2025-10-02,,,,
9199179,Richard Dent #16,Football Cards 2024 Topps Resurgence,99,Ungraded,Normal wear,,,0,1,2025-10-02,,,,
9261622,Alperen Sengun #65,Basketball Cards 2024 Panini Revolution,100,Ungraded,Normal wear,,,0,1,2025-10-04,,,,
11011971,Gol.D.Roger [Alternate Art] OP13-003,One Piece Carrying on His Will,2947,Ungraded,Normal wear,,,0,1,2025-11-22,,,,
8320138,Nika Muhl #WNBA26,Basketball Cards 2024 Panini Prizm Monopoly WNBA Insert,99,Ungraded,Normal wear,,,0,1,2025-08-09,,,,
6958305,Ansu Fati [Blue Pulsar] #5,Soccer Cards 2023 Panini Select Premier League Select Stars,25,Ungraded,Normal wear,,,0,1,2025-10-07,,,,
11821844,Kronk #22,2025 Topps Chrome Disney,142,Ungraded,Normal wear,,,0,1,2026-03-10,,,,
9262695,Jonas Valanciunas #99,Basketball Cards 2024 Panini Revolution,99,Ungraded,Normal wear,,,0,1,2025-10-04,,,,
9491898,Bernie Kosar #9,Football Cards 2024 Topps Signature Class,63,Ungraded,Normal wear,,,0,1,2025-10-07,,,,
9861102,Zhang Weili #TTC-18,Ufc Cards 2025 Topps Chrome UFC Top of the Class,102,Ungraded,Normal wear,,,0,1,2025-10-07,,,,
9859165,Shavkat Rakhmonov #AAG-7,Ufc Cards 2025 Topps Chrome UFC Allen & Ginter,99,Ungraded,Normal wear,,,0,1,2025-10-07,,,,
7349561,Clayton Tune [Copper Prizm Die-Cut] #2,Football Cards 2023 Panini Select,350,Ungraded,Normal wear,,,0,1,2025-10-02,,,,
9950166,Zaccharie Risacher #269,Basketball Cards 2024 Panini Mosaic,99,Ungraded,Normal wear,,,0,1,2025-10-03,,,,
9951347,Nikola Jokic #275,Basketball Cards 2024 Panini Mosaic,233,Ungraded,Normal wear,,,0,1,2025-10-03,,,,
9391091,Robert Lewandowski #200,Soccer Cards 2024 Topps Chrome UEFA,38,Ungraded,Normal wear,,,0,1,2025-10-02,,,,
9852176,Jean Matsumoto #52,Ufc Cards 2025 Topps Chrome UFC,124,Ungraded,Normal wear,,,0,1,2025-10-07,,,,
7604671,Austin Reaves #120,Basketball Cards 2023 Panini Hoops Premium Stock,99,Ungraded,Normal wear,,,0,1,2025-10-08,,,,
1100369,Jerry Rice #2,Football Cards 1987 Topps 1000 Yard Club,200,Ungraded,Normal wear,,,0,1,2026-01-09,,,,ACoolAUCTION - $7 Lot of Football
8703755,Michael Rasmussen #307,Hockey Cards 2024 Upper Deck,99,Ungraded,Normal wear,,,0,1,2025-10-02,,,,
8536583,Jonas Valanciunas #76,Basketball Cards 2024 Panini Prizm,59,Ungraded,Normal wear,,,0,1,2025-08-31,,,,
9951951,Dirk Nowitzki #295,Basketball Cards 2024 Panini Mosaic,72,Ungraded,Normal wear,,,0,1,2025-10-03,,,,
9260586,Cade Cunningham #32,Basketball Cards 2024 Panini Revolution,125,Ungraded,Normal wear,,,0,1,2025-10-02,,,,
1169629,Brett Favre #35,Football Cards 1995 Playoff Absolute,71,Ungraded,Normal wear,,,3,1,2026-01-09,,,,ACoolAUCTION - $7 Lot of Football
8563561,Eugenio Suarez #328,Baseball Cards 2025 Topps,99,Ungraded,Normal wear,,,0,1,2025-10-14,,,,
10732742,Tyleik Williams #360,Football Cards 2025 Panini Donruss,90,Ungraded,Normal wear,,,0,1,2025-11-21,,,,
1925080,Ron Darling #75,Baseball Cards 1987 Topps,144,Ungraded,Normal wear,,,0,1,2026-03-07,,,,
1879334,Graig Nettles #460,Baseball Cards 1979 Topps,199,Ungraded,Normal wear,,,0,1,2025-12-25,,,,
75371,Jan van Breda Kolff / George Gervin / Johnny Davis #117 / 162 / 204,Basketball Cards 1980 Topps,188,Ungraded,Normal wear,,,0,1,2026-03-07,,,,
8318182,Nyara Sabally #32,Basketball Cards 2024 Panini Prizm Monopoly WNBA,165,Ungraded,Normal wear,,,0,1,2025-10-02,,,,
10010996,Andrew Vaughn #235,Baseball Cards 2025 Topps Chrome,100,Ungraded,Normal wear,,,0,1,2025-10-07,,,,
9492220,Drew Brees #35,Football Cards 2024 Topps Signature Class,41,Ungraded,Normal wear,,,0,1,2025-10-07,,,,
10198844,Marcus Smart #213,Basketball Cards 2024 Panini Donruss Optic,99,Ungraded,Normal wear,,,0,1,2025-10-08,,,,
8703795,Derek Ryan #312,Hockey Cards 2024 Upper Deck,99,Ungraded,Normal wear,,,0,1,2025-10-08,,,,
9267402,Anthony Edwards #22,Basketball Cards 2024 Panini Revolution Star Gazing,132,Ungraded,Normal wear,,,0,1,2025-10-04,,,,
9550220,Brandon Montour #607,Hockey Cards 2024 Upper Deck,139,Ungraded,Normal wear,,,0,1,2025-10-02,,,,
9203508,Kamren Kinchens #152,Football Cards 2024 Topps Resurgence,100,Ungraded,Normal wear,,,0,1,2025-10-02,,,,
8879999,Cedric Paquette #523,Hockey Cards 2020 Upper Deck Extended Series,25,Ungraded,Normal wear,,,0,1,2025-10-04,,,,
1094797,Ken Stabler #65,Football Cards 1980 Topps,159,Ungraded,Normal wear,,,0,1,2025-12-25,,,,
9638424,Allen Iverson #94,Basketball Cards 2024 Topps Chrome,102,Ungraded,Normal wear,,,0,1,2025-10-07,,,,
681372,Barry Sanders #74,Football Cards 1999 Panini Donruss Preferred,181,Ungraded,Normal wear,,,0,1,2026-01-09,,,,ACoolAUCTION - $7 Lot of Football
11136268,J.J. McCarthy #38,Football Cards 2025 Panini Phoenix,151,Ungraded,Normal wear,,,0,1,2026-03-05,,,,2025 Panini Phoenix
8028889,Pedri #174,Soccer Cards 2024 Topps UEFA,362,Ungraded,Normal wear,,,0,1,2025-10-07,,,,
1103588,Bo Jackson #10,Football Cards 1990 Panini Score,127,Ungraded,Normal wear,,,0,1,2026-01-08,,,,ACoolAUCTION - $7 Lot of Football
1920577,Don Baylor #765,Baseball Cards 1986 Topps,149,Ungraded,Normal wear,,,0,1,2026-01-16,2026-01-15,,,
8703771,Ben Chiarot #309,Hockey Cards 2024 Upper Deck,99,Ungraded,Normal wear,,,0,1,2025-10-02,,,,
8704691,Elias Pettersson #425,Hockey Cards 2024 Upper Deck,99,Ungraded,Normal wear,,,0,1,2025-10-08,,,,
6910392,Brennan Poole #147,Racing Cards 2024 Donruss NASCAR,25,Ungraded,Normal wear,,,0,1,2026-03-07,,,,
3821975,Brad Marchand #4,Hockey Cards 2020 Upper Deck Triple Dimensions Reflections,164,Ungraded,Normal wear,,,0,1,2025-10-08,,,,
9764899,Keon Coleman #19,Football Cards 2024 Panini Contenders Rookie Stallions,102,Ungraded,Normal wear,,,0,1,2025-10-07,,,,
8531045,Keegan Murray [Red White Blue] #7,Basketball Cards 2024 Panini Prizm,146,Ungraded,Normal wear,,,0,1,2025-08-30,,,,
8846274,Jrue Holiday [Green] #171,Basketball Cards 2024 Panini Prizm,115,Ungraded,Normal wear,,,0,1,2025-10-03,,,,
8554503,Kyle Filipowski #263,Basketball Cards 2024 Panini Prizm,100,Ungraded,Normal wear,,,0,1,2025-10-02,,,,
9262122,Chet Holmgren #86,Basketball Cards 2024 Panini Revolution,197,Ungraded,Normal wear,,,0,1,2025-10-04,,,,
1875285,Graig Nettles #20,Baseball Cards 1977 Topps,199,Ungraded,Normal wear,,,0,1,2025-12-25,,,,
9262973,Kel'el Ware #102,Basketball Cards 2024 Panini Revolution,157,Ungraded,Normal wear,,,0,1,2026-02-21,2026-02-21,,,
9854398,Belal Muhammad #126,Ufc Cards 2025 Topps Chrome UFC,25,Ungraded,Normal wear,,,0,1,2025-10-07,,,,
10217560,Brennan Poole #43,Racing Cards 2025 Panini Donruss NASCAR,99,Ungraded,Normal wear,,,0,1,2025-10-07,,,,
6949302,Emiliano Martinez #15,Soccer Cards 2023 Panini Select Premier League,99,Ungraded,Normal wear,,,0,1,2025-10-07,,,,
391792,Barry Sanders [Pink Pulsar Prizm] #11,Football Cards 2020 Panini Prizm Draft Picks,217,Ungraded,Normal wear,,,3,1,2026-01-09,,,,ACoolAUCTION - $7 Lot of Football
9639690,Malik Monk #141,Basketball Cards 2024 Topps Chrome,0,Ungraded,Normal wear,,,0,1,2025-10-07,,,,
7609194,Devin Vassell #232,Basketball Cards 2023 Panini Hoops Premium Stock,150,Ungraded,Normal wear,,,0,1,2025-10-08,,,,
8542623,Jaren Jackson Jr. #140,Basketball Cards 2024 Panini Prizm,53,Ungraded,Normal wear,,,0,1,2025-08-31,,,,
8318418,Kate Martin #40,Basketball Cards 2024 Panini Prizm Monopoly WNBA,139,Ungraded,Normal wear,,,0,1,2025-10-02,,,,
297354,Johnny Unitas #229,Football Cards 2017 Panini Donruss,149,Ungraded,Normal wear,,,0,1,2026-03-08,,,,
9941190,Evan Mobley #133,Basketball Cards 2024 Panini Mosaic,165,Ungraded,Normal wear,,,0,1,2025-10-02,,,,
8561361,Kel'el Ware #16,Basketball Cards 2024 Panini Prizm Instant Impact,100,Ungraded,Normal wear,,,0,1,2025-08-31,,,,
9939739,Julius Randle #107,Basketball Cards 2024 Panini Mosaic,174,Ungraded,Normal wear,,,0,1,2025-10-02,,,,
8560113,Kelly Olynyk [Red] #152,Basketball Cards 2024 Panini Prizm,99,Ungraded,Normal wear,,,0,1,2025-10-08,,,,
11012011,Roronoa Zoro OP13-037,One Piece Carrying on His Will,103,Ungraded,Normal wear,,,0,1,2026-03-02,,,,
8551093,Karl Malone #289,Basketball Cards 2024 Panini Prizm,99,Ungraded,Normal wear,,,0,1,2025-10-02,,,,
9639264,Quinten Post [Geometric Green Refractor] #121,Basketball Cards 2024 Topps Chrome,124,Ungraded,Normal wear,,,0,1,2025-10-07,,,,
9765132,Blake Corum / Trey Benson #12,Football Cards 2024 Panini Contenders Round Numbers,98,Ungraded,Normal wear,,,0,1,2025-10-07,,,,
3134089,Nick Ritchie #509,Hockey Cards 2020 Upper Deck,120,Ungraded,Normal wear,,,0,1,2025-10-08,,,,
9763994,Joe Klecko / Tony Dorsett [Red] #1,Football Cards 2024 Panini Contenders Historic Draft Class,99,Ungraded,Normal wear,,,0,1,2025-10-07,,,,
8771361,Markelle Fultz #74,Basketball Cards 2024 Panini Donruss,125,Ungraded,Normal wear,,,0,1,2025-10-08,,,,
8703677,Matt Duchene #297,Hockey Cards 2024 Upper Deck,138,Ungraded,Normal wear,,,0,1,2025-10-02,,,,
1104170,Bo Jackson #591,Football Cards 1990 Panini Score,123,Ungraded,Normal wear,,,33,1,2026-01-06,,,,ACoolAUCTION - $7 Lot of Football
8318802,Courtney Vandersloot #53,Basketball Cards 2024 Panini Prizm Monopoly WNBA,149,Ungraded,Normal wear,,,0,1,2025-10-02,,,,
9759564,Brian Burns #74,Football Cards 2024 Panini Contenders,150,Ungraded,Normal wear,,,0,1,2025-10-07,,,,
745293,Brett Favre #20,Football Cards 2000 Topps,160,Ungraded,Normal wear,,,0,1,2026-01-06,,,,ACoolAUCTION - $7 Lot of Football
8544476,Reggie Jackson [Red Ice] #162,Basketball Cards 2024 Panini Prizm,199,Ungraded,Normal wear,,,0,1,2025-10-02,,,,
8769620,Julius Randle #40,Basketball Cards 2024 Panini Donruss,99,Ungraded,Normal wear,,,0,1,2025-10-08,,,,
9636640,Dominique Wilkins #39,Basketball Cards 2024 Topps Chrome,150,Ungraded,Normal wear,,,0,1,2025-10-07,,,,
8139442,Lamar Jackson #9,Football Cards 2024 Panini Absolute,148,Ungraded,Normal wear,,,0,1,2025-10-02,,,,
8536826,Wendell Carter Jr. #79,Basketball Cards 2024 Panini Prizm,6,Ungraded,Normal wear,,,0,1,2025-08-31,,,,
8532955,Grant Williams #31,Basketball Cards 2024 Panini Prizm,10,Ungraded,Normal wear,,,0,1,2025-08-30,,,,
8560697,Rob Dillingham [Green] #24,Basketball Cards 2024 Panini Prizm Emergent,114,Ungraded,Normal wear,,,0,1,2025-10-08,,,,
8563491,Kyle Finnegan #254,Baseball Cards 2025 Topps,99,Ungraded,Normal wear,,,0,1,2025-10-14,,,,
10455388,Robbie Grossman #BDPP10,Baseball Cards 2008 Bowman Prospects,25,Ungraded,Normal wear,,,0,1,2025-10-08,,,,
8704832,Ivan Miroshnichenko #443,Hockey Cards 2024 Upper Deck,160,Ungraded,Normal wear,,,0,1,2025-10-02,,,,
9551031,Evan Bouchard  / Adam Fox #699,Hockey Cards 2024 Upper Deck,5,Ungraded,Normal wear,,,0,1,2025-10-02,,,,
9944024,Kyrie Irving #184,Basketball Cards 2024 Panini Mosaic,177,Ungraded,Normal wear,,,0,1,2025-10-02,,,,
637615,Barry Sanders #33,Football Cards 1991 Pro Set Platinum,137,Ungraded,Normal wear,,,0,1,2026-03-08,,,,
1931032,Jim Abbott #1T,Baseball Cards 1988 Topps Traded Tiffany,2134,Ungraded,Normal wear,,,0,1,2025-12-25,,,,
8540188,Amen Thompson #118,Basketball Cards 2024 Panini Prizm,135,Ungraded,Normal wear,,,0,1,2025-08-31,,,,
9262992,Rob Dillingham #105,Basketball Cards 2024 Panini Revolution,125,Ungraded,Normal wear,,,0,1,2026-02-21,2026-02-21,,,
